chave_nfe,dEmi,tipo_mov,uf_dest,nome_dest,cProd,xProd,NCM,CFOP,qCom,valor_bruto,vICMS,vICMSST,vIPI,vPIS,vPIS_ST,vCOFINS,vCOFINS_ST,regra_reducao,monofasico,ibs_cbs_base,reducao_aliq,aliq_ibs_cbs,valor_ibs_cbs
51250633664228000135550020001561161656718915,2025-06-02 18:10:00.000000 UTC,Saída,MT,"MILLS LOCACAO, SERVICOS E LOGISTICA S.A.",600120,117819 - Plataforma - Z-6034 - Z6013-11925,84272090,5909,1.0,230226.83,,,,0.0,,0.0,,,,27.5,0.0,27.5,63312.38
51250633664228000135550020001561151362373255,2025-06-02 18:06:00.000000 UTC,Saída,MT,"MILLS LOCACAO, SERVICOS E LOGISTICA S.A.",600120,124662 - Plataforma - 450AJ SII - 0300185299,84272090,5909,1.0,130934.65,,,,0.0,,0.0,,,,27.5,0.0,27.5,36007.03
51250633664228000135550020001561141386164411,2025-06-02 17:58:00.000000 UTC,Saída,MT,"MILLS LOCACAO, SERVICOS E LOGISTICA S.A.",600120,132399 - Plataforma - Compact 14 - 2125731,84272090,5909,1.0,49125.0,,,,0.0,,0.0,,,,27.5,0.0,27.5,13509.38
51251033664228000135550020001621141759180227,2025-10-30 20:39:00.000000 UTC,Saída,SP,CENTRAL M.C. PECAS CAMINHOES LTDA,377156,2C45E23200AA LD S PLAS P,87082999,6413,10.0,1200.0,84.0,144.6,,0.0,,0.0,,,,27.5,0.0,27.5,330.0
51251133664228000135550020001633691096510507,2025-11-25 17:37:00.000000 UTC,Saída,SP,TECNOSET INFORMATICA PRODUTOS E SERVICOS LTDA,769666,40C9507-MULTIFUNCIONAL LEXMARK CX725DH,84433240,6909,1.0,1700.0,,,,0.0,,0.0,,,,27.5,0.0,27.5,467.5
51250433664228000135550020001543041132057549,2025-04-16 17:25:00.000000 UTC,Saída,GO,BIO SCIE INDUSTRIA E COMERCIO LTDA,680035,"50-134-5248 - TUBULACAO 0,0625 X 0,125 PHARMED 063268 THERMO SCIENTIFIC",90279099,6556,2.0,159.42,6.38,,5.19,0.0,,0.0,,,,27.5,0.0,27.5,43.84
51250633664228000135550020001569451953895787,2025-06-24 17:55:00.000000 UTC,Saída,MT,AMAZON MAQUINAS E SERVICOS LTDA,376668,ABRACADEIRA 5P0597 - CAT 120H,73269090,5949,1.0,8.41,1.43,,,0.0,,0.0,,,,27.5,0.0,27.5,2.31
51250633664228000135550020001569451953895787,2025-06-24 17:55:00.000000 UTC,Saída,MT,AMAZON MAQUINAS E SERVICOS LTDA,493788,ABRACADEIRA ESCAPE CAT 120H - 9Y8315 DIAM 90 A 95MM,87089200,5949,1.0,62.319999999999993,10.59,,,0.0,,0.0,,,,27.5,0.0,27.5,17.14
51250333664228000135550020001537651565601716,2025-03-28 20:38:00.000000 UTC,Saída,GO,ELISANGELA FORNEL MARINGOLO LTDA,456780,ABRACADEIRA FIXA ASSERT-ABF001,73079900,6555,128.0,7424.0,0.0,0.0,,0.0,,0.0,,,,27.5,0.0,27.5,2041.6
51250333664228000135550020001537681157237703,2025-03-28 20:44:00.000000 UTC,Saída,GO,ELISANGELA FORNEL MARINGOLO LTDA,456780,ABRACADEIRA FIXA ASSERT-ABF001 48.3MMX48.3MM,73079900,6555,1.0,62.0,0.0,0.0,,0.0,,0.0,,,,27.5,0.0,27.5,17.05
51250333664228000135550020001537651565601716,2025-03-28 20:38:00.000000 UTC,Saída,GO,ELISANGELA FORNEL MARINGOLO LTDA,456779,ABRACADEIRA GIRATORIA ASSERT-ABG001,73079900,6555,24.0,1392.0,0.0,0.0,,0.0,,0.0,,,,27.5,0.0,27.5,382.8
51250333664228000135550020001537681157237703,2025-03-28 20:44:00.000000 UTC,Saída,GO,ELISANGELA FORNEL MARINGOLO LTDA,456779,ABRACADEIRA GIRATORIA ASSERT-ABG001,73079900,6555,53.0,3286.0,0.0,0.0,,0.0,,0.0,,,,27.5,0.0,27.5,903.65
51250333664228000135550020001537701355953381,2025-03-28 20:46:00.000000 UTC,Saída,GO,ELISANGELA FORNEL MARINGOLO LTDA,456779,ABRACADEIRA GIRATORIA ASSERT-ABG001,73079900,6555,150.0,5250.0,0.0,0.0,,0.0,,0.0,,,,27.5,0.0,27.5,1443.75
51250633664228000135550020001569451953895787,2025-06-24 17:55:00.000000 UTC,Saída,MT,AMAZON MAQUINAS E SERVICOS LTDA,51123,ABRACADEIRA TERMINAL DIRECAO CAT 120H - 1321144,87089990,5949,2.0,26.470000000000002,4.5,,,0.0,,0.0,,,,27.5,0.0,27.5,7.28
51251133664228000135550020001624841803143039,2025-11-06 19:47:00.000000 UTC,Saída,MT,TODIMO MATERIAIS PARA CONSTRUCAO SA,342646,ACAB.DOCOL VALV SALVAGUA BOX CHROME 00566806,39269090,5556,3.0,321.27000000000004,,,,5.3,,24.42,,,,27.5,0.0,27.5,88.35
51250633664228000135550020001561701131211367,2025-06-03 18:50:00.000000 UTC,Saída,AP,VIDA VERDE LTDA,760079,ACAI EM CAROCO,08119000,6120,58000.0,179800.0,,,,0.0,,0.0,,Anexo XV,false,27.5,1.0,0.0,0.0
51250533664228000135550020001553271292061660,2025-05-15 13:33:00.000000 UTC,Saída,AP,VIDA VERDE LTDA,760079,ACAI EM CAROCO,08119000,6120,58000.0,179800.0,,,,0.0,,0.0,,Anexo XV,false,27.5,1.0,0.0,0.0
51250333664228000135550020001531611169905176,2025-03-11 19:39:00.000000 UTC,Saída,AP,VIDA VERDE LTDA,760079,ACAI EM CAROCO,08119000,6120,58000.0,179800.0,,,,0.0,,0.0,,Anexo XV,false,27.5,1.0,0.0,0.0
51250133664228000135550020001515591862653384,2025-01-24 15:02:00.000000 UTC,Saída,AP,VIDA VERDE LTDA,760079,ACAI EM CAROCO,08119000,6120,50000.0,155000.0,,,,0.0,,0.0,,Anexo XV,false,27.5,1.0,0.0,0.0
51250333664228000135550020001531331365633308,2025-03-11 11:37:00.000000 UTC,Saída,MT,RENE JUNQUEIRA BARBOUR E OUTROS,676561,ACARICIDA E INSETICIDA CLORPIRIFOS EC 20 LT NORTOX lote 0082320290,38089199,5906,480.0,19344.0,,,,0.0,,0.0,,Anexo IX,false,27.5,0.6,11.0,2127.84
51251033664228000135550020001617571169825217,2025-10-22 14:32:00.000000 UTC,Saída,MT,RENE JUNQUEIRA BARBOUR E OUTROS,745900,ACARICIDA INSETICIDA POLO 500 SC lote 0094-23-20580,38089119,5906,200.0,17000.0,,,,0.0,,0.0,,Anexo IX,false,27.5,0.6,11.0,1870.0
51251233664228000135550020001644101144306877,2025-12-17 22:11:00.000000 UTC,Saída,MT,RENE JUNQUEIRA BARBOUR E OUTROS,745900,ACARICIDA INSETICIDA POLO 500 SC lote 0094-23-20580,38089119,5906,100.0,8500.0,,,,0.0,,0.0,,Anexo IX,false,27.5,0.6,11.0,935.0
51251133664228000135550020001625321447456549,2025-11-07 18:36:00.000000 UTC,Saída,MT,RENE JUNQUEIRA BARBOUR E OUTROS,745900,ACARICIDA INSETICIDA POLO 500 SC lote 0094-23-20580,38089119,5906,60.0,5100.0,,,,0.0,,0.0,,Anexo IX,false,27.5,0.6,11.0,561.0
51250433664228000135550020001541331668197049,2025-04-10 17:07:00.000000 UTC,Saída,MT,USINA BARRALCOOL SA,345570,ACIDO GRAXO,38231300,5927,305676.0,30.57,,,,0.0,,0.0,,,,27.5,0.0,27.5,8.41
51251233664228000135550020001637231746852306,2025-12-03 13:15:00.000000 UTC,Saída,SP,NG METALURGICA S.A.,423830,ACOPLAMENTO HIDRAULICO TURBO BOMBA 655 CC (MANUT GERAL),82079000,6915,1.0,1500.0,,,,0.0,,0.0,,,,27.5,0.0,27.5,412.5
51251233664228000135550020001639531785963733,2025-12-08 20:20:00.000000 UTC,Saída,SP,NG METALURGICA S.A.,171116,ACOPLAMENTO LAMIFLEX POWERFLEX - PWE 1000 BE140MM TSKS 0740 / FLEX BOX,84836090,6915,1.0,15000.0,,,,0.0,,0.0,,,,27.5,0.0,27.5,4125.0
51251233664228000135550020001642371483725379,2025-12-15 17:01:00.000000 UTC,Saída,SP,TG SOLUCOES - PORTAL DE PROJETOS LTDA,171116,ACOPLAMENTO LAMIFLEX POWERFLEX - PWE 1000 BE140MM TSKS 0740 / FLEX BOX,84836090,6915,1.0,15000.0,,,,0.0,,0.0,,,,27.5,0.0,27.5,4125.0
51250533664228000135550020001552491803952508,2025-05-13 17:28:00.000000 UTC,Saída,SP,ALTRA IND MOTION DO BRASIL EQUIP IND LTDA,171116,ACOPLAMENTO POWERFLEX - PWE 0100 BE140MM (REALIZAR VERIFICACAO E ADEQUACAO),84836090,6915,1.0,18000.0,,,,0.0,,0.0,,,,27.5,0.0,27.5,4950.0
51250533664228000135550020001552491803952508,2025-05-13 17:28:00.000000 UTC,Saída,SP,ALTRA IND MOTION DO BRASIL EQUIP IND LTDA,171116,ACOPLAMENTO POWERFLEX - PWE 1200 (FW 1200 -148) (REFORMA DE COMPONENTES E LAMINA E BALANCEAMENTO),84836090,6915,1.0,18000.0,,,,0.0,,0.0,,,,27.5,0.0,27.5,4950.0
51250533664228000135550020001553851677352200,2025-05-16 14:12:00.000000 UTC,Saída,AM,D D WILLIAMSON DO BRASIL LTDA,429594,ACUCAR CRISTAL,17019900,6910,2.0,5.56,0.67,,,0.0,,0.0,,Anexo I,false,27.5,1.0,0.0,0.0
51250633664228000135550020001564301517757879,2025-06-10 12:50:00.000000 UTC,Saída,AM,D D WILLIAMSON DO BRASIL LTDA,429594,ACUCAR CRISTAL,17019900,6910,4.0,10.6,1.27,,,0.0,,0.0,,Anexo I,false,27.5,1.0,0.0,0.0
51251133664228000135550020001634731696351564,2025-11-27 13:12:00.000000 UTC,Saída,SP,CENTRO DE QUALIDADE ANALITICA LTDA.,429594,ACUCAR CRISTAL,17019900,6949,2.75,2.75,0.0,0.0,,0.0,,0.0,,Anexo I,false,27.5,1.0,0.0,0.0
51250333664228000135550020001530281550255661,2025-03-06 20:17:00.000000 UTC,Saída,MT,AFRANIO ANTONIO DELGADO,451654,ACUCAR CRISTAL 10X2 20KG,17011400,5101,7.0,280.0,33.6,,,0.0,,0.0,,Anexo I,false,27.5,1.0,0.0,0.0
51250333664228000135550020001530611314707354,2025-03-07 17:31:00.000000 UTC,Saída,MT,USINA BARRALCOOL SA,451654,ACUCAR CRISTAL 10X2 20KG,17011400,5949,1.0,40.0,4.8,,,0.0,,0.0,,Anexo I,false,27.5,1.0,0.0,0.0
51250333664228000135550020001530361513715842,2025-03-07 11:41:00.000000 UTC,Saída,MT,COMERCIAL CARAPA DE SECOS E MOLHADOS LTDA,451654,ACUCAR CRISTAL 10X2 20KG,17011400,1410,2475.0,135017.44,16202.09,4003.31,,0.0,,0.0,,Anexo I,false,27.5,1.0,0.0,0.0
51250133664228000135550020001513101971514138,2025-01-16 17:50:00.000000 UTC,Saída,MT,CLAUDINEI ZANARDI ME,451654,ACUCAR CRISTAL 10X2 20KG,17011400,5401,200.0,12272.13,1472.66,363.87,,0.0,,0.0,,Anexo I,false,27.5,1.0,0.0,0.0
51250333664228000135550020001531641690460235,2025-03-11 20:14:00.000000 UTC,Saída,MT,EUDA DIAS DE OLIVEIRA,451654,ACUCAR CRISTAL 10X2 20KG,17011400,5101,3.0,120.0,14.4,,,0.0,,0.0,,Anexo I,false,27.5,1.0,0.0,0.0
51250333664228000135550020001532011499556245,2025-03-12 20:07:00.000000 UTC,Saída,MT,USINA BARRALCOOL SA,451654,ACUCAR CRISTAL 10X2 20KG,17011400,5949,12.0,480.0,57.6,,,0.0,,0.0,,Anexo I,false,27.5,1.0,0.0,0.0
51251033664228000135550020001616061968085201,2025-10-17 20:20:00.000000 UTC,Saída,MT,USINA BARRALCOOL SA,451654,ACUCAR CRISTAL 10X2 20KG,17011400,5949,3.0,120.0,14.4,,,0.0,,0.0,,Anexo I,false,27.5,1.0,0.0,0.0
51250433664228000135550020001539041473765347,2025-04-03 17:22:00.000000 UTC,Saída,MT,USINA BARRALCOOL SA,451654,ACUCAR CRISTAL 10X2 20KG,17011400,5949,10.0,400.0,48.0,,,0.0,,0.0,,Anexo I,false,27.5,1.0,0.0,0.0
51250433664228000135550020001540841938872120,2025-04-09 15:20:00.000000 UTC,Saída,MT,USINA BARRALCOOL SA,451654,ACUCAR CRISTAL 10X2 20KG,17011400,5949,1.0,40.0,4.8,,,0.0,,0.0,,Anexo I,false,27.5,1.0,0.0,0.0
51250133664228000135550020001510121020338148,2025-01-08 12:28:00.000000 UTC,Saída,MT,RODRIGO ALVES 02346815195,451654,ACUCAR CRISTAL 10X2 20KG,17011400,5401,5.0,307.77,36.93,9.12,,0.0,,0.0,,Anexo I,false,27.5,1.0,0.0,0.0
51250133664228000135550020001515991963752898,2025-01-24 21:40:00.000000 UTC,Saída,MT,USINA BARRALCOOL SA,451654,ACUCAR CRISTAL 10X2 20KG,17011400,5949,10.0,400.0,48.0,,,0.0,,0.0,,Anexo I,false,27.5,1.0,0.0,0.0
51250633664228000135550020001566781371628136,2025-06-17 13:19:00.000000 UTC,Saída,MT,USINA BARRALCOOL SA,451654,ACUCAR CRISTAL 10X2 20KG,17011400,5949,8.0,320.0,38.4,,,0.0,,0.0,,Anexo I,false,27.5,1.0,0.0,0.0
51250633664228000135550020001570231760608741,2025-06-25 21:09:00.000000 UTC,Saída,MT,CIDIMAR LUIZ SANSAO,451654,ACUCAR CRISTAL 10X2 20KG,17011400,5101,12.0,480.0,57.6,,,0.0,,0.0,,Anexo I,false,27.5,1.0,0.0,0.0
51251033664228000135550020001618211638205987,2025-10-23 18:21:00.000000 UTC,Saída,MT,USINA BARRALCOOL SA,451654,ACUCAR CRISTAL 10X2 20KG,17011400,5949,1.0,40.0,4.8,,,0.0,,0.0,,Anexo I,false,27.5,1.0,0.0,0.0
51250233664228000135550020001523601840967538,2025-02-14 21:01:00.000000 UTC,Saída,MT,GUSTAVO ABI RACHED CRUZ,451654,ACUCAR CRISTAL 10X2 20KG,17011400,5101,2.0,80.0,9.6,,,0.0,,0.0,,Anexo I,false,27.5,1.0,0.0,0.0
51250233664228000135550020001527371926980420,2025-02-25 20:30:00.000000 UTC,Saída,MT,USINA BARRALCOOL SA,451654,ACUCAR CRISTAL 10X2 20KG,17011400,5949,10.0,400.0,48.0,,,0.0,,0.0,,Anexo I,false,27.5,1.0,0.0,0.0
51250533664228000135550020001549141518989227,2025-05-05 20:43:00.000000 UTC,Saída,MT,AGOSTINHO SANSAO,451654,ACUCAR CRISTAL 10X2 20KG,17011400,5101,29.0,1160.0,139.2,,,0.0,,0.0,,Anexo I,false,27.5,1.0,0.0,0.0
51250233664228000135550020001522441439347665,2025-02-12 17:44:00.000000 UTC,Saída,MT,IDAURO BATISTA MOREIRA - ME,451654,ACUCAR CRISTAL 10X2 20KG,17011400,5401,30.0,1790.12,214.81,53.08,,0.0,,0.0,,Anexo I,false,27.5,1.0,0.0,0.0
51250633664228000135550020001561841863011574,2025-06-03 21:30:00.000000 UTC,Saída,MT,MARIANA SILVA CARAN GOMES,451654,ACUCAR CRISTAL 10X2 20KG,17011400,5101,1.0,40.0,4.8,,,0.0,,0.0,,Anexo I,false,27.5,1.0,0.0,0.0
51251033664228000135550020001612251682077910,2025-10-08 11:49:00.000000 UTC,Saída,MT,SOS CRIANCA,451654,ACUCAR CRISTAL 10X2 20KG,17011400,5401,4.0,194.05,23.29,5.75,,0.0,,0.0,,Anexo I,false,27.5,1.0,0.0,0.0
51250233664228000135550020001523621418444924,2025-02-14 21:29:00.000000 UTC,Saída,MT,USINA BARRALCOOL SA,451654,ACUCAR CRISTAL 10X2 20KG,17011400,5949,12.0,480.0,57.6,,,0.0,,0.0,,Anexo I,false,27.5,1.0,0.0,0.0
51250233664228000135550020001519091680168000,2025-02-04 14:17:00.000000 UTC,Saída,MT,RODRIGO ALVES 02346815195,451654,ACUCAR CRISTAL 10X2 20KG,17011400,5401,6.0,358.32,43.0,10.62,,0.0,,0.0,,Anexo I,false,27.5,1.0,0.0,0.0
51250533664228000135550020001548251812519133,2025-05-02 22:20:00.000000 UTC,Saída,MT,MARTA BOIAGO SANSAO,451654,ACUCAR CRISTAL 10X2 20KG,17011400,5101,1.0,40.0,4.8,,,0.0,,0.0,,Anexo I,false,27.5,1.0,0.0,0.0
51250633664228000135550020001568991495906627,2025-06-23 18:25:00.000000 UTC,Saída,MT,EDINALVA MARIA DA SILVA 80446728187,451654,ACUCAR CRISTAL 10X2 20KG,17011400,5401,40.0,2114.5,253.74,62.7,,0.0,,0.0,,Anexo I,false,27.5,1.0,0.0,0.0
51250133664228000135550020001514901099681373,2025-01-23 11:51:00.000000 UTC,Saída,MT,USINA BARRALCOOL SA,451654,ACUCAR CRISTAL 10X2 20KG,17011400,5949,3.0,120.0,14.4,,,0.0,,0.0,,Anexo I,false,27.5,1.0,0.0,0.0
51250633664228000135550020001567391765821498,2025-06-18 12:21:00.000000 UTC,Saída,MT,JORGE ASSAD CARAN NETO,451654,ACUCAR CRISTAL 10X2 20KG,17011400,5101,4.0,160.0,19.2,,,0.0,,0.0,,Anexo I,false,27.5,1.0,0.0,0.0
51250333664228000135550020001532001894596141,2025-03-12 20:05:00.000000 UTC,Saída,MT,USINA BARRALCOOL SA,451654,ACUCAR CRISTAL 10X2 20KG,17011400,5949,10.0,400.0,48.0,,,0.0,,0.0,,Anexo I,false,27.5,1.0,0.0,0.0
51250633664228000135550020001567381954755886,2025-06-18 12:19:00.000000 UTC,Saída,MT,USINA BARRALCOOL SA,451654,ACUCAR CRISTAL 10X2 20KG,17011400,5949,1.0,40.0,4.8,,,0.0,,0.0,,Anexo I,false,27.5,1.0,0.0,0.0
51250433664228000135550020001543461735651051,2025-04-17 14:23:00.000000 UTC,Saída,MT,EDINALVA MARIA DA SILVA 80446728187,451654,ACUCAR CRISTAL 10X2 20KG,17011400,5401,40.0,2348.76,281.85,69.64,,0.0,,0.0,,Anexo I,false,27.5,1.0,0.0,0.0
51251133664228000135550020001631321092190159,2025-11-19 18:31:00.000000 UTC,Saída,MT,PEREIRA CARRASCO & CARRASCO LTDA ME,451654,ACUCAR CRISTAL 10X2 20KG,17011400,5401,15.0,702.18,84.26,20.82,,0.0,,0.0,,Anexo I,false,27.5,1.0,0.0,0.0
51250433664228000135550020001540981579078230,2025-04-09 19:24:00.000000 UTC,Saída,MT,USINA BARRALCOOL SA,451654,ACUCAR CRISTAL 10X2 20KG,17011400,5949,2.0,80.0,9.6,,,0.0,,0.0,,Anexo I,false,27.5,1.0,0.0,0.0
51250633664228000135550020001565451335101127,2025-06-12 17:39:00.000000 UTC,Saída,MT,USINA BARRALCOOL SA,451654,ACUCAR CRISTAL 10X2 20KG,17011400,5949,1.0,40.0,4.8,,,0.0,,0.0,,Anexo I,false,27.5,1.0,0.0,0.0
51250433664228000135550020001545641665456165,2025-04-25 18:40:00.000000 UTC,Saída,MT,AGOSTINHO SANSAO,451654,ACUCAR CRISTAL 10X2 20KG,17011400,5101,20.0,800.0,96.0,,,0.0,,0.0,,Anexo I,false,27.5,1.0,0.0,0.0
51251133664228000135550020001626741799272377,2025-11-11 19:58:00.000000 UTC,Saída,MT,USINA BARRALCOOL SA,451654,ACUCAR CRISTAL 10X2 20KG,17011400,5949,1.0,40.0,4.8,,,0.0,,0.0,,Anexo I,false,27.5,1.0,0.0,0.0
51251033664228000135550020001614631100358149,2025-10-14 17:20:00.000000 UTC,Saída,MT,USINA BARRALCOOL SA,451654,ACUCAR CRISTAL 10X2 20KG,17011400,5949,3.0,120.0,14.4,,,0.0,,0.0,,Anexo I,false,27.5,1.0,0.0,0.0
51251033664228000135550020001610781282500605,2025-10-02 18:34:00.000000 UTC,Saída,MT,RODRIGO ALVES 02346815195,451654,ACUCAR CRISTAL 10X2 20KG,17011400,5401,8.0,395.71,47.49,11.73,,0.0,,0.0,,Anexo I,false,27.5,1.0,0.0,0.0
51251233664228000135550020001642851528848609,2025-12-15 22:11:00.000000 UTC,Saída,MT,USINA BARRALCOOL SA,451654,ACUCAR CRISTAL 10X2 20KG,17011400,5949,1.0,40.0,4.8,,,0.0,,0.0,,Anexo I,false,27.5,1.0,0.0,0.0
51251033664228000135550020001616031193649370,2025-10-17 20:11:00.000000 UTC,Saída,MT,USINA BARRALCOOL SA,451654,ACUCAR CRISTAL 10X2 20KG,17011400,5949,10.0,400.0,48.0,,,0.0,,0.0,,Anexo I,false,27.5,1.0,0.0,0.0
51251133664228000135550020001626731213088282,2025-11-11 19:56:00.000000 UTC,Saída,MT,USINA BARRALCOOL SA,451654,ACUCAR CRISTAL 10X2 20KG,17011400,5949,12.0,480.0,57.6,,,0.0,,0.0,,Anexo I,false,27.5,1.0,0.0,0.0
51250633664228000135550020001563691807208958,2025-06-09 13:01:00.000000 UTC,Saída,MT,USINA BARRALCOOL SA,451654,ACUCAR CRISTAL 10X2 20KG,17011400,5949,12.0,480.0,57.6,,,0.0,,0.0,,Anexo I,false,27.5,1.0,0.0,0.0
51250133664228000135550020001514321042665162,2025-01-21 15:07:00.000000 UTC,Saída,MT,SIDINEY CLARINDO DE OLIVEIRA 69827125168,451654,ACUCAR CRISTAL 10X2 20KG,17011400,5401,40.0,2386.83,286.42,70.77,,0.0,,0.0,,Anexo I,false,27.5,1.0,0.0,0.0
51250633664228000135550020001566761247429416,2025-06-17 13:03:00.000000 UTC,Saída,MT,SADI PEDRO CERVO JUNIOR,451654,ACUCAR CRISTAL 10X2 20KG,17011400,5101,1.0,40.0,4.8,,,0.0,,0.0,,Anexo I,false,27.5,1.0,0.0,0.0
51250433664228000135550020001541341969715593,2025-04-10 17:14:00.000000 UTC,Saída,MT,USINA BARRALCOOL SA,451654,ACUCAR CRISTAL 10X2 20KG,17011400,5927,29.0,1130.28,,,,0.0,,0.0,,Anexo I,false,27.5,1.0,0.0,0.0
51250533664228000135550020001548271153478646,2025-05-02 22:28:00.000000 UTC,Saída,MT,USINA BARRALCOOL SA,451654,ACUCAR CRISTAL 10X2 20KG,17011400,5949,10.0,400.0,48.0,,,0.0,,0.0,,Anexo I,false,27.5,1.0,0.0,0.0
51250433664228000135550020001545121348489407,2025-04-24 18:36:00.000000 UTC,Saída,MT,USINA BARRALCOOL SA,451654,ACUCAR CRISTAL 10X2 20KG,17011400,5949,1.0,40.0,4.8,,,0.0,,0.0,,Anexo I,false,27.5,1.0,0.0,0.0
51251233664228000135550020001642871997509623,2025-12-15 22:15:00.000000 UTC,Saída,MT,USINA BARRALCOOL SA,451654,ACUCAR CRISTAL 10X2 20KG,17011400,5949,1.0,40.0,4.8,,,0.0,,0.0,,Anexo I,false,27.5,1.0,0.0,0.0
51250133664228000135550020001509671837939872,2025-01-06 19:28:00.000000 UTC,Saída,MT,USINA BARRALCOOL SA,451654,ACUCAR CRISTAL 10X2 20KG,17011400,5949,10.0,400.0,48.0,,,0.0,,0.0,,Anexo I,false,27.5,1.0,0.0,0.0
51250633664228000135550020001566771581508059,2025-06-17 13:15:00.000000 UTC,Saída,MT,MARTA BOIAGO SANSAO,451654,ACUCAR CRISTAL 10X2 20KG,17011400,5101,2.0,80.0,9.6,,,0.0,,0.0,,Anexo I,false,27.5,1.0,0.0,0.0
51251033664228000135550020001618201322611635,2025-10-23 18:14:00.000000 UTC,Saída,MT,USINA BARRALCOOL SA,451654,ACUCAR CRISTAL 10X2 20KG,17011400,5949,1.0,40.0,4.8,,,0.0,,0.0,,Anexo I,false,27.5,1.0,0.0,0.0
51251233664228000135550020001644041236529921,2025-12-17 20:22:00.000000 UTC,Saída,MT,USINA BARRALCOOL SA,451654,ACUCAR CRISTAL 10X2 20KG,17011400,5949,10.0,400.0,48.0,,,0.0,,0.0,,Anexo I,false,27.5,1.0,0.0,0.0
51250633664228000135550020001563681865441220,2025-06-09 12:47:00.000000 UTC,Saída,MT,USINA BARRALCOOL SA,451654,ACUCAR CRISTAL 10X2 20KG,17011400,5949,7.0,280.0,33.6,,,0.0,,0.0,,Anexo I,false,27.5,1.0,0.0,0.0
51250633664228000135550020001570641715438428,2025-06-26 20:45:00.000000 UTC,Saída,MT,USINA BARRALCOOL SA,451654,ACUCAR CRISTAL 10X2 20KG,17011400,5949,10.0,400.0,48.0,,,0.0,,0.0,,Anexo I,false,27.5,1.0,0.0,0.0
51250333664228000135550020001531521022232239,2025-03-11 17:40:00.000000 UTC,Saída,MT,SOS CRIANCA,451654,ACUCAR CRISTAL 10X2 20KG,17011400,5401,4.0,222.76,26.73,6.6,,0.0,,0.0,,Anexo I,false,27.5,1.0,0.0,0.0
51251133664228000135550020001629971722370499,2025-11-18 13:15:00.000000 UTC,Saída,MT,USINA BARRALCOOL SA,451654,ACUCAR CRISTAL 10X2 20KG,17011400,5949,10.0,400.0,48.0,,,0.0,,0.0,,Anexo I,false,27.5,1.0,0.0,0.0
51251233664228000135550020001639641159607138,2025-12-08 21:25:00.000000 UTC,Saída,MT,USINA BARRALCOOL SA,451654,ACUCAR CRISTAL 10X2 20KG,17011400,5949,1.0,40.0,4.8,,,0.0,,0.0,,Anexo I,false,27.5,1.0,0.0,0.0
51250933664228000135550020001607931396752514,2025-09-25 21:44:00.000000 UTC,Saída,MT,USINA BARRALCOOL SA,451654,ACUCAR CRISTAL 10X2 20KG,17011400,5949,1.0,40.0,4.8,,,0.0,,0.0,,Anexo I,false,27.5,1.0,0.0,0.0
51250533664228000135550020001552201524646240,2025-05-12 22:20:00.000000 UTC,Saída,MT,USINA BARRALCOOL SA,451654,ACUCAR CRISTAL 10X2 20KG,17011400,5949,12.0,480.0,57.6,,,0.0,,0.0,,Anexo I,false,27.5,1.0,0.0,0.0
51250533664228000135550020001550531447050962,2025-05-08 17:00:00.000000 UTC,Saída,MT,LUCINEIDE SOUZA ALMEIDA 62100602187,451654,ACUCAR CRISTAL 10X2 20KG,17011400,5401,20.0,1132.81,135.94,33.59,,0.0,,0.0,,Anexo I,false,27.5,1.0,0.0,0.0
51250233664228000135550020001522421687877899,2025-02-12 17:24:00.000000 UTC,Saída,MT,PEREIRA CARRASCO & CARRASCO LTDA ME,451654,ACUCAR CRISTAL 10X2 20KG,17011400,5401,15.0,880.78,105.69,26.12,,0.0,,0.0,,Anexo I,false,27.5,1.0,0.0,0.0
51251233664228000135550020001637681604307237,2025-12-04 11:33:00.000000 UTC,Saída,MT,USINA BARRALCOOL SA,451654,ACUCAR CRISTAL 10X2 20KG,17011400,5949,5.0,200.0,24.0,,,0.0,,0.0,,Anexo I,false,27.5,1.0,0.0,0.0
51250233664228000135550020001524041102085691,2025-02-17 21:12:00.000000 UTC,Saída,MT,USINA BARRALCOOL SA,451654,ACUCAR CRISTAL 10X2 20KG,17011400,5949,3.0,120.0,14.4,,,0.0,,0.0,,Anexo I,false,27.5,1.0,0.0,0.0
51250433664228000135550020001539571232687279,2025-04-04 15:36:00.000000 UTC,Saída,MT,USINA BARRALCOOL SA,451654,ACUCAR CRISTAL 10X2 20KG,17011400,5949,1.0,40.0,4.8,,,0.0,,0.0,,Anexo I,false,27.5,1.0,0.0,0.0
51250333664228000135550020001537691425960070,2025-03-28 20:45:00.000000 UTC,Saída,MT,JOSE SANSAO,451654,ACUCAR CRISTAL 10X2 20KG,17011400,5101,3.0,120.0,14.4,,,0.0,,0.0,,Anexo I,false,27.5,1.0,0.0,0.0
51251233664228000135550020001637631617600608,2025-12-03 20:49:00.000000 UTC,Saída,MT,USINA BARRALCOOL SA,451654,ACUCAR CRISTAL 10X2 20KG,17011400,5949,10.0,400.0,48.0,,,0.0,,0.0,,Anexo I,false,27.5,1.0,0.0,0.0
51251033664228000135550020001611241179740156,2025-10-03 21:21:00.000000 UTC,Saída,MT,USINA BARRALCOOL SA,451654,ACUCAR CRISTAL 10X2 20KG,17011400,5949,2.0,80.0,9.6,,,0.0,,0.0,,Anexo I,false,27.5,1.0,0.0,0.0
51250633664228000135550020001571591302106322,2025-06-30 18:31:00.000000 UTC,Saída,MT,USINA BARRALCOOL SA,451654,ACUCAR CRISTAL 10X2 20KG,17011400,5949,3.0,120.0,14.4,,,0.0,,0.0,,Anexo I,false,27.5,1.0,0.0,0.0
51251133664228000135550020001626711185903512,2025-11-11 19:49:00.000000 UTC,Saída,MT,USINA BARRALCOOL SA,451654,ACUCAR CRISTAL 10X2 20KG,17011400,5949,1.0,40.0,4.8,,,0.0,,0.0,,Anexo I,false,27.5,1.0,0.0,0.0
51251033664228000135550020001622161660329075,2025-10-31 21:56:00.000000 UTC,Saída,MT,USINA BARRALCOOL SA,451654,ACUCAR CRISTAL 10X2 20KG,17011400,5949,10.0,400.0,48.0,,,0.0,,0.0,,Anexo I,false,27.5,1.0,0.0,0.0
51250333664228000135550020001532771636447734,2025-03-14 18:58:00.000000 UTC,Saída,MT,USINA BARRALCOOL SA,451654,ACUCAR CRISTAL 10X2 20KG,17011400,5949,7.0,280.0,33.6,,,0.0,,0.0,,Anexo I,false,27.5,1.0,0.0,0.0
51250633664228000135550020001563611732889823,2025-06-09 11:56:00.000000 UTC,Saída,MT,USINA BARRALCOOL SA,451654,ACUCAR CRISTAL 10X2 20KG,17011400,5949,3.0,120.0,14.4,,,0.0,,0.0,,Anexo I,false,27.5,1.0,0.0,0.0
51250333664228000135550020001534091795194114,2025-03-19 19:14:00.000000 UTC,Saída,MT,USINA BARRALCOOL SA,451654,ACUCAR CRISTAL 10X2 20KG,17011400,5949,2.0,80.0,9.6,,,0.0,,0.0,,Anexo I,false,27.5,1.0,0.0,0.0
51250533664228000135550020001560041660310321,2025-05-29 20:42:00.000000 UTC,Saída,MT,ALTAIR NODARI,451654,ACUCAR CRISTAL 10X2 20KG,17011400,5101,7.0,280.0,33.6,,,0.0,,0.0,,Anexo I,false,27.5,1.0,0.0,0.0
51250233664228000135550020001522411116744318,2025-02-12 17:19:00.000000 UTC,Saída,MT,EDINALVA MARIA DA SILVA 80446728187,451654,ACUCAR CRISTAL 10X2 20KG,17011400,5401,35.0,2055.16,246.62,60.94,,0.0,,0.0,,Anexo I,false,27.5,1.0,0.0,0.0
51250633664228000135550020001561831439546647,2025-06-03 21:25:00.000000 UTC,Saída,MT,USINA BARRALCOOL SA,451654,ACUCAR CRISTAL 10X2 20KG,17011400,5949,1.0,40.0,4.8,,,0.0,,0.0,,Anexo I,false,27.5,1.0,0.0,0.0
51250333664228000135550020001533041727047410,2025-03-17 13:02:00.000000 UTC,Saída,MT,RENE JUNQUEIRA BARBOUR E OUTROS,451654,ACUCAR CRISTAL 10X2 20KG,17011400,5101,20.0,800.0,96.0,,,0.0,,0.0,,Anexo I,false,27.5,1.0,0.0,0.0
51250333664228000135550020001534061712067843,2025-03-19 18:43:00.000000 UTC,Saída,MT,RODRIGO ALVES 02346815195,451654,ACUCAR CRISTAL 10X2 20KG,17011400,5401,6.0,333.03,39.96,9.87,,0.0,,0.0,,Anexo I,false,27.5,1.0,0.0,0.0
51250533664228000135550020001558111632922141,2025-05-26 21:14:00.000000 UTC,Saída,MT,AFRANIO ANTONIO DELGADO,451654,ACUCAR CRISTAL 10X2 20KG,17011400,5101,7.0,280.0,33.6,,,0.0,,0.0,,Anexo I,false,27.5,1.0,0.0,0.0
51251233664228000135550020001641671155305504,2025-12-12 14:22:00.000000 UTC,Saída,MT,A J F PEREIRA & CIA LTDA,451654,ACUCAR CRISTAL 10X2 20KG,17011400,5401,15.0,696.21,83.55,20.64,,0.0,,0.0,,Anexo I,false,27.5,1.0,0.0,0.0
51250533664228000135550020001554901964367108,2025-05-19 17:30:00.000000 UTC,Saída,MT,USINA BARRALCOOL SA,451654,ACUCAR CRISTAL 10X2 20KG,17011400,5949,1.0,40.0,4.8,,,0.0,,0.0,,Anexo I,false,27.5,1.0,0.0,0.0
51251233664228000135550020001641371619944292,2025-12-11 20:18:00.000000 UTC,Saída,MT,RODRIGO ALVES 02346815195,451654,ACUCAR CRISTAL 10X2 20KG,17011400,5401,5.0,226.24,27.15,6.71,,0.0,,0.0,,Anexo I,false,27.5,1.0,0.0,0.0
51250133664228000135550020001508891745838249,2025-01-03 17:24:00.000000 UTC,Saída,MT,A J F PEREIRA & CIA LTDA,451654,ACUCAR CRISTAL 10X2 20KG,17011400,5401,15.0,940.37,112.84,27.88,,0.0,,0.0,,Anexo I,false,27.5,1.0,0.0,0.0
51250633664228000135550020001571351699058011,2025-06-30 14:51:00.000000 UTC,Saída,MT,RODRIGO ALVES 02346815195,451654,ACUCAR CRISTAL 10X2 20KG,17011400,5401,5.0,257.17,30.86,7.62,,0.0,,0.0,,Anexo I,false,27.5,1.0,0.0,0.0
51251033664228000135550020001612541154515781,2025-10-08 17:02:00.000000 UTC,Saída,MT,LUCINEIDE SOUZA ALMEIDA 62100602187,451654,ACUCAR CRISTAL 10X2 20KG,17011400,5401,15.0,756.96,90.84,22.44,,0.0,,0.0,,Anexo I,false,27.5,1.0,0.0,0.0
51250333664228000135550020001537541049225583,2025-03-28 19:24:00.000000 UTC,Saída,MT,A J F PEREIRA & CIA LTDA,451654,ACUCAR CRISTAL 10X2 20KG,17011400,5401,15.0,849.61,101.95,25.19,,0.0,,0.0,,Anexo I,false,27.5,1.0,0.0,0.0
51251133664228000135550020001629941080523842,2025-11-18 13:07:00.000000 UTC,Saída,MT,USINA BARRALCOOL SA,451654,ACUCAR CRISTAL 10X2 20KG,17011400,5949,1.0,40.0,4.8,,,0.0,,0.0,,Anexo I,false,27.5,1.0,0.0,0.0
51250333664228000135550020001531991417589691,2025-03-12 20:03:00.000000 UTC,Saída,MT,USINA BARRALCOOL SA,451654,ACUCAR CRISTAL 10X2 20KG,17011400,5949,3.0,120.0,14.4,,,0.0,,0.0,,Anexo I,false,27.5,1.0,0.0,0.0
51250433664228000135550020001543301127657282,2025-04-17 12:36:00.000000 UTC,Saída,MT,USINA BARRALCOOL SA,451654,ACUCAR CRISTAL 10X2 20KG,17011400,5949,10.0,400.0,48.0,,,0.0,,0.0,,Anexo I,false,27.5,1.0,0.0,0.0
51250233664228000135550020001525361677534149,2025-02-20 17:12:00.000000 UTC,Saída,MT,ALTAIR NODARI,451654,ACUCAR CRISTAL 10X2 20KG,17011400,5101,6.0,240.0,28.8,,,0.0,,0.0,,Anexo I,false,27.5,1.0,0.0,0.0
51250133664228000135550020001516981674105220,2025-01-29 12:27:00.000000 UTC,Saída,MT,USINA BARRALCOOL SA,451654,ACUCAR CRISTAL 10X2 20KG,17011400,5949,1.0,40.0,4.8,,,0.0,,0.0,,Anexo I,false,27.5,1.0,0.0,0.0
51250233664228000135550020001526651703557284,2025-02-24 17:26:00.000000 UTC,Saída,MT,CLAUDINEI ZANARDI ME,451654,ACUCAR CRISTAL 10X2 20KG,17011400,5401,200.0,11365.02,1363.8,336.98,,0.0,,0.0,,Anexo I,false,27.5,1.0,0.0,0.0
51250533664228000135550020001555321852484252,2025-05-20 12:32:00.000000 UTC,Saída,MT,USINA BARRALCOOL SA,451654,ACUCAR CRISTAL 10X2 20KG,17011400,5949,10.0,400.0,48.0,,,0.0,,0.0,,Anexo I,false,27.5,1.0,0.0,0.0
51250933664228000135550020001607921379414137,2025-09-25 21:41:00.000000 UTC,Saída,MT,USINA BARRALCOOL SA,451654,ACUCAR CRISTAL 10X2 20KG,17011400,5949,1.0,40.0,4.8,,,0.0,,0.0,,Anexo I,false,27.5,1.0,0.0,0.0
51250433664228000135550020001540861910695104,2025-04-09 15:30:00.000000 UTC,Saída,MT,JOSE SANSAO,451654,ACUCAR CRISTAL 10X2 20KG,17011400,5101,3.0,120.0,14.4,,,0.0,,0.0,,Anexo I,false,27.5,1.0,0.0,0.0
51250133664228000135550020001518431327077205,2025-01-31 20:06:00.000000 UTC,Saída,MT,RENE JUNQUEIRA BARBOUR E OUTROS,451654,ACUCAR CRISTAL 10X2 20KG,17011400,5101,25.0,1000.0,120.0,,,0.0,,0.0,,Anexo I,false,27.5,1.0,0.0,0.0
51250933664228000135550020001609081043395339,2025-09-29 21:27:00.000000 UTC,Saída,MT,USINA BARRALCOOL SA,451654,ACUCAR CRISTAL 10X2 20KG,17011400,5949,10.0,400.0,48.0,,,0.0,,0.0,,Anexo I,false,27.5,1.0,0.0,0.0
51250133664228000135550020001516991685506105,2025-01-29 12:35:00.000000 UTC,Saída,MT,JOSE SANSAO,451654,ACUCAR CRISTAL 10X2 20KG,17011400,5101,3.0,120.0,14.4,,,0.0,,0.0,,Anexo I,false,27.5,1.0,0.0,0.0
51250633664228000135550020001563601154867700,2025-06-09 11:53:00.000000 UTC,Saída,MT,USINA BARRALCOOL SA,451654,ACUCAR CRISTAL 10X2 20KG,17011400,5949,10.0,400.0,48.0,,,0.0,,0.0,,Anexo I,false,27.5,1.0,0.0,0.0
51250133664228000135550020001514891123961589,2025-01-23 11:48:00.000000 UTC,Saída,MT,USINA BARRALCOOL SA,451654,ACUCAR CRISTAL 10X2 20KG,17011400,5949,12.0,480.0,57.6,,,0.0,,0.0,,Anexo I,false,27.5,1.0,0.0,0.0
51250133664228000135550020001512111646082870,2025-01-13 20:46:00.000000 UTC,Saída,MT,JORGE ASSAD CARAN NETO,451654,ACUCAR CRISTAL 10X2 20KG,17011400,5101,2.0,80.0,9.6,,,0.0,,0.0,,Anexo I,false,27.5,1.0,0.0,0.0
51250133664228000135550020001515291486190671,2025-01-23 20:42:00.000000 UTC,Saída,MT,ALTAIR NODARI,451654,ACUCAR CRISTAL 10X2 20KG,17011400,5101,8.0,320.0,38.4,,,0.0,,0.0,,Anexo I,false,27.5,1.0,0.0,0.0
51250233664228000135550020001523611293866988,2025-02-14 21:15:00.000000 UTC,Saída,MT,AGOSTINHO SANSAO,451654,ACUCAR CRISTAL 10X2 20KG,17011400,5101,10.0,400.0,48.0,,,0.0,,0.0,,Anexo I,false,27.5,1.0,0.0,0.0
51251233664228000135550020001637451853362180,2025-12-03 18:39:00.000000 UTC,Saída,MT,NEURI ZUFFO E CIA LTDA,451654,ACUCAR CRISTAL 10X2 20KG,17011400,1410,1900.0,84237.34,10108.48,2497.66,,0.0,,0.0,,Anexo I,false,27.5,1.0,0.0,0.0
51251033664228000135550020001614621378228916,2025-10-14 17:12:00.000000 UTC,Saída,MT,SADI PEDRO CERVO JUNIOR,451654,ACUCAR CRISTAL 10X2 20KG,17011400,5101,1.0,40.0,4.8,,,0.0,,0.0,,Anexo I,false,27.5,1.0,0.0,0.0
51250533664228000135550020001556981582392943,2025-05-22 20:40:00.000000 UTC,Saída,MT,USINA BARRALCOOL SA,451654,ACUCAR CRISTAL 10X2 20KG,17011400,5949,10.0,400.0,48.0,,,0.0,,0.0,,Anexo I,false,27.5,1.0,0.0,0.0
51250433664228000135550020001540381274770417,2025-04-08 15:23:00.000000 UTC,Saída,MT,SIDINEY CLARINDO DE OLIVEIRA 69827125168,451654,ACUCAR CRISTAL 10X2 20KG,17011400,5401,40.0,2265.62,271.87,67.18,,0.0,,0.0,,Anexo I,false,27.5,1.0,0.0,0.0
51250433664228000135550020001545631509737201,2025-04-25 18:29:00.000000 UTC,Saída,MT,CLAUDINEI ZANARDI ME,451654,ACUCAR CRISTAL 10X2 20KG,17011400,5401,50.0,2784.44,334.13,82.56,,0.0,,0.0,,Anexo I,false,27.5,1.0,0.0,0.0
51250333664228000135550020001536421535396146,2025-03-26 19:17:00.000000 UTC,Saída,MT,JORGE ASSAD CARAN NETO,451654,ACUCAR CRISTAL 10X2 20KG,17011400,5101,1.0,40.0,4.8,,,0.0,,0.0,,Anexo I,false,27.5,1.0,0.0,0.0
51250433664228000135550020001541791718002180,2025-04-11 19:00:00.000000 UTC,Saída,MT,RODRIGO ALVES 02346815195,451654,ACUCAR CRISTAL 10X2 20KG,17011400,5401,5.0,283.2,33.98,8.4,,0.0,,0.0,,Anexo I,false,27.5,1.0,0.0,0.0
51250233664228000135550020001524051465670861,2025-02-17 21:14:00.000000 UTC,Saída,MT,JOSE SANSAO,451654,ACUCAR CRISTAL 10X2 20KG,17011400,5101,2.0,80.0,9.6,,,0.0,,0.0,,Anexo I,false,27.5,1.0,0.0,0.0
51250233664228000135550020001522001425974056,2025-02-11 20:46:00.000000 UTC,Saída,MT,MARTA BOIAGO SANSAO,451654,ACUCAR CRISTAL 10X2 20KG,17011400,5101,1.0,40.0,4.8,,,0.0,,0.0,,Anexo I,false,27.5,1.0,0.0,0.0
51251233664228000135550020001642861563937350,2025-12-15 22:13:00.000000 UTC,Saída,MT,USINA BARRALCOOL SA,451654,ACUCAR CRISTAL 10X2 20KG,17011400,5949,12.0,480.0,57.6,,,0.0,,0.0,,Anexo I,false,27.5,1.0,0.0,0.0
51250133664228000135550020001514881625222475,2025-01-23 11:46:00.000000 UTC,Saída,MT,AGOSTINHO SANSAO,451654,ACUCAR CRISTAL 10X2 20KG,17011400,5101,6.0,240.0,28.8,,,0.0,,0.0,,Anexo I,false,27.5,1.0,0.0,0.0
51251233664228000135550020001644031832013215,2025-12-17 20:20:00.000000 UTC,Saída,MT,USINA BARRALCOOL SA,451654,ACUCAR CRISTAL 10X2 20KG,17011400,5949,3.0,120.0,14.4,,,0.0,,0.0,,Anexo I,false,27.5,1.0,0.0,0.0
51250433664228000135550020001543541314524241,2025-04-17 15:22:00.000000 UTC,Saída,MT,CLAUDINEI ZANARDI ME,451654,ACUCAR CRISTAL 10X2 20KG,17011400,5401,100.0,5568.88,668.27,165.12,,0.0,,0.0,,Anexo I,false,27.5,1.0,0.0,0.0
51250533664228000135550020001558201566153342,2025-05-27 13:32:00.000000 UTC,Saída,MT,RODRIGO ALVES 02346815195,451654,ACUCAR CRISTAL 10X2 20KG,17011400,5401,6.0,321.66,38.6,9.54,,0.0,,0.0,,Anexo I,false,27.5,1.0,0.0,0.0
51251033664228000135550020001610791664715128,2025-10-02 18:38:00.000000 UTC,Saída,MT,SIDINEY CLARINDO DE OLIVEIRA 69827125168,451654,ACUCAR CRISTAL 10X2 20KG,17011400,5401,40.0,1953.67,234.44,57.93,,0.0,,0.0,,Anexo I,false,27.5,1.0,0.0,0.0
51250533664228000135550020001550651248277356,2025-05-08 19:30:00.000000 UTC,Saída,MT,USINA BARRALCOOL SA,451654,ACUCAR CRISTAL 10X2 20KG,17011400,5949,3.0,120.0,14.4,,,0.0,,0.0,,Anexo I,false,27.5,1.0,0.0,0.0
51250233664228000135550020001525231533360056,2025-02-19 21:20:00.000000 UTC,Saída,MT,MARTA BOIAGO SANSAO,451654,ACUCAR CRISTAL 10X2 20KG,17011400,5101,5.0,200.0,24.0,,,0.0,,0.0,,Anexo I,false,27.5,1.0,0.0,0.0
51251133664228000135550020001634101702268228,2025-11-26 13:16:00.000000 UTC,Saída,MT,SOS CRIANCA,451654,ACUCAR CRISTAL 10X2 20KG,17011400,5401,3.0,140.44,16.85,4.16,,0.0,,0.0,,Anexo I,false,27.5,1.0,0.0,0.0
51250433664228000135550020001540991506761840,2025-04-09 19:31:00.000000 UTC,Saída,MT,USINA BARRALCOOL SA,451654,ACUCAR CRISTAL 10X2 20KG,17011400,5949,3.0,120.0,14.4,,,0.0,,0.0,,Anexo I,false,27.5,1.0,0.0,0.0
51250333664228000135550020001532261297329115,2025-03-13 17:46:00.000000 UTC,Saída,MT,USINA BARRALCOOL SA,451654,ACUCAR CRISTAL 10X2 20KG,17011400,5949,1.0,40.0,4.8,,,0.0,,0.0,,Anexo I,false,27.5,1.0,0.0,0.0
51250433664228000135550020001540821389460451,2025-04-09 15:13:00.000000 UTC,Saída,MT,JORGE ASSAD CARAN NETO,451654,ACUCAR CRISTAL 10X2 20KG,17011400,5101,4.0,160.0,19.2,,,0.0,,0.0,,Anexo I,false,27.5,1.0,0.0,0.0
51250233664228000135550020001528071621817964,2025-02-27 18:19:00.000000 UTC,Saída,MT,ALTAIR NODARI,451654,ACUCAR CRISTAL 10X2 20KG,17011400,5101,6.0,240.0,28.8,,,0.0,,0.0,,Anexo I,false,27.5,1.0,0.0,0.0
51250233664228000135550020001521991906320301,2025-02-11 20:43:00.000000 UTC,Saída,MT,USINA BARRALCOOL SA,451654,ACUCAR CRISTAL 10X2 20KG,17011400,5949,10.0,400.0,48.0,,,0.0,,0.0,,Anexo I,false,27.5,1.0,0.0,0.0
51250533664228000135550020001556671245711087,2025-05-22 14:31:00.000000 UTC,Saída,MT,CLAUDINEI ZANARDI ME,451654,ACUCAR CRISTAL 10X2 20KG,17011400,5401,200.0,10760.93,1291.31,319.06,,0.0,,0.0,,Anexo I,false,27.5,1.0,0.0,0.0
51250533664228000135550020001560071394595236,2025-05-30 11:35:00.000000 UTC,Saída,MT,MARIANA SILVA CARAN GOMES,451654,ACUCAR CRISTAL 10X2 20KG,17011400,5101,1.0,40.0,4.8,,,0.0,,0.0,,Anexo I,false,27.5,1.0,0.0,0.0
51250433664228000135550020001546181340933366,2025-04-28 19:20:00.000000 UTC,Saída,MT,RENE JUNQUEIRA BARBOUR E OUTROS,451654,ACUCAR CRISTAL 10X2 20KG,17011400,5101,20.0,800.0,96.0,,,0.0,,0.0,,Anexo I,false,27.5,1.0,0.0,0.0
51250433664228000135550020001545761168724740,2025-04-25 20:45:00.000000 UTC,Saída,MT,USINA BARRALCOOL SA,451654,ACUCAR CRISTAL 10X2 20KG,17011400,5949,7.0,280.0,33.6,,,0.0,,0.0,,Anexo I,false,27.5,1.0,0.0,0.0
51250433664228000135550020001543321816008994,2025-04-17 12:40:00.000000 UTC,Saída,MT,USINA BARRALCOOL SA,451654,ACUCAR CRISTAL 10X2 20KG,17011400,5949,12.0,480.0,57.6,,,0.0,,0.0,,Anexo I,false,27.5,1.0,0.0,0.0
51251033664228000135550020001621161094513530,2025-10-30 20:48:00.000000 UTC,Saída,MT,USINA BARRALCOOL SA,451654,ACUCAR CRISTAL 10X2 20KG,17011400,5949,1.0,40.0,4.8,,,0.0,,0.0,,Anexo I,false,27.5,1.0,0.0,0.0
51250633664228000135550020001571161707523991,2025-06-27 21:45:00.000000 UTC,Saída,MT,LUIZ ANTONIO NODARI,451654,ACUCAR CRISTAL 10X2 20KG,17011400,5101,3.0,120.0,14.4,,,0.0,,0.0,,Anexo I,false,27.5,1.0,0.0,0.0
51250633664228000135550020001569031105854591,2025-06-23 18:36:00.000000 UTC,Saída,MT,IDAURO BATISTA MOREIRA - ME,451654,ACUCAR CRISTAL 10X2 20KG,17011400,5401,15.0,821.35,98.56,24.35,,0.0,,0.0,,Anexo I,false,27.5,1.0,0.0,0.0
51250433664228000135550020001545621031067322,2025-04-25 18:26:00.000000 UTC,Saída,MT,PEREIRA CARRASCO & CARRASCO LTDA ME,451654,ACUCAR CRISTAL 10X2 20KG,17011400,5401,15.0,849.61,101.95,25.19,,0.0,,0.0,,Anexo I,false,27.5,1.0,0.0,0.0
51250133664228000135550020001517171469974333,2025-01-29 17:13:00.000000 UTC,Saída,MT,LUCINEIDE SOUZA ALMEIDA 62100602187,451654,ACUCAR CRISTAL 10X2 20KG,17011400,5401,20.0,1193.41,143.21,35.39,,0.0,,0.0,,Anexo I,false,27.5,1.0,0.0,0.0
51250333664228000135550020001535311665895356,2025-03-24 14:12:00.000000 UTC,Saída,MT,CLAUDINEI ZANARDI ME,451654,ACUCAR CRISTAL 10X2 20KG,17011400,5401,150.0,8353.32,1002.4,247.68,,0.0,,0.0,,Anexo I,false,27.5,1.0,0.0,0.0
51251133664228000135550020001629991856253831,2025-11-18 13:17:00.000000 UTC,Saída,MT,USINA BARRALCOOL SA,451654,ACUCAR CRISTAL 10X2 20KG,17011400,5949,3.0,120.0,14.4,,,0.0,,0.0,,Anexo I,false,27.5,1.0,0.0,0.0
51250433664228000135550020001540851507033363,2025-04-09 15:28:00.000000 UTC,Saída,MT,USINA BARRALCOOL SA,451654,ACUCAR CRISTAL 10X2 20KG,17011400,5949,3.0,120.0,14.4,,,0.0,,0.0,,Anexo I,false,27.5,1.0,0.0,0.0
51250533664228000135550020001560081106799130,2025-05-30 11:44:00.000000 UTC,Saída,MT,RENE JUNQUEIRA BARBOUR E OUTROS,451654,ACUCAR CRISTAL 10X2 20KG,17011400,5101,30.0,1200.0,144.0,,,0.0,,0.0,,Anexo I,false,27.5,1.0,0.0,0.0
51251033664228000135550020001613281092838596,2025-10-09 21:52:00.000000 UTC,Saída,MT,USINA BARRALCOOL SA,451654,ACUCAR CRISTAL 10X2 20KG,17011400,5949,12.0,480.0,57.6,,,0.0,,0.0,,Anexo I,false,27.5,1.0,0.0,0.0
51250233664228000135550020001518941783905290,2025-02-03 20:45:00.000000 UTC,Saída,MT,USINA BARRALCOOL SA,451654,ACUCAR CRISTAL 10X2 20KG,17011400,5949,7.0,280.0,33.6,,,0.0,,0.0,,Anexo I,false,27.5,1.0,0.0,0.0
51250333664228000135550020001537961765262210,2025-03-31 14:27:00.000000 UTC,Saída,MT,CLECIO DE ASSIS DANTAS,451654,ACUCAR CRISTAL 10X2 20KG Especificacao de Qualidade - Classe: CRISTAL BRANCO Tipo: CRISTAL,17011400,5401,350.0,19093.38,2291.21,566.13,,0.0,,0.0,,Anexo I,false,27.5,1.0,0.0,0.0
51251233664228000135550020001636311768258918,2025-12-01 17:59:00.000000 UTC,Saída,RO,SUDOESTE INDUSTRIA E COM. DE ALIMENTOS LTDA,451654,ACUCAR CRISTAL 10X2 20KG Especificacao de Qualidade - Classe: CRISTAL BRANCO Tipo: CRISTAL,17011400,6101,2475.0,120309.75,14437.17,,,0.0,,0.0,,Anexo I,false,27.5,1.0,0.0,0.0
51251233664228000135550020001641931651575298,2025-12-12 20:09:00.000000 UTC,Saída,RO,A. TOMASI & CIA LTDA,451654,ACUCAR CRISTAL 10X2 20KG Especificacao de Qualidade - Classe: CRISTAL BRANCO Tipo: CRISTAL,17011400,6101,2475.0,117983.25,14157.99,,,0.0,,0.0,,Anexo I,false,27.5,1.0,0.0,0.0
51250933664228000135550020001608551863486584,2025-09-27 13:44:00.000000 UTC,Saída,RO,SENDAS DISTRIBUIDORA S/A,451654,ACUCAR CRISTAL 10X2 20KG Especificacao de Qualidade - Classe: CRISTAL BRANCO Tipo: CRISTAL,17011400,6101,500.0,26750.0,3210.0,,,0.0,,0.0,,Anexo I,false,27.5,1.0,0.0,0.0
51250133664228000135550020001517491727112740,2025-01-30 13:33:00.000000 UTC,Saída,RO,C. T. DA LUZ COM & DISTRI DE ALIM LTDA,451654,ACUCAR CRISTAL 10X2 20KG Especificacao de Qualidade - Classe: CRISTAL BRANCO Tipo: CRISTAL,17011400,6910,5.0,286.05,34.33,,,0.0,,0.0,,Anexo I,false,27.5,1.0,0.0,0.0
51250533664228000135550020001550151541465002,2025-05-07 19:26:00.000000 UTC,Saída,MT,MARTINS & MARTINS LTDA,451654,ACUCAR CRISTAL 10X2 20KG Especificacao de Qualidade - Classe: CRISTAL BRANCO Tipo: CRISTAL,17011400,5401,180.0,9751.27,1170.15,289.13,,0.0,,0.0,,Anexo I,false,27.5,1.0,0.0,0.0
51250533664228000135550020001547591113748012,2025-05-01 13:31:00.000000 UTC,Saída,MT,COMPACTA COMERCIAL LTDA,451654,ACUCAR CRISTAL 10X2 20KG Especificacao de Qualidade - Classe: CRISTAL BRANCO Tipo: CRISTAL,17011400,5401,1872.0,107849.27,12941.91,3197.76,,0.0,,0.0,,Anexo I,false,27.5,1.0,0.0,0.0
51250533664228000135550020001558031681549759,2025-05-26 20:02:00.000000 UTC,Saída,MT,DEL MORO & DEL MORO LTDA,451654,ACUCAR CRISTAL 10X2 20KG Especificacao de Qualidade - Classe: CRISTAL BRANCO Tipo: CRISTAL,17011400,5401,1792.0,94364.3,11323.72,2797.93,,0.0,,0.0,,Anexo I,false,27.5,1.0,0.0,0.0
51250633664228000135550020001569821625468649,2025-06-25 13:31:00.000000 UTC,Saída,MT,MARTINS & MARTINS LTDA,451654,ACUCAR CRISTAL 10X2 20KG Especificacao de Qualidade - Classe: CRISTAL BRANCO Tipo: CRISTAL,17011400,5401,36.0,1780.33,213.64,52.79,,0.0,,0.0,,Anexo I,false,27.5,1.0,0.0,0.0
51250633664228000135550020001570141446122123,2025-06-25 19:02:00.000000 UTC,Saída,MT,DEL MORO & DEL MORO LTDA,451654,ACUCAR CRISTAL 10X2 20KG Especificacao de Qualidade - Classe: CRISTAL BRANCO Tipo: CRISTAL,17011400,5910,72.0,3560.66,427.28,105.57,,0.0,,0.0,,Anexo I,false,27.5,1.0,0.0,0.0
51250533664228000135550020001552041520153637,2025-05-12 19:42:00.000000 UTC,Saída,MT,M.LOPES E SILVA COMERCIO LTDA,451654,ACUCAR CRISTAL 10X2 20KG Especificacao de Qualidade - Classe: CRISTAL BRANCO Tipo: CRISTAL,17011400,5401,10.0,526.59,63.19,15.61,,0.0,,0.0,,Anexo I,false,27.5,1.0,0.0,0.0
51250133664228000135550020001513441735245046,2025-01-17 13:51:00.000000 UTC,Saída,RO,ATACADAO S.A,451654,ACUCAR CRISTAL 10X2 20KG Especificacao de Qualidade - Classe: CRISTAL BRANCO Tipo: CRISTAL,17011400,6101,2448.0,168202.08,20184.25,,,0.0,,0.0,,Anexo I,false,27.5,1.0,0.0,0.0
51251233664228000135550020001639221112554224,2025-12-08 15:39:00.000000 UTC,Saída,RO,A. C. D. A. IMPORTACAO E EXPORTACAO LTDA,451654,ACUCAR CRISTAL 10X2 20KG Especificacao de Qualidade - Classe: CRISTAL BRANCO Tipo: CRISTAL,17011400,6101,1250.0,61887.5,7426.5,,,0.0,,0.0,,Anexo I,false,27.5,1.0,0.0,0.0
51251133664228000135550020001626251035129134,2025-11-10 20:02:00.000000 UTC,Saída,RO,IRMAOS GONCALVES COM E IND LTDA,451654,ACUCAR CRISTAL 10X2 20KG Especificacao de Qualidade - Classe: CRISTAL BRANCO Tipo: CRISTAL,17011400,6101,2475.0,118800.0,14256.0,,,0.0,,0.0,,Anexo I,false,27.5,1.0,0.0,0.0
51251233664228000135550020001639451090726260,2025-12-08 19:04:00.000000 UTC,Saída,AC,A. C. D. A. IMPORTACAO E EXPORTACAO LTDA,451654,ACUCAR CRISTAL 10X2 20KG Especificacao de Qualidade - Classe: CRISTAL BRANCO Tipo: CRISTAL,17011400,6101,540.0,27880.2,3345.62,,,0.0,,0.0,,Anexo I,false,27.5,1.0,0.0,0.0
51251233664228000135550020001640901541687531,2025-12-10 20:11:00.000000 UTC,Saída,RO,A T DE C STRE  LTDA,451654,ACUCAR CRISTAL 10X2 20KG Especificacao de Qualidade - Classe: CRISTAL BRANCO Tipo: CRISTAL,17011400,6101,575.0,27410.25,3289.23,,,0.0,,0.0,,Anexo I,false,27.5,1.0,0.0,0.0
51250533664228000135550020001553211916690643,2025-05-15 11:52:00.000000 UTC,Saída,MT,WMS SUPERMERCADOS DO BRASIL LTDA.,451654,ACUCAR CRISTAL 10X2 20KG Especificacao de Qualidade - Classe: CRISTAL BRANCO Tipo: CRISTAL,17011400,5401,1664.0,94427.71,11331.33,2799.81,,0.0,,0.0,,Anexo I,false,27.5,1.0,0.0,0.0
51251233664228000135550020001645061915895514,2025-12-19 18:45:00.000000 UTC,Saída,RO,SUDOESTE INDUSTRIA E COM. DE ALIMENTOS LTDA,451654,ACUCAR CRISTAL 10X2 20KG Especificacao de Qualidade - Classe: CRISTAL BRANCO Tipo: CRISTAL,17011400,6101,1237.0,58040.04,6964.8,,,0.0,,0.0,,Anexo I,false,27.5,1.0,0.0,0.0
51250633664228000135550020001569871638257320,2025-06-25 13:41:00.000000 UTC,Saída,MT,MARTINS & MARTINS LTDA,451654,ACUCAR CRISTAL 10X2 20KG Especificacao de Qualidade - Classe: CRISTAL BRANCO Tipo: CRISTAL,17011400,5401,25.0,1236.34,148.36,36.66,,0.0,,0.0,,Anexo I,false,27.5,1.0,0.0,0.0
51250133664228000135550020001518281848346631,2025-01-31 18:45:00.000000 UTC,Saída,RO,SENDAS DISTRIBUIDORA S/A,451654,ACUCAR CRISTAL 10X2 20KG Especificacao de Qualidade - Classe: CRISTAL BRANCO Tipo: CRISTAL,17011400,6101,2025.0,130389.75,15646.77,,,0.0,,0.0,,Anexo I,false,27.5,1.0,0.0,0.0
51250233664228000135550020001519171391353241,2025-02-04 16:53:00.000000 UTC,Saída,MT,DORALICE M. DA CRUZ SILVA,451654,ACUCAR CRISTAL 10X2 20KG Especificacao de Qualidade - Classe: CRISTAL BRANCO Tipo: CRISTAL,17011400,5401,100.0,5871.9,704.63,174.1,,0.0,,0.0,,Anexo I,false,27.5,1.0,0.0,0.0
51250633664228000135550020001563431967789057,2025-06-06 20:47:00.000000 UTC,Saída,RO,SUDOESTE INDUSTRIA E COM. DE ALIMENTOS LTDA,451654,ACUCAR CRISTAL 10X2 20KG Especificacao de Qualidade - Classe: CRISTAL BRANCO Tipo: CRISTAL,17011400,6910,106.0,6029.28,723.51,,,0.0,,0.0,,Anexo I,false,27.5,1.0,0.0,0.0
51250433664228000135550020001544311913821848,2025-04-22 20:01:00.000000 UTC,Saída,MT,CAMPO VERDE ATACADO E SUPERMERCADO LTDA,451654,ACUCAR CRISTAL 10X2 20KG Especificacao de Qualidade - Classe: CRISTAL BRANCO Tipo: CRISTAL,17011400,5910,1.0,60.19,7.22,1.78,,0.0,,0.0,,Anexo I,false,27.5,1.0,0.0,0.0
51250533664228000135550020001559211757188305,2025-05-28 20:09:00.000000 UTC,Saída,MT,K.R. LOPES DE CASTRO & CIA LTDA,451654,ACUCAR CRISTAL 10X2 20KG Especificacao de Qualidade - Classe: CRISTAL BRANCO Tipo: CRISTAL,17011400,5401,288.0,15652.38,1878.29,464.1,,0.0,,0.0,,Anexo I,false,27.5,1.0,0.0,0.0
51251233664228000135550020001647151743149291,2025-12-26 18:32:00.000000 UTC,Saída,RO,IRMAOS GONCALVES COM E IND LTDA,451654,ACUCAR CRISTAL 10X2 20KG Especificacao de Qualidade - Classe: CRISTAL BRANCO Tipo: CRISTAL,17011400,6101,1800.0,81252.0,9750.24,,,0.0,,0.0,,Anexo I,false,27.5,1.0,0.0,0.0
51250533664228000135550020001553551097035839,2025-05-15 18:36:00.000000 UTC,Saída,MT,COMERCIAL CARAPA DE SECOS E MOLHADOS LTDA,451654,ACUCAR CRISTAL 10X2 20KG Especificacao de Qualidade - Classe: CRISTAL BRANCO Tipo: CRISTAL,17011400,5401,1536.0,80883.69,9706.04,2398.23,,0.0,,0.0,,Anexo I,false,27.5,1.0,0.0,0.0
51250533664228000135550020001558021088052371,2025-05-26 19:55:00.000000 UTC,Saída,RO,IRMAOS GONCALVES COM E IND LTDA,451654,ACUCAR CRISTAL 10X2 20KG Especificacao de Qualidade - Classe: CRISTAL BRANCO Tipo: CRISTAL,17011400,6101,2475.0,142708.5,17125.02,,,0.0,,0.0,,Anexo I,false,27.5,1.0,0.0,0.0
51250333664228000135550020001538161673529614,2025-03-31 19:03:00.000000 UTC,Saída,MT,SENDAS DISTRIBUIDORA S/A,451654,ACUCAR CRISTAL 10X2 20KG Especificacao de Qualidade - Classe: CRISTAL BRANCO Tipo: CRISTAL,17011400,5401,1440.0,81716.28,9805.95,2422.91,,0.0,,0.0,,Anexo I,false,27.5,1.0,0.0,0.0
51250533664228000135550020001548231235900849,2025-05-02 22:01:00.000000 UTC,Saída,RO,MERCANTIL NOVA ERA LTDA,451654,ACUCAR CRISTAL 10X2 20KG Especificacao de Qualidade - Classe: CRISTAL BRANCO Tipo: CRISTAL,17011400,6101,1513.0,82004.6,9840.55,,,0.0,,0.0,,Anexo I,false,27.5,1.0,0.0,0.0
51250933664228000135550020001609761545820044,2025-09-30 18:57:00.000000 UTC,Saída,RO,SILVA & STRE LTDA,451654,ACUCAR CRISTAL 10X2 20KG Especificacao de Qualidade - Classe: CRISTAL BRANCO Tipo: CRISTAL,17011400,6101,2000.0,103240.0,12388.8,,,0.0,,0.0,,Anexo I,false,27.5,1.0,0.0,0.0
51250633664228000135550020001565591047526950,2025-06-12 20:04:00.000000 UTC,Saída,RO,IRMAOS GONCALVES COM E IND LTDA,451654,ACUCAR CRISTAL 10X2 20KG Especificacao de Qualidade - Classe: CRISTAL BRANCO Tipo: CRISTAL,17011400,6101,2475.0,138550.5,16626.06,,,0.0,,0.0,,Anexo I,false,27.5,1.0,0.0,0.0
51250933664228000135550020001609961193538189,2025-09-30 20:55:00.000000 UTC,Saída,RO,JEEDA COMERCIAL DIST. DE ALIMENTOS LTDA,451654,ACUCAR CRISTAL 10X2 20KG Especificacao de Qualidade - Classe: CRISTAL BRANCO Tipo: CRISTAL,17011400,6101,1250.0,64525.0,7743.0,,,0.0,,0.0,,Anexo I,false,27.5,1.0,0.0,0.0
51250433664228000135550020001541851053076157,2025-04-11 19:44:00.000000 UTC,Saída,MT,K.R. LOPES DE CASTRO & CIA LTDA EPP,451654,ACUCAR CRISTAL 10X2 20KG Especificacao de Qualidade - Classe: CRISTAL BRANCO Tipo: CRISTAL,17011400,5401,1648.0,92687.46,11122.5,2748.21,,0.0,,0.0,,Anexo I,false,27.5,1.0,0.0,0.0
51250633664228000135550020001562941033421224,2025-06-06 17:38:00.000000 UTC,Saída,AC,L & G ALIMENTOS DO BRASIL LTDA,451654,ACUCAR CRISTAL 10X2 20KG Especificacao de Qualidade - Classe: CRISTAL BRANCO Tipo: CRISTAL,17011400,6101,100.0,6083.0,729.96,,,0.0,,0.0,,Anexo I,false,27.5,1.0,0.0,0.0
51250433664228000135550020001539851149620655,2025-04-07 15:10:00.000000 UTC,Saída,RO,MERCANTIL NOVA ERA LTDA,451654,ACUCAR CRISTAL 10X2 20KG Especificacao de Qualidade - Classe: CRISTAL BRANCO Tipo: CRISTAL,17011400,6101,910.0,49322.0,5918.64,,,0.0,,0.0,,Anexo I,false,27.5,1.0,0.0,0.0
51250233664228000135550020001522471077566888,2025-02-12 18:22:00.000000 UTC,Saída,MT,DEL MORO & DEL MORO LTDA,451654,ACUCAR CRISTAL 10X2 20KG Especificacao de Qualidade - Classe: CRISTAL BRANCO Tipo: CRISTAL,17011400,5401,1536.0,87268.47,10472.22,2587.54,,0.0,,0.0,,Anexo I,false,27.5,1.0,0.0,0.0
51250333664228000135550020001537531666879018,2025-03-28 19:14:00.000000 UTC,Saída,MT,MERCADO BP BOM PRECO LTDA,451654,ACUCAR CRISTAL 10X2 20KG Especificacao de Qualidade - Classe: CRISTAL BRANCO Tipo: CRISTAL,17011400,5401,6.0,339.65,40.76,10.07,,0.0,,0.0,,Anexo I,false,27.5,1.0,0.0,0.0
51251033664228000135550020001618951179226096,2025-10-24 21:32:00.000000 UTC,Saída,RO,IRMAOS GONCALVES COM E IND LTDA,451654,ACUCAR CRISTAL 10X2 20KG Especificacao de Qualidade - Classe: CRISTAL BRANCO Tipo: CRISTAL,17011400,6101,2475.0,124616.25,14953.95,,,0.0,,0.0,,Anexo I,false,27.5,1.0,0.0,0.0
51250633664228000135550020001567081479537396,2025-06-17 15:58:00.000000 UTC,Saída,RO,SUDOESTE INDUSTRIA E COM. DE ALIMENTOS LTDA,451654,ACUCAR CRISTAL 10X2 20KG Especificacao de Qualidade - Classe: CRISTAL BRANCO Tipo: CRISTAL,17011400,6101,2475.0,136125.0,16335.0,,,0.0,,0.0,,Anexo I,false,27.5,1.0,0.0,0.0
51250933664228000135550020001609861104604699,2025-09-30 19:48:00.000000 UTC,Saída,RO,IRMAOS GONCALVES COM E IND LTDA,451654,ACUCAR CRISTAL 10X2 20KG Especificacao de Qualidade - Classe: CRISTAL BRANCO Tipo: CRISTAL,17011400,6101,2475.0,126225.0,15147.0,,,0.0,,0.0,,Anexo I,false,27.5,1.0,0.0,0.0
51250333664228000135550020001531571526919625,2025-03-11 18:58:00.000000 UTC,Saída,MT,SENDAS DISTRIBUIDORA S/A,451654,ACUCAR CRISTAL 10X2 20KG Especificacao de Qualidade - Classe: CRISTAL BRANCO Tipo: CRISTAL,17011400,5401,1584.0,91672.43,11000.69,2718.12,,0.0,,0.0,,Anexo I,false,27.5,1.0,0.0,0.0
51250133664228000135550020001515841133340420,2025-01-24 20:13:00.000000 UTC,Saída,MT,MARTINS & MARTINS LTDA,451654,ACUCAR CRISTAL 10X2 20KG Especificacao de Qualidade - Classe: CRISTAL BRANCO Tipo: CRISTAL,17011400,5401,70.0,4225.9,507.11,125.3,,0.0,,0.0,,Anexo I,false,27.5,1.0,0.0,0.0
51250633664228000135550020001571461137382707,2025-06-30 15:58:00.000000 UTC,Saída,MT,WMS SUPERMERCADOS DO BRASIL LTDA.,451654,ACUCAR CRISTAL 10X2 20KG Especificacao de Qualidade - Classe: CRISTAL BRANCO Tipo: CRISTAL,17011400,5401,1872.0,101267.77,12152.13,3002.62,,0.0,,0.0,,Anexo I,false,27.5,1.0,0.0,0.0
51250533664228000135550020001559981574119610,2025-05-29 20:09:00.000000 UTC,Saída,MT,K.R. LOPES DE CASTRO & CIA LTDA,451654,ACUCAR CRISTAL 10X2 20KG Especificacao de Qualidade - Classe: CRISTAL BRANCO Tipo: CRISTAL,17011400,5401,1482.0,79983.2,9597.98,2371.53,,0.0,,0.0,,Anexo I,false,27.5,1.0,0.0,0.0
51250533664228000135550020001553321304409157,2025-05-15 15:11:00.000000 UTC,Saída,MT,MARTINS & MARTINS NETO LTDA,451654,ACUCAR CRISTAL 10X2 20KG Especificacao de Qualidade - Classe: CRISTAL BRANCO Tipo: CRISTAL,17011400,5401,288.0,15165.69,1819.88,449.67,,0.0,,0.0,,Anexo I,false,27.5,1.0,0.0,0.0
51251033664228000135550020001616871925844516,2025-10-20 20:55:00.000000 UTC,Saída,RO,SUDOESTE INDUSTRIA E COM. DE ALIMENTOS LTDA,451654,ACUCAR CRISTAL 10X2 20KG Especificacao de Qualidade - Classe: CRISTAL BRANCO Tipo: CRISTAL,17011400,6101,2475.0,127660.5,15319.26,,,0.0,,0.0,,Anexo I,false,27.5,1.0,0.0,0.0
51251233664228000135550020001646221309371574,2025-12-23 14:26:00.000000 UTC,Saída,RO,IRMAOS GONCALVES COM E IND LTDA,451654,ACUCAR CRISTAL 10X2 20KG Especificacao de Qualidade - Classe: CRISTAL BRANCO Tipo: CRISTAL,17011400,6101,2475.0,118800.0,14256.0,,,0.0,,0.0,,Anexo I,false,27.5,1.0,0.0,0.0
51250133664228000135550020001511131688404697,2025-01-10 13:58:00.000000 UTC,Saída,RO,MERCANTIL NOVA ERA LTDA,451654,ACUCAR CRISTAL 10X2 20KG Especificacao de Qualidade - Classe: CRISTAL BRANCO Tipo: CRISTAL,17011400,6101,300.0,20217.0,2426.04,,,0.0,,0.0,,Anexo I,false,27.5,1.0,0.0,0.0
51250433664228000135550020001545461787291626,2025-04-25 14:21:00.000000 UTC,Saída,MT,COMERCIAL CARAPA DE SECOS E MOLHADOS LTDA,451654,ACUCAR CRISTAL 10X2 20KG Especificacao de Qualidade - Classe: CRISTAL BRANCO Tipo: CRISTAL,17011400,5401,1536.0,83792.64,10055.12,2484.48,,0.0,,0.0,,Anexo I,false,27.5,1.0,0.0,0.0
51250333664228000135550020001532101967926088,2025-03-13 13:14:00.000000 UTC,Saída,MT,DEL MORO & DEL MORO LTDA,451654,ACUCAR CRISTAL 10X2 20KG Especificacao de Qualidade - Classe: CRISTAL BRANCO Tipo: CRISTAL,17011400,5401,1536.0,83210.85,9985.3,2467.23,,0.0,,0.0,,Anexo I,false,27.5,1.0,0.0,0.0
51250133664228000135550020001512061508024034,2025-01-13 20:06:00.000000 UTC,Saída,RO,ATACADAO S.A,451654,ACUCAR CRISTAL 10X2 20KG Especificacao de Qualidade - Classe: CRISTAL BRANCO Tipo: CRISTAL,17011400,6101,2376.0,163254.96,19590.6,,,0.0,,0.0,,Anexo I,false,27.5,1.0,0.0,0.0
51250433664228000135550020001542631390876882,2025-04-15 19:14:00.000000 UTC,Saída,MT,IVONE APARECIDA SANSAO PEREIRA,451654,ACUCAR CRISTAL 10X2 20KG Especificacao de Qualidade - Classe: CRISTAL BRANCO Tipo: CRISTAL,17011400,5401,2.0,109.11,13.09,3.24,,0.0,,0.0,,Anexo I,false,27.5,1.0,0.0,0.0
51250133664228000135550020001515611549785178,2025-01-24 15:28:00.000000 UTC,Saída,RO,SENDAS DISTRIBUIDORA S/A,451654,ACUCAR CRISTAL 10X2 20KG Especificacao de Qualidade - Classe: CRISTAL BRANCO Tipo: CRISTAL,17011400,6101,1275.0,82581.75,9909.81,,,0.0,,0.0,,Anexo I,false,27.5,1.0,0.0,0.0
51250633664228000135550020001561411572476468,2025-06-03 13:23:00.000000 UTC,Saída,MT,DEL MORO & DEL MORO LTDA,451654,ACUCAR CRISTAL 10X2 20KG Especificacao de Qualidade - Classe: CRISTAL BRANCO Tipo: CRISTAL,17011400,5401,2016.0,103869.06,12464.29,3079.75,,0.0,,0.0,,Anexo I,false,27.5,1.0,0.0,0.0
51250133664228000135550020001511851444118724,2025-01-13 14:25:00.000000 UTC,Saída,MT,SOUZA CARMO & SOUZA CARMO LTDA EPP,451654,ACUCAR CRISTAL 10X2 20KG Especificacao de Qualidade - Classe: CRISTAL BRANCO Tipo: CRISTAL,17011400,5401,1800.0,113823.11,13658.77,3374.89,,0.0,,0.0,,Anexo I,false,27.5,1.0,0.0,0.0
51250233664228000135550020001523681427771111,2025-02-17 12:34:00.000000 UTC,Saída,MT,MARLY ROSA ALVES - ME,451654,ACUCAR CRISTAL 10X2 20KG Especificacao de Qualidade - Classe: CRISTAL BRANCO Tipo: CRISTAL,17011400,5401,1000.0,55688.8,6682.66,1651.19,,0.0,,0.0,,Anexo I,false,27.5,1.0,0.0,0.0
51250233664228000135550020001525101167375050,2025-02-19 19:19:00.000000 UTC,Saída,RO,BRASIL DISTRIBUIDORA COM.DE PROD ALIMENT LTDA,451654,ACUCAR CRISTAL 10X2 20KG Especificacao de Qualidade - Classe: CRISTAL BRANCO Tipo: CRISTAL,17011400,6101,1950.0,120354.0,14442.48,,,0.0,,0.0,,Anexo I,false,27.5,1.0,0.0,0.0
51250633664228000135550020001565041151290617,2025-06-11 18:43:00.000000 UTC,Saída,MT,NIVALDO PADILHA,451654,ACUCAR CRISTAL 10X2 20KG Especificacao de Qualidade - Classe: CRISTAL BRANCO Tipo: CRISTAL,17011400,5401,15.0,811.44,97.37,24.06,,0.0,,0.0,,Anexo I,false,27.5,1.0,0.0,0.0
51250133664228000135550020001510531798354996,2025-01-09 12:57:00.000000 UTC,Saída,MT,K.R. LOPES DE CASTRO & CIA LTDA,451654,ACUCAR CRISTAL 10X2 20KG Especificacao de Qualidade - Classe: CRISTAL BRANCO Tipo: CRISTAL,17011400,5401,216.0,13373.47,1604.82,396.53,,0.0,,0.0,,Anexo I,false,27.5,1.0,0.0,0.0
51251233664228000135550020001647531312567257,2025-12-29 13:14:00.000000 UTC,Saída,RO,C. T. DA LUZ COM & DISTRI DE ALIM LTDA,451654,ACUCAR CRISTAL 10X2 20KG Especificacao de Qualidade - Classe: CRISTAL BRANCO Tipo: CRISTAL,17011400,6101,2450.0,105644.0,12677.28,,,0.0,,0.0,,Anexo I,false,27.5,1.0,0.0,0.0
51251233664228000135550020001640921378970122,2025-12-10 20:21:00.000000 UTC,Saída,RO,SILVA & STRE LTDA,451654,ACUCAR CRISTAL 10X2 20KG Especificacao de Qualidade - Classe: CRISTAL BRANCO Tipo: CRISTAL,17011400,6101,1000.0,47670.0,5720.4,,,0.0,,0.0,,Anexo I,false,27.5,1.0,0.0,0.0
51250633664228000135550020001561501025992765,2025-06-03 14:55:00.000000 UTC,Saída,MT,MARTINS & MARTINS NETO LTDA,451654,ACUCAR CRISTAL 10X2 20KG Especificacao de Qualidade - Classe: CRISTAL BRANCO Tipo: CRISTAL,17011400,5401,216.0,11128.83,1335.46,329.97,,0.0,,0.0,,Anexo I,false,27.5,1.0,0.0,0.0
51250633664228000135550020001563021660263396,2025-06-06 18:22:00.000000 UTC,Saída,MT,MARTINS & MARTINS LTDA,451654,ACUCAR CRISTAL 10X2 20KG Especificacao de Qualidade - Classe: CRISTAL BRANCO Tipo: CRISTAL,17011400,5401,216.0,11374.27,1364.91,337.25,,0.0,,0.0,,Anexo I,false,27.5,1.0,0.0,0.0
51251133664228000135550020001629651524627384,2025-11-17 19:41:00.000000 UTC,Saída,AC,L & G ALIMENTOS DO BRASIL LTDA,451654,ACUCAR CRISTAL 10X2 20KG Especificacao de Qualidade - Classe: CRISTAL BRANCO Tipo: CRISTAL,17011400,6101,100.0,5294.0,635.28,,,0.0,,0.0,,Anexo I,false,27.5,1.0,0.0,0.0
51251233664228000135550020001638301056344769,2025-12-04 20:43:00.000000 UTC,Saída,PA,A B SOARES LTDA,451654,ACUCAR CRISTAL 10X2 20KG Especificacao de Qualidade - Classe: CRISTAL BRANCO Tipo: CRISTAL,17011400,6101,425.0,18700.0,2244.0,,,0.0,,0.0,,Anexo I,false,27.5,1.0,0.0,0.0
51250233664228000135550020001525201647206119,2025-02-19 20:56:00.000000 UTC,Saída,MT,KDILAYNE JOISE RONDON BORTOLUZZI 04278157118,451654,ACUCAR CRISTAL 10X2 20KG Especificacao de Qualidade - Classe: CRISTAL BRANCO Tipo: CRISTAL,17011400,5401,30.0,1733.31,208.0,51.39,,0.0,,0.0,,Anexo I,false,27.5,1.0,0.0,0.0
51250133664228000135550020001510011864516042,2025-01-07 20:08:00.000000 UTC,Saída,MT,SENDAS DISTRIBUIDORA S/A,451654,ACUCAR CRISTAL 10X2 20KG Especificacao de Qualidade - Classe: CRISTAL BRANCO Tipo: CRISTAL,17011400,5401,1584.0,99472.05,11936.65,2949.38,,0.0,,0.0,,Anexo I,false,27.5,1.0,0.0,0.0
51251233664228000135550020001637051031994354,2025-12-02 20:19:00.000000 UTC,Saída,RO,SENDAS DISTRIBUIDORA S/A,451654,ACUCAR CRISTAL 10X2 20KG Especificacao de Qualidade - Classe: CRISTAL BRANCO Tipo: CRISTAL,17011400,6101,2025.0,99589.5,11950.74,,,0.0,,0.0,,Anexo I,false,27.5,1.0,0.0,0.0
51250133664228000135550020001511291195857210,2025-01-10 15:15:00.000000 UTC,Saída,MT,LUSIMAR CARLOS ZANARDI,451654,ACUCAR CRISTAL 10X2 20KG Especificacao de Qualidade - Classe: CRISTAL BRANCO Tipo: CRISTAL,17011400,5401,15.0,940.37,112.84,27.88,,0.0,,0.0,,Anexo I,false,27.5,1.0,0.0,0.0
51251233664228000135550020001640331344119283,2025-12-09 21:15:00.000000 UTC,Saída,RO,RONDONIA COMERCIO DE EMBALAGENS LTDA,451654,ACUCAR CRISTAL 10X2 20KG Especificacao de Qualidade - Classe: CRISTAL BRANCO Tipo: CRISTAL,17011400,6101,1021.0,48000.0,5760.0,,,0.0,,0.0,,Anexo I,false,27.5,1.0,0.0,0.0
51250533664228000135550020001554221520843357,2025-05-16 20:36:00.000000 UTC,Saída,RO,ATACADAO S.A,451654,ACUCAR CRISTAL 10X2 20KG Especificacao de Qualidade - Classe: CRISTAL BRANCO Tipo: CRISTAL,17011400,6101,2160.0,132170.4,15860.45,,,0.0,,0.0,,Anexo I,false,27.5,1.0,0.0,0.0
51250533664228000135550020001552161758569606,2025-05-12 21:18:00.000000 UTC,Saída,MT,WMS SUPERMERCADOS DO BRASIL LTDA.,451654,ACUCAR CRISTAL 10X2 20KG Especificacao de Qualidade - Classe: CRISTAL BRANCO Tipo: CRISTAL,17011400,5401,1152.0,65373.03,7844.76,1938.33,,0.0,,0.0,,Anexo I,false,27.5,1.0,0.0,0.0
51251133664228000135550020001635501208605716,2025-11-28 15:32:00.000000 UTC,Saída,RO,OLIVEIRA ATACAREJO LTDA EPP,451654,ACUCAR CRISTAL 10X2 20KG Especificacao de Qualidade - Classe: CRISTAL BRANCO Tipo: CRISTAL,17011400,6101,2475.0,120037.5,14404.5,,,0.0,,0.0,,Anexo I,false,27.5,1.0,0.0,0.0
51250233664228000135550020001524871472257481,2025-02-19 14:44:00.000000 UTC,Saída,MT,MARTINS & MARTINS NETO LTDA,451654,ACUCAR CRISTAL 10X2 20KG Especificacao de Qualidade - Classe: CRISTAL BRANCO Tipo: CRISTAL,17011400,5401,144.0,8019.19,962.3,237.77,,0.0,,0.0,,Anexo I,false,27.5,1.0,0.0,0.0
51251033664228000135550020001611221476180819,2025-10-03 20:40:00.000000 UTC,Saída,AC,A. C. D. A. IMPORTACAO E EXPORTACAO LTDA,451654,ACUCAR CRISTAL 10X2 20KG Especificacao de Qualidade - Classe: CRISTAL BRANCO Tipo: CRISTAL,17011400,6101,975.0,53820.0,6458.4,,,0.0,,0.0,,Anexo I,false,27.5,1.0,0.0,0.0
51250533664228000135550020001555791391998838,2025-05-21 12:36:00.000000 UTC,Saída,MT,MARTINS & MARTINS NETO LTDA,451654,ACUCAR CRISTAL 10X2 20KG Especificacao de Qualidade - Classe: CRISTAL BRANCO Tipo: CRISTAL,17011400,5401,72.0,3791.42,454.97,112.42,,0.0,,0.0,,Anexo I,false,27.5,1.0,0.0,0.0
51250333664228000135550020001537381580361596,2025-03-28 16:57:00.000000 UTC,Saída,AC,L & G ALIMENTOS DO BRASIL LTDA,451654,ACUCAR CRISTAL 10X2 20KG Especificacao de Qualidade - Classe: CRISTAL BRANCO Tipo: CRISTAL,17011400,6101,100.0,6234.0,748.08,,,0.0,,0.0,,Anexo I,false,27.5,1.0,0.0,0.0
51250133664228000135550020001511041225418708,2025-01-10 12:36:00.000000 UTC,Saída,MT,SENDAS DISTRIBUIDORA S/A,451654,ACUCAR CRISTAL 10X2 20KG Especificacao de Qualidade - Classe: CRISTAL BRANCO Tipo: CRISTAL,17011400,5401,1224.0,76864.76,9223.77,2279.06,,0.0,,0.0,,Anexo I,false,27.5,1.0,0.0,0.0
51250333664228000135550020001532731637285755,2025-03-14 18:31:00.000000 UTC,Saída,MT,SUPERMERCADO IRMAOS MALDANER LTDA,451654,ACUCAR CRISTAL 10X2 20KG Especificacao de Qualidade - Classe: CRISTAL BRANCO Tipo: CRISTAL,17011400,5401,500.0,28587.38,3430.49,847.62,,0.0,,0.0,,Anexo I,false,27.5,1.0,0.0,0.0
51250433664228000135550020001544531457025310,2025-04-23 13:29:00.000000 UTC,Saída,MT,M.LOPES E SILVA COMERCIO LTDA,451654,ACUCAR CRISTAL 10X2 20KG Especificacao de Qualidade - Classe: CRISTAL BRANCO Tipo: CRISTAL,17011400,5401,10.0,541.74,65.01,16.06,,0.0,,0.0,,Anexo I,false,27.5,1.0,0.0,0.0
51250133664228000135550020001514761898714532,2025-01-22 18:40:00.000000 UTC,Saída,RO,IRMAOS GONCALVES COM E IND LTDA,451654,ACUCAR CRISTAL 10X2 20KG Especificacao de Qualidade - Classe: CRISTAL BRANCO Tipo: CRISTAL,17011400,6101,2475.0,154811.25,18577.35,,,0.0,,0.0,,Anexo I,false,27.5,1.0,0.0,0.0
51250133664228000135550020001513951789000610,2025-01-20 14:48:00.000000 UTC,Saída,MT,M. J. SERTAO DA COSTA LTDA,451654,ACUCAR CRISTAL 10X2 20KG Especificacao de Qualidade - Classe: CRISTAL BRANCO Tipo: CRISTAL,17011400,5401,15.0,863.59,103.63,25.61,,0.0,,0.0,,Anexo I,false,27.5,1.0,0.0,0.0
51250133664228000135550020001516741264800326,2025-01-28 18:07:00.000000 UTC,Saída,MT,WMS SUPERMERCADOS DO BRASIL LTDA.,451654,ACUCAR CRISTAL 10X2 20KG Especificacao de Qualidade - Classe: CRISTAL BRANCO Tipo: CRISTAL,17011400,5401,1872.0,111885.43,13426.25,3317.44,,0.0,,0.0,,Anexo I,false,27.5,1.0,0.0,0.0
51250633664228000135550020001566111521065990,2025-06-13 20:59:00.000000 UTC,Saída,MT,COMPACTA COMERCIAL LTDA,451654,ACUCAR CRISTAL 10X2 20KG Especificacao de Qualidade - Classe: CRISTAL BRANCO Tipo: CRISTAL,17011400,5401,1944.0,105389.26,12646.71,3124.82,,0.0,,0.0,,Anexo I,false,27.5,1.0,0.0,0.0
51250233664228000135550020001520621158588879,2025-02-07 17:45:00.000000 UTC,Saída,GO,DIST. ALIMENTOS AUGUSTO AMARO DA SILVA LTDA,451654,ACUCAR CRISTAL 10X2 20KG Especificacao de Qualidade - Classe: CRISTAL BRANCO Tipo: CRISTAL,17011400,6101,432.0,24580.8,2949.7,,,0.0,,0.0,,Anexo I,false,27.5,1.0,0.0,0.0
51250433664228000135550020001546561241044696,2025-04-29 14:40:00.000000 UTC,Saída,MT,DEL MORO & DEL MORO LTDA,451654,ACUCAR CRISTAL 10X2 20KG Especificacao de Qualidade - Classe: CRISTAL BRANCO Tipo: CRISTAL,17011400,5401,1536.0,83210.85,9985.3,2467.23,,0.0,,0.0,,Anexo I,false,27.5,1.0,0.0,0.0
51250633664228000135550020001562361421877434,2025-06-05 13:46:00.000000 UTC,Saída,MT,ROBERTO E CARVALHO LTDA,451654,ACUCAR CRISTAL 10X2 20KG Especificacao de Qualidade - Classe: CRISTAL BRANCO Tipo: CRISTAL,17011400,5401,4.0,214.44,25.73,6.36,,0.0,,0.0,,Anexo I,false,27.5,1.0,0.0,0.0
51250133664228000135550020001514341743679890,2025-01-21 17:00:00.000000 UTC,Saída,MT,PAULO CESAR DE BARROS - EPP,451654,ACUCAR CRISTAL 10X2 20KG Especificacao de Qualidade - Classe: CRISTAL BRANCO Tipo: CRISTAL,17011400,5401,6.0,358.02,42.96,10.62,,0.0,,0.0,,Anexo I,false,27.5,1.0,0.0,0.0
51250133664228000135550020001516661143154766,2025-01-28 14:22:00.000000 UTC,Saída,MT,WMS SUPERMERCADOS DO BRASIL LTDA.,451654,ACUCAR CRISTAL 10X2 20KG Especificacao de Qualidade - Classe: CRISTAL BRANCO Tipo: CRISTAL,17011400,5401,2376.0,144685.24,17362.23,4289.96,,0.0,,0.0,,Anexo I,false,27.5,1.0,0.0,0.0
51250633664228000135550020001566661586322375,2025-06-16 20:23:00.000000 UTC,Saída,AC,L & G ALIMENTOS DO BRASIL LTDA,451654,ACUCAR CRISTAL 10X2 20KG Especificacao de Qualidade - Classe: CRISTAL BRANCO Tipo: CRISTAL,17011400,6101,100.0,5896.0,707.52,,,0.0,,0.0,,Anexo I,false,27.5,1.0,0.0,0.0
51250233664228000135550020001520231053995956,2025-02-06 20:31:00.000000 UTC,Saída,MT,SENDAS DISTRIBUIDORA S/A,451654,ACUCAR CRISTAL 10X2 20KG Especificacao de Qualidade - Classe: CRISTAL BRANCO Tipo: CRISTAL,17011400,5401,1872.0,111885.43,13426.25,3317.44,,0.0,,0.0,,Anexo I,false,27.5,1.0,0.0,0.0
51250333664228000135550020001530951063827921,2025-03-10 14:11:00.000000 UTC,Saída,MT,LUSIMAR CARLOS ZANARDI,451654,ACUCAR CRISTAL 10X2 20KG Especificacao de Qualidade - Classe: CRISTAL BRANCO Tipo: CRISTAL,17011400,5401,20.0,1132.81,135.94,33.59,,0.0,,0.0,,Anexo I,false,27.5,1.0,0.0,0.0
51250133664228000135550020001512231390291701,2025-01-14 14:21:00.000000 UTC,Saída,MT,DALMOLIN E SIMON & CIA LTDA,451654,ACUCAR CRISTAL 10X2 20KG Especificacao de Qualidade - Classe: CRISTAL BRANCO Tipo: CRISTAL,17011400,5401,576.0,35175.9,4221.11,1042.98,,0.0,,0.0,,Anexo I,false,27.5,1.0,0.0,0.0
51250233664228000135550020001526111164034590,2025-02-21 19:41:00.000000 UTC,Saída,MT,MARTINS & MARTINS LTDA,451654,ACUCAR CRISTAL 10X2 20KG Especificacao de Qualidade - Classe: CRISTAL BRANCO Tipo: CRISTAL,17011400,5401,504.0,28067.16,3368.06,832.2,,0.0,,0.0,,Anexo I,false,27.5,1.0,0.0,0.0
51250433664228000135550020001540801273910340,2025-04-09 14:53:00.000000 UTC,Saída,MT,JUNQUEIRA MATERIAIS E CONSTRUCAO LTDA-ME,451654,ACUCAR CRISTAL 10X2 20KG Especificacao de Qualidade - Classe: CRISTAL BRANCO Tipo: CRISTAL,17011400,5401,7.0,396.48,47.58,11.76,,0.0,,0.0,,Anexo I,false,27.5,1.0,0.0,0.0
51250533664228000135550020001558621131623949,2025-05-27 20:18:00.000000 UTC,Saída,MT,MERCADO RONDON LTDA - ME,451654,ACUCAR CRISTAL 10X2 20KG Especificacao de Qualidade - Classe: CRISTAL BRANCO Tipo: CRISTAL,17011400,5401,301.0,17431.77,2091.81,516.86,,0.0,,0.0,,Anexo I,false,27.5,1.0,0.0,0.0
51251133664228000135550020001632221133761090,2025-11-21 18:25:00.000000 UTC,Saída,RO,SUDOESTE INDUSTRIA E COM. DE ALIMENTOS LTDA,451654,ACUCAR CRISTAL 10X2 20KG Especificacao de Qualidade - Classe: CRISTAL BRANCO Tipo: CRISTAL,17011400,6101,2475.0,118800.0,14256.0,,,0.0,,0.0,,Anexo I,false,27.5,1.0,0.0,0.0
51251133664228000135550020001625751972619827,2025-11-08 15:40:00.000000 UTC,Saída,RO,SUDOESTE INDUSTRIA E COM. DE ALIMENTOS LTDA,451654,ACUCAR CRISTAL 10X2 20KG Especificacao de Qualidade - Classe: CRISTAL BRANCO Tipo: CRISTAL,17011400,6101,2200.0,110990.0,13318.8,,,0.0,,0.0,,Anexo I,false,27.5,1.0,0.0,0.0
51250233664228000135550020001528411216806474,2025-02-28 14:14:00.000000 UTC,Saída,MT,MARTINS & MARTINS NETO LTDA,451654,ACUCAR CRISTAL 10X2 20KG Especificacao de Qualidade - Classe: CRISTAL BRANCO Tipo: CRISTAL,17011400,5401,216.0,12028.78,1443.45,356.66,,0.0,,0.0,,Anexo I,false,27.5,1.0,0.0,0.0
51251233664228000135550020001642011134935740,2025-12-12 22:42:00.000000 UTC,Saída,PA,SAO RIBEIRO COMERCIO DE ALIMENTOS LTDA,451654,ACUCAR CRISTAL 10X2 20KG Especificacao de Qualidade - Classe: CRISTAL BRANCO Tipo: CRISTAL,17011400,6101,1000.0,42370.0,5084.4,,,0.0,,0.0,,Anexo I,false,27.5,1.0,0.0,0.0
51250333664228000135550020001536731057845749,2025-03-27 18:06:00.000000 UTC,Saída,MT,MARTINS & MARTINS LTDA,451654,ACUCAR CRISTAL 10X2 20KG Especificacao de Qualidade - Classe: CRISTAL BRANCO Tipo: CRISTAL,17011400,5401,72.0,3900.51,468.06,115.65,,0.0,,0.0,,Anexo I,false,27.5,1.0,0.0,0.0
51250133664228000135550020001515741748858580,2025-01-24 19:48:00.000000 UTC,Saída,MT,MARTINS & MARTINS LTDA,451654,ACUCAR CRISTAL 10X2 20KG Especificacao de Qualidade - Classe: CRISTAL BRANCO Tipo: CRISTAL,17011400,5910,20.0,1204.49,144.54,35.71,,0.0,,0.0,,Anexo I,false,27.5,1.0,0.0,0.0
51250933664228000135550020001608971374817979,2025-09-29 19:12:00.000000 UTC,Saída,RO,SENDAS DISTRIBUIDORA S/A,451654,ACUCAR CRISTAL 10X2 20KG Especificacao de Qualidade - Classe: CRISTAL BRANCO Tipo: CRISTAL,17011400,6101,1250.0,66875.0,8025.0,,,0.0,,0.0,,Anexo I,false,27.5,1.0,0.0,0.0
51250633664228000135550020001569311420460442,2025-06-24 14:50:00.000000 UTC,Saída,MT,IRMAOS DALMOLIN GENEROS ALIMENTICIOS LTDA,451654,ACUCAR CRISTAL 10X2 20KG Especificacao de Qualidade - Classe: CRISTAL BRANCO Tipo: CRISTAL,17011400,5401,864.0,42727.98,5127.36,1266.9,,0.0,,0.0,,Anexo I,false,27.5,1.0,0.0,0.0
51251033664228000135550020001612391957821423,2025-10-08 14:14:00.000000 UTC,Saída,RO,JIBRAM COMERCIO E TRANSP. LTDA,451654,ACUCAR CRISTAL 10X2 20KG Especificacao de Qualidade - Classe: CRISTAL BRANCO Tipo: CRISTAL,17011400,6101,2000.0,94120.0,11294.4,,,0.0,,0.0,,Anexo I,false,27.5,1.0,0.0,0.0
51250533664228000135550020001548861131269883,2025-05-05 18:10:00.000000 UTC,Saída,AC,L & G ALIMENTOS DO BRASIL LTDA,451654,ACUCAR CRISTAL 10X2 20KG Especificacao de Qualidade - Classe: CRISTAL BRANCO Tipo: CRISTAL,17011400,6101,100.0,6234.0,748.08,,,0.0,,0.0,,Anexo I,false,27.5,1.0,0.0,0.0
51250633664228000135550020001566061127309966,2025-06-13 19:59:00.000000 UTC,Saída,MT,UNICO SUPERMERCADO LTDA,451654,ACUCAR CRISTAL 10X2 20KG Especificacao de Qualidade - Classe: CRISTAL BRANCO Tipo: CRISTAL,17011400,5401,210.0,11621.23,1394.55,344.57,,0.0,,0.0,,Anexo I,false,27.5,1.0,0.0,0.0
51250633664228000135550020001564711980382569,2025-06-10 19:04:00.000000 UTC,Saída,MT,COMERCIAL CARAPA DE SECOS E MOLHADOS LTDA,451654,ACUCAR CRISTAL 10X2 20KG Especificacao de Qualidade - Classe: CRISTAL BRANCO Tipo: CRISTAL,17011400,5401,1536.0,79138.31,9496.6,2346.48,,0.0,,0.0,,Anexo I,false,27.5,1.0,0.0,0.0
51250533664228000135550020001550111439090560,2025-05-07 19:14:00.000000 UTC,Saída,MT,MARTINS & MARTINS NETO LTDA,451654,ACUCAR CRISTAL 10X2 20KG Especificacao de Qualidade - Classe: CRISTAL BRANCO Tipo: CRISTAL,17011400,5401,72.0,3900.51,468.06,115.65,,0.0,,0.0,,Anexo I,false,27.5,1.0,0.0,0.0
51250333664228000135550020001535721942710293,2025-03-25 13:44:00.000000 UTC,Saída,MT,MARTINS & MARTINS LTDA,451654,ACUCAR CRISTAL 10X2 20KG Especificacao de Qualidade - Classe: CRISTAL BRANCO Tipo: CRISTAL,17011400,5401,685.0,37109.01,4453.08,1100.29,,0.0,,0.0,,Anexo I,false,27.5,1.0,0.0,0.0
51250433664228000135550020001542241848442641,2025-04-14 19:25:00.000000 UTC,Saída,MT,A K DE BRITO GUIA SILVA LTDA,451654,ACUCAR CRISTAL 10X2 20KG Especificacao de Qualidade - Classe: CRISTAL BRANCO Tipo: CRISTAL,17011400,5401,300.0,18011.94,2161.43,534.06,,0.0,,0.0,,Anexo I,false,27.5,1.0,0.0,0.0
51251133664228000135550020001634011077170819,2025-11-25 21:02:00.000000 UTC,Saída,RO,SUDOESTE INDUSTRIA E COM. DE ALIMENTOS LTDA,451654,ACUCAR CRISTAL 10X2 20KG Especificacao de Qualidade - Classe: CRISTAL BRANCO Tipo: CRISTAL,17011400,6101,2475.0,120309.75,14437.17,,,0.0,,0.0,,Anexo I,false,27.5,1.0,0.0,0.0
51250233664228000135550020001522921505002583,2025-02-13 15:17:00.000000 UTC,Saída,MT,SAO JOSE SUPERMERCADO LTDA,451654,ACUCAR CRISTAL 10X2 20KG Especificacao de Qualidade - Classe: CRISTAL BRANCO Tipo: CRISTAL,17011400,5401,200.0,11514.59,1381.75,341.41,,0.0,,0.0,,Anexo I,false,27.5,1.0,0.0,0.0
51250133664228000135550020001517161086848206,2025-01-29 17:10:00.000000 UTC,Saída,MT,GENIVALDO DOS REIS GONCALVES LTDA,451654,ACUCAR CRISTAL 10X2 20KG Especificacao de Qualidade - Classe: CRISTAL BRANCO Tipo: CRISTAL,17011400,5401,25.0,1491.77,179.01,44.23,,0.0,,0.0,,Anexo I,false,27.5,1.0,0.0,0.0
51250133664228000135550020001517861712671830,2025-01-30 20:44:00.000000 UTC,Saída,RO,IRMAOS GONCALVES COM E IND LTDA,451654,ACUCAR CRISTAL 10X2 20KG Especificacao de Qualidade - Classe: CRISTAL BRANCO Tipo: CRISTAL,17011400,6101,2475.0,150777.0,18093.24,,,0.0,,0.0,,Anexo I,false,27.5,1.0,0.0,0.0
51251133664228000135550020001629761015237263,2025-11-17 21:18:00.000000 UTC,Saída,RO,MERCANTIL NOVA ERA LTDA,451654,ACUCAR CRISTAL 10X2 20KG Especificacao de Qualidade - Classe: CRISTAL BRANCO Tipo: CRISTAL,17011400,6101,2475.0,109964.25,13195.71,,,0.0,,0.0,,Anexo I,false,27.5,1.0,0.0,0.0
51250233664228000135550020001524701657459091,2025-02-19 13:28:00.000000 UTC,Saída,PA,V. C. A. LIRA LTDA,451654,ACUCAR CRISTAL 10X2 20KG Especificacao de Qualidade - Classe: CRISTAL BRANCO Tipo: CRISTAL,17011400,6101,1500.0,82634.25,9916.11,4515.75,,0.0,,0.0,,Anexo I,false,27.5,1.0,0.0,0.0
51250333664228000135550020001533251964772657,2025-03-17 15:41:00.000000 UTC,Saída,RO,SUDOESTE INDUSTRIA E COM. DE ALIMENTOS LTDA,451654,ACUCAR CRISTAL 10X2 20KG Especificacao de Qualidade - Classe: CRISTAL BRANCO Tipo: CRISTAL,17011400,6101,2475.0,144490.5,17338.86,,,0.0,,0.0,,Anexo I,false,27.5,1.0,0.0,0.0
51250433664228000135550020001542391297779494,2025-04-14 20:40:00.000000 UTC,Saída,MT,E S DA SILVA SANTOS - ME,451654,ACUCAR CRISTAL 10X2 20KG Especificacao de Qualidade - Classe: CRISTAL BRANCO Tipo: CRISTAL,17011400,5401,150.0,9035.11,1084.21,267.89,,0.0,,0.0,,Anexo I,false,27.5,1.0,0.0,0.0
51250233664228000135550020001522131351935743,2025-02-12 12:50:00.000000 UTC,Saída,MT,MARTINS & MARTINS NETO LTDA,451654,ACUCAR CRISTAL 10X2 20KG Especificacao de Qualidade - Classe: CRISTAL BRANCO Tipo: CRISTAL,17011400,5401,100.0,5757.29,690.87,170.71,,0.0,,0.0,,Anexo I,false,27.5,1.0,0.0,0.0
51250533664228000135550020001559361449680686,2025-05-28 22:34:00.000000 UTC,Saída,MT,MARTINS & MARTINS NETO LTDA,451654,ACUCAR CRISTAL 10X2 20KG Especificacao de Qualidade - Classe: CRISTAL BRANCO Tipo: CRISTAL,17011400,5401,288.0,15971.25,1916.55,473.55,,0.0,,0.0,,Anexo I,false,27.5,1.0,0.0,0.0
51250333664228000135550020001531421845973160,2025-03-11 14:05:00.000000 UTC,Saída,RO,C. T. DA LUZ COM & DISTRI DE ALIM LTDA,451654,ACUCAR CRISTAL 10X2 20KG Especificacao de Qualidade - Classe: CRISTAL BRANCO Tipo: CRISTAL,17011400,6101,2450.0,132790.0,15934.8,,,0.0,,0.0,,Anexo I,false,27.5,1.0,0.0,0.0
51250433664228000135550020001542381560510341,2025-04-14 20:22:00.000000 UTC,Saída,MT,MASTER COMERCIO DE ALIMENTOS LTDA,451654,ACUCAR CRISTAL 10X2 20KG Especificacao de Qualidade - Classe: CRISTAL BRANCO Tipo: CRISTAL,17011400,5401,200.0,10910.5,1309.26,323.5,,0.0,,0.0,,Anexo I,false,27.5,1.0,0.0,0.0
51250633664228000135550020001571421139794388,2025-06-30 15:31:00.000000 UTC,Saída,MT,SUPERMERCADO REAL LTDA,451654,ACUCAR CRISTAL 10X2 20KG Especificacao de Qualidade - Classe: CRISTAL BRANCO Tipo: CRISTAL,17011400,5910,2.0,106.54,12.78,3.16,,0.0,,0.0,,Anexo I,false,27.5,1.0,0.0,0.0
51250233664228000135550020001523471337968820,2025-02-14 19:17:00.000000 UTC,Saída,RO,A. C. D. A. IMPORTACAO E EXPORTACAO LTDA,451654,ACUCAR CRISTAL 10X2 20KG Especificacao de Qualidade - Classe: CRISTAL BRANCO Tipo: CRISTAL,17011400,6101,1725.0,109071.75,13088.61,,,0.0,,0.0,,Anexo I,false,27.5,1.0,0.0,0.0
51250533664228000135550020001556621995545829,2025-05-22 14:00:00.000000 UTC,Saída,MT,DISTRIBUIDORA TROPICAL DE ALIMENTOS LTDA,451654,ACUCAR CRISTAL 10X2 20KG Especificacao de Qualidade - Classe: CRISTAL BRANCO Tipo: CRISTAL,17011400,5401,1850.0,97418.5,11690.22,2888.49,,0.0,,0.0,,Anexo I,false,27.5,1.0,0.0,0.0
51250633664228000135550020001568041104653993,2025-06-20 14:45:00.000000 UTC,Saída,MT,NEURI ZUFFO E CIA LTDA,451654,ACUCAR CRISTAL 10X2 20KG Especificacao de Qualidade - Classe: CRISTAL BRANCO Tipo: CRISTAL,17011400,5401,1900.0,93961.99,11275.44,2786.0,,0.0,,0.0,,Anexo I,false,27.5,1.0,0.0,0.0
51250633664228000135550020001567101047432840,2025-06-17 17:29:00.000000 UTC,Saída,MT,MERCADO BP BOM PRECO LTDA,451654,ACUCAR CRISTAL 10X2 20KG Especificacao de Qualidade - Classe: CRISTAL BRANCO Tipo: CRISTAL,17011400,5401,10.0,547.56,65.71,16.24,,0.0,,0.0,,Anexo I,false,27.5,1.0,0.0,0.0
51250533664228000135550020001558991259634335,2025-05-28 15:07:00.000000 UTC,Saída,MT,SOUZA CARMO & SOUZA CARMO LTDA EPP,451654,ACUCAR CRISTAL 10X2 20KG Especificacao de Qualidade - Classe: CRISTAL BRANCO Tipo: CRISTAL,17011400,5401,1512.0,79619.88,9554.39,2360.75,,0.0,,0.0,,Anexo I,false,27.5,1.0,0.0,0.0
51250333664228000135550020001533791837191613,2025-03-18 20:21:00.000000 UTC,Saída,RO,IRMAOS GONCALVES COM E IND LTDA,451654,ACUCAR CRISTAL 10X2 20KG Especificacao de Qualidade - Classe: CRISTAL BRANCO Tipo: CRISTAL,17011400,6101,2450.0,144942.0,17393.04,,,0.0,,0.0,,Anexo I,false,27.5,1.0,0.0,0.0
51250633664228000135550020001561871391607110,2025-06-04 12:23:00.000000 UTC,Saída,MT,MARTINS & MARTINS LTDA,451654,ACUCAR CRISTAL 10X2 20KG Especificacao de Qualidade - Classe: CRISTAL BRANCO Tipo: CRISTAL,17011400,5401,144.0,7419.22,890.31,219.98,,0.0,,0.0,,Anexo I,false,27.5,1.0,0.0,0.0
51250533664228000135550020001552941539873810,2025-05-14 14:05:00.000000 UTC,Saída,MT,CEREALISTA RIO VERDE LTDA,451654,ACUCAR CRISTAL 10X2 20KG Especificacao de Qualidade - Classe: CRISTAL BRANCO Tipo: CRISTAL,17011400,5401,2000.0,105317.3,12638.08,3122.69,,0.0,,0.0,,Anexo I,false,27.5,1.0,0.0,0.0
51251233664228000135550020001647801076303880,2025-12-29 18:08:00.000000 UTC,Saída,RO,IRMAOS GONCALVES COM E IND LTDA,451654,ACUCAR CRISTAL 10X2 20KG Especificacao de Qualidade - Classe: CRISTAL BRANCO Tipo: CRISTAL,17011400,6101,2475.0,118800.0,14256.0,,,0.0,,0.0,,Anexo I,false,27.5,1.0,0.0,0.0
51250633664228000135550020001562331184725901,2025-06-05 13:02:00.000000 UTC,Saída,MT,J. A. RODRIGUES LEMES - ME,451654,ACUCAR CRISTAL 10X2 20KG Especificacao de Qualidade - Classe: CRISTAL BRANCO Tipo: CRISTAL,17011400,5401,28.0,1533.18,183.98,45.46,,0.0,,0.0,,Anexo I,false,27.5,1.0,0.0,0.0
51251133664228000135550020001635521377953686,2025-11-28 16:11:00.000000 UTC,Saída,RO,IRMAOS GONCALVES COM E IND LTDA,451654,ACUCAR CRISTAL 10X2 20KG Especificacao de Qualidade - Classe: CRISTAL BRANCO Tipo: CRISTAL,17011400,6101,2475.0,121275.0,14553.0,,,0.0,,0.0,,Anexo I,false,27.5,1.0,0.0,0.0
51250533664228000135550020001555081988923902,2025-05-19 20:01:00.000000 UTC,Saída,MT,MASTER COMERCIO DE ALIMENTOS LTDA,451654,ACUCAR CRISTAL 10X2 20KG Especificacao de Qualidade - Classe: CRISTAL BRANCO Tipo: CRISTAL,17011400,5401,150.0,7898.8,947.86,234.2,,0.0,,0.0,,Anexo I,false,27.5,1.0,0.0,0.0
51251033664228000135550020001616861126875669,2025-10-20 20:50:00.000000 UTC,Saída,RO,IRMAOS GONCALVES COM E IND LTDA,451654,ACUCAR CRISTAL 10X2 20KG Especificacao de Qualidade - Classe: CRISTAL BRANCO Tipo: CRISTAL,17011400,6101,2475.0,124616.25,14953.95,,,0.0,,0.0,,Anexo I,false,27.5,1.0,0.0,0.0
51250633664228000135550020001562561116820710,2025-06-05 20:34:00.000000 UTC,Saída,MT,COMPACTA COMERCIAL LTDA,451654,ACUCAR CRISTAL 10X2 20KG Especificacao de Qualidade - Classe: CRISTAL BRANCO Tipo: CRISTAL,17011400,5401,1872.0,100595.08,12071.41,2982.68,,0.0,,0.0,,Anexo I,false,27.5,1.0,0.0,0.0
51250633664228000135550020001570581402407224,2025-06-26 20:11:00.000000 UTC,Saída,MT,DEL MORO & DEL MORO LTDA,451654,ACUCAR CRISTAL 10X2 20KG Especificacao de Qualidade - Classe: CRISTAL BRANCO Tipo: CRISTAL,17011400,5910,72.0,3560.66,427.28,105.57,,0.0,,0.0,,Anexo I,false,27.5,1.0,0.0,0.0
51250533664228000135550020001559431925504253,2025-05-28 22:57:00.000000 UTC,Saída,MT,MARTINS & MARTINS LTDA,451654,ACUCAR CRISTAL 10X2 20KG Especificacao de Qualidade - Classe: CRISTAL BRANCO Tipo: CRISTAL,17011400,5401,144.0,7985.62,958.27,236.78,,0.0,,0.0,,Anexo I,false,27.5,1.0,0.0,0.0
51250133664228000135550020001515931092027691,2025-01-24 20:58:00.000000 UTC,Saída,MT,MARTINS & MARTINS LTDA,451654,ACUCAR CRISTAL 10X2 20KG Especificacao de Qualidade - Classe: CRISTAL BRANCO Tipo: CRISTAL,17011400,5401,261.0,15756.57,1890.79,467.19,,0.0,,0.0,,Anexo I,false,27.5,1.0,0.0,0.0
51250333664228000135550020001536801332984257,2025-03-27 18:22:00.000000 UTC,Saída,MT,MARTINS & MARTINS NETO LTDA,451654,ACUCAR CRISTAL 10X2 20KG Especificacao de Qualidade - Classe: CRISTAL BRANCO Tipo: CRISTAL,17011400,5401,72.0,3900.51,468.06,115.65,,0.0,,0.0,,Anexo I,false,27.5,1.0,0.0,0.0
51251233664228000135550020001642571234368478,2025-12-15 19:00:00.000000 UTC,Saída,RO,MERCANTIL NOVA ERA LTDA,451654,ACUCAR CRISTAL 10X2 20KG Especificacao de Qualidade - Classe: CRISTAL BRANCO Tipo: CRISTAL,17011400,6101,2100.0,90552.0,10866.24,,,0.0,,0.0,,Anexo I,false,27.5,1.0,0.0,0.0
51250533664228000135550020001559751963416211,2025-05-29 17:03:00.000000 UTC,Saída,MT,CASA DO BOLO E CAFETERIA LTDA,451654,ACUCAR CRISTAL 10X2 20KG Especificacao de Qualidade - Classe: CRISTAL BRANCO Tipo: CRISTAL,17011400,5401,15.0,821.35,98.56,24.35,,0.0,,0.0,,Anexo I,false,27.5,1.0,0.0,0.0
51251233664228000135550020001640351360909760,2025-12-09 21:46:00.000000 UTC,Saída,RO,SUPERMERCADO MANAR LTDA,451654,ACUCAR CRISTAL 10X2 20KG Especificacao de Qualidade - Classe: CRISTAL BRANCO Tipo: CRISTAL,17011400,6101,1475.0,71744.0,8609.28,,,0.0,,0.0,,Anexo I,false,27.5,1.0,0.0,0.0
51250633664228000135550020001570201602881895,2025-06-25 19:40:00.000000 UTC,Saída,MT,BORGMANN ALIMENTOS LTDA,451654,ACUCAR CRISTAL 10X2 20KG Especificacao de Qualidade - Classe: CRISTAL BRANCO Tipo: CRISTAL,17011400,5401,25.0,1269.12,152.29,37.63,,0.0,,0.0,,Anexo I,false,27.5,1.0,0.0,0.0
51250333664228000135550020001535111458569302,2025-03-21 19:55:00.000000 UTC,Saída,MT,CEREALISTA RIO VERDE LTDA,451654,ACUCAR CRISTAL 10X2 20KG Especificacao de Qualidade - Classe: CRISTAL BRANCO Tipo: CRISTAL,17011400,5401,1900.0,102930.09,12351.61,3051.91,,0.0,,0.0,,Anexo I,false,27.5,1.0,0.0,0.0
51250333664228000135550020001536381454448623,2025-03-26 19:06:00.000000 UTC,Saída,MT,MARTINS & MARTINS LTDA,451654,ACUCAR CRISTAL 10X2 20KG Especificacao de Qualidade - Classe: CRISTAL BRANCO Tipo: CRISTAL,17011400,5401,46.0,2491.99,299.04,73.89,,0.0,,0.0,,Anexo I,false,27.5,1.0,0.0,0.0
51250233664228000135550020001525611391352416,2025-02-21 12:51:00.000000 UTC,Saída,MT,COMERCIAL NOVA AURORA LTDA,451654,ACUCAR CRISTAL 10X2 20KG Especificacao de Qualidade - Classe: CRISTAL BRANCO Tipo: CRISTAL,17011400,5910,15.0,835.33,100.24,24.77,,0.0,,0.0,,Anexo I,false,27.5,1.0,0.0,0.0
51250133664228000135550020001515481307229123,2025-01-24 13:32:00.000000 UTC,Saída,MT,K.R. LOPES DE CASTRO & CIA LTDA EPP,451654,ACUCAR CRISTAL 10X2 20KG Especificacao de Qualidade - Classe: CRISTAL BRANCO Tipo: CRISTAL,17011400,5401,1296.0,76804.63,9216.56,2277.28,,0.0,,0.0,,Anexo I,false,27.5,1.0,0.0,0.0
51250233664228000135550020001518661377212597,2025-02-03 14:18:00.000000 UTC,Saída,MT,S. L. COMERCIO E TRANSPORTES LTDA - ME,451654,ACUCAR CRISTAL 10X2 20KG Especificacao de Qualidade - Classe: CRISTAL BRANCO Tipo: CRISTAL,17011400,5401,25.0,1439.32,172.72,42.68,,0.0,,0.0,,Anexo I,false,27.5,1.0,0.0,0.0
51250433664228000135550020001539381492025785,2025-04-04 13:46:00.000000 UTC,Saída,PA,V. C. A. LIRA LTDA,451654,ACUCAR CRISTAL 10X2 20KG Especificacao de Qualidade - Classe: CRISTAL BRANCO Tipo: CRISTAL,17011400,6101,1500.0,80745.0,9689.4,,,0.0,,0.0,,Anexo I,false,27.5,1.0,0.0,0.0
51250133664228000135550020001514101186253387,2025-01-20 20:08:00.000000 UTC,Saída,RO,IRMAOS GONCALVES COM E IND LTDA,451654,ACUCAR CRISTAL 10X2 20KG Especificacao de Qualidade - Classe: CRISTAL BRANCO Tipo: CRISTAL,17011400,6101,2475.0,157410.0,18889.2,,,0.0,,0.0,,Anexo I,false,27.5,1.0,0.0,0.0
51250133664228000135550020001508951259618570,2025-01-03 18:20:00.000000 UTC,Saída,MT,SUPERMERCADO CONFIANCA LTDA,451654,ACUCAR CRISTAL 10X2 20KG Especificacao de Qualidade - Classe: CRISTAL BRANCO Tipo: CRISTAL,17011400,5401,200.0,12347.88,1481.75,366.12,,0.0,,0.0,,Anexo I,false,27.5,1.0,0.0,0.0
51250633664228000135550020001569791824211286,2025-06-25 13:25:00.000000 UTC,Saída,MT,MARTINS & MARTINS LTDA,451654,ACUCAR CRISTAL 10X2 20KG Especificacao de Qualidade - Classe: CRISTAL BRANCO Tipo: CRISTAL,17011400,5401,117.0,5786.08,694.33,171.56,,0.0,,0.0,,Anexo I,false,27.5,1.0,0.0,0.0
51250233664228000135550020001524621978429284,2025-02-18 20:41:00.000000 UTC,Saída,MT,WMS SUPERMERCADOS DO BRASIL LTDA.,451654,ACUCAR CRISTAL 10X2 20KG Especificacao de Qualidade - Classe: CRISTAL BRANCO Tipo: CRISTAL,17011400,5401,1872.0,111176.4,13341.17,3296.41,,0.0,,0.0,,Anexo I,false,27.5,1.0,0.0,0.0
51250533664228000135550020001554621263002435,2025-05-19 13:36:00.000000 UTC,Saída,MT,COMERCIAL CARAPA DE SECOS E MOLHADOS LTDA,451654,ACUCAR CRISTAL 10X2 20KG Especificacao de Qualidade - Classe: CRISTAL BRANCO Tipo: CRISTAL,17011400,5401,1136.0,59820.23,7178.43,1773.69,,0.0,,0.0,,Anexo I,false,27.5,1.0,0.0,0.0
51250333664228000135550020001536651457601888,2025-03-27 15:10:00.000000 UTC,Saída,MT,D R TAMBARUSSI & CIA LTDA,451654,ACUCAR CRISTAL 10X2 20KG Especificacao de Qualidade - Classe: CRISTAL BRANCO Tipo: CRISTAL,17011400,5401,750.0,40630.3,4875.64,1204.7,,0.0,,0.0,,Anexo I,false,27.5,1.0,0.0,0.0
51250233664228000135550020001518881188133310,2025-02-03 20:21:00.000000 UTC,Saída,RO,IRMAOS GONCALVES COM E IND LTDA,451654,ACUCAR CRISTAL 10X2 20KG Especificacao de Qualidade - Classe: CRISTAL BRANCO Tipo: CRISTAL,17011400,6101,2475.0,153425.25,18411.03,,,0.0,,0.0,,Anexo I,false,27.5,1.0,0.0,0.0
51250333664228000135550020001536091159566635,2025-03-25 20:13:00.000000 UTC,Saída,MT,SENDAS DISTRIBUIDORA S/A,451654,ACUCAR CRISTAL 10X2 20KG Especificacao de Qualidade - Classe: CRISTAL BRANCO Tipo: CRISTAL,17011400,5401,1872.0,106231.17,12747.74,3149.79,,0.0,,0.0,,Anexo I,false,27.5,1.0,0.0,0.0
51250633664228000135550020001564091313468204,2025-06-09 20:15:00.000000 UTC,Saída,MT,COMERCIAL NOVA AURORA LTDA,451654,ACUCAR CRISTAL 10X2 20KG Especificacao de Qualidade - Classe: CRISTAL BRANCO Tipo: CRISTAL,17011400,5401,800.0,42126.92,5055.23,1249.08,,0.0,,0.0,,Anexo I,false,27.5,1.0,0.0,0.0
51251033664228000135550020001618551274526314,2025-10-24 15:29:00.000000 UTC,Saída,RO,C. T. DA LUZ COM & DISTRI DE ALIM LTDA,451654,ACUCAR CRISTAL 10X2 20KG Especificacao de Qualidade - Classe: CRISTAL BRANCO Tipo: CRISTAL,17011400,6910,20.0,903.6,108.43,,,0.0,,0.0,,Anexo I,false,27.5,1.0,0.0,0.0
51250333664228000135550020001534341842341079,2025-03-20 13:56:00.000000 UTC,Saída,MT,DISTRIBUIDORA TROPICAL DE ALIMENTOS LTDA,451654,ACUCAR CRISTAL 10X2 20KG Especificacao de Qualidade - Classe: CRISTAL BRANCO Tipo: CRISTAL,17011400,5401,900.0,49097.25,5891.67,1455.75,,0.0,,0.0,,Anexo I,false,27.5,1.0,0.0,0.0
51250333664228000135550020001530481325559570,2025-03-07 13:27:00.000000 UTC,Saída,MT,J. A. RODRIGUES LEMES - ME,451654,ACUCAR CRISTAL 10X2 20KG Especificacao de Qualidade - Classe: CRISTAL BRANCO Tipo: CRISTAL,17011400,5401,20.0,1113.78,133.65,33.02,,0.0,,0.0,,Anexo I,false,27.5,1.0,0.0,0.0
51250133664228000135550020001512911874271318,2025-01-16 12:46:00.000000 UTC,Saída,MT,WMS SUPERMERCADOS DO BRASIL LTDA.,451654,ACUCAR CRISTAL 10X2 20KG Especificacao de Qualidade - Classe: CRISTAL BRANCO Tipo: CRISTAL,17011400,5401,1792.0,112534.05,13504.09,3336.67,,0.0,,0.0,,Anexo I,false,27.5,1.0,0.0,0.0
51251133664228000135550020001626951711445130,2025-11-12 14:08:00.000000 UTC,Saída,RO,IRMAOS GONCALVES COM E IND LTDA,451654,ACUCAR CRISTAL 10X2 20KG Especificacao de Qualidade - Classe: CRISTAL BRANCO Tipo: CRISTAL,17011400,6101,2475.0,121275.0,14553.0,,,0.0,,0.0,,Anexo I,false,27.5,1.0,0.0,0.0
51250233664228000135550020001528551620703598,2025-02-28 18:23:00.000000 UTC,Saída,MT,SUPERMERCADO MULTIMARCA LTDA,451654,ACUCAR CRISTAL 10X2 20KG Especificacao de Qualidade - Classe: CRISTAL BRANCO Tipo: CRISTAL,17011400,5910,5.0,278.44,33.41,8.26,,0.0,,0.0,,Anexo I,false,27.5,1.0,0.0,0.0
51250633664228000135550020001569991101362652,2025-06-25 14:53:00.000000 UTC,Saída,MT,LUIZ ANTONIO GONCALVES VIEIRA 06022094399,451654,ACUCAR CRISTAL 10X2 20KG Especificacao de Qualidade - Classe: CRISTAL BRANCO Tipo: CRISTAL,17011400,5401,100.0,5528.09,663.37,163.91,,0.0,,0.0,,Anexo I,false,27.5,1.0,0.0,0.0
51250133664228000135550020001516321476282051,2025-01-27 15:46:00.000000 UTC,Saída,MT,K. M. FERRARI & CIA LTDA ME,451654,ACUCAR CRISTAL 10X2 20KG Especificacao de Qualidade - Classe: CRISTAL BRANCO Tipo: CRISTAL,17011400,5401,150.0,9903.36,1188.4,293.64,,0.0,,0.0,,Anexo I,false,27.5,1.0,0.0,0.0
51250333664228000135550020001529021829616611,2025-03-03 14:59:00.000000 UTC,Saída,MT,DISTRIBUIDORA TROPICAL DE ALIMENTOS LTDA,451654,ACUCAR CRISTAL 10X2 20KG Especificacao de Qualidade - Classe: CRISTAL BRANCO Tipo: CRISTAL,17011400,5401,1850.0,103024.3,12362.92,3054.7,,0.0,,0.0,,Anexo I,false,27.5,1.0,0.0,0.0
51250333664228000135550020001533351168851111,2025-03-17 19:32:00.000000 UTC,Saída,MT,M.LOPES E SILVA COMERCIO LTDA,451654,ACUCAR CRISTAL 10X2 20KG Especificacao de Qualidade - Classe: CRISTAL BRANCO Tipo: CRISTAL,17011400,5401,10.0,545.53,65.46,16.17,,0.0,,0.0,,Anexo I,false,27.5,1.0,0.0,0.0
51250533664228000135550020001551601295874542,2025-05-10 16:22:00.000000 UTC,Saída,RO,SUDOESTE INDUSTRIA E COM. DE ALIMENTOS LTDA,451654,ACUCAR CRISTAL 10X2 20KG Especificacao de Qualidade - Classe: CRISTAL BRANCO Tipo: CRISTAL,17011400,6101,2475.0,140778.0,16893.36,,,0.0,,0.0,,Anexo I,false,27.5,1.0,0.0,0.0
51250633664228000135550020001564171682518417,2025-06-09 20:47:00.000000 UTC,Saída,MT,SUPERMERCADO MULTIMARCA LTDA,451654,ACUCAR CRISTAL 10X2 20KG Especificacao de Qualidade - Classe: CRISTAL BRANCO Tipo: CRISTAL,17011400,5401,250.0,13164.66,1579.76,390.34,,0.0,,0.0,,Anexo I,false,27.5,1.0,0.0,0.0
51251133664228000135550020001623421831222589,2025-11-04 18:08:00.000000 UTC,Saída,RO,IRMAOS GONCALVES COM E IND LTDA,451654,ACUCAR CRISTAL 10X2 20KG Especificacao de Qualidade - Classe: CRISTAL BRANCO Tipo: CRISTAL,17011400,6101,2475.0,123675.75,14841.09,,,0.0,,0.0,,Anexo I,false,27.5,1.0,0.0,0.0
51251233664228000135550020001638161944202732,2025-12-04 18:17:00.000000 UTC,Saída,MT,RENE JUNQUEIRA BARBOUR E OUTROS,451654,ACUCAR CRISTAL 10X2 20KG Especificacao de Qualidade - Classe: CRISTAL BRANCO Tipo: CRISTAL,17011400,5101,20.0,800.0,96.0,,,0.0,,0.0,,Anexo I,false,27.5,1.0,0.0,0.0
51250533664228000135550020001556271131897674,2025-05-21 20:05:00.000000 UTC,Saída,MT,DEL MORO & DEL MORO LTDA,451654,ACUCAR CRISTAL 10X2 20KG Especificacao de Qualidade - Classe: CRISTAL BRANCO Tipo: CRISTAL,17011400,5401,2016.0,106159.84,12739.18,3147.67,,0.0,,0.0,,Anexo I,false,27.5,1.0,0.0,0.0
51250333664228000135550020001538211114749302,2025-03-31 19:29:00.000000 UTC,Saída,MT,JUBA SUPERMERCADOS LTDA,451654,ACUCAR CRISTAL 10X2 20KG Especificacao de Qualidade - Classe: CRISTAL BRANCO Tipo: CRISTAL,17011400,5401,1872.0,104740.33,12568.84,3105.58,,0.0,,0.0,,Anexo I,false,27.5,1.0,0.0,0.0
51250333664228000135550020001529811443904749,2025-03-05 14:55:00.000000 UTC,Saída,MT,W. DO PRADO SILVA LTDA,451654,ACUCAR CRISTAL 10X2 20KG Especificacao de Qualidade - Classe: CRISTAL BRANCO Tipo: CRISTAL,17011400,5401,60.0,3409.51,409.14,101.09,,0.0,,0.0,,Anexo I,false,27.5,1.0,0.0,0.0
51250133664228000135550020001517701830095430,2025-01-30 17:57:00.000000 UTC,Saída,MT,MARTINS & MARTINS LTDA,451654,ACUCAR CRISTAL 10X2 20KG Especificacao de Qualidade - Classe: CRISTAL BRANCO Tipo: CRISTAL,17011400,5401,773.0,44503.88,5340.47,1319.55,,0.0,,0.0,,Anexo I,false,27.5,1.0,0.0,0.0
51250133664228000135550020001513521297812753,2025-01-17 16:57:00.000000 UTC,Saída,MT,WMS SUPERMERCADOS DO BRASIL LTDA.,451654,ACUCAR CRISTAL 10X2 20KG Especificacao de Qualidade - Classe: CRISTAL BRANCO Tipo: CRISTAL,17011400,5401,1944.0,123212.16,14785.46,3653.28,,0.0,,0.0,,Anexo I,false,27.5,1.0,0.0,0.0
51250533664228000135550020001553961142067377,2025-05-16 15:11:00.000000 UTC,Saída,RO,IRMAOS GONCALVES COM E IND LTDA,451654,ACUCAR CRISTAL 10X2 20KG Especificacao de Qualidade - Classe: CRISTAL BRANCO Tipo: CRISTAL,17011400,6101,2475.0,145332.0,17439.84,,,0.0,,0.0,,Anexo I,false,27.5,1.0,0.0,0.0
51250433664228000135550020001542271437973122,2025-04-14 19:34:00.000000 UTC,Saída,MT,SUPERMERCADO VISTA ALEGRE LTDA ME,451654,ACUCAR CRISTAL 10X2 20KG Especificacao de Qualidade - Classe: CRISTAL BRANCO Tipo: CRISTAL,17011400,5401,100.0,6023.4,722.81,178.6,,0.0,,0.0,,Anexo I,false,27.5,1.0,0.0,0.0
51250333664228000135550020001531601309291569,2025-03-11 19:28:00.000000 UTC,Saída,RO,SUDOESTE INDUSTRIA E COM. DE ALIMENTOS LTDA,451654,ACUCAR CRISTAL 10X2 20KG Especificacao de Qualidade - Classe: CRISTAL BRANCO Tipo: CRISTAL,17011400,6101,2475.0,144490.5,17338.86,,,0.0,,0.0,,Anexo I,false,27.5,1.0,0.0,0.0
51251133664228000135550020001628431138321266,2025-11-14 14:46:00.000000 UTC,Saída,RO,IRMAOS GONCALVES COM E IND LTDA,451654,ACUCAR CRISTAL 10X2 20KG Especificacao de Qualidade - Classe: CRISTAL BRANCO Tipo: CRISTAL,17011400,6101,2475.0,125235.0,15028.2,,,0.0,,0.0,,Anexo I,false,27.5,1.0,0.0,0.0
51250133664228000135550020001518141974649723,2025-01-31 15:51:00.000000 UTC,Saída,RO,IRMAOS GONCALVES COM E IND LTDA,451654,ACUCAR CRISTAL 10X2 20KG Especificacao de Qualidade - Classe: CRISTAL BRANCO Tipo: CRISTAL,17011400,6101,2475.0,157410.0,18889.2,,,0.0,,0.0,,Anexo I,false,27.5,1.0,0.0,0.0
51250233664228000135550020001523551113294134,2025-02-14 20:14:00.000000 UTC,Saída,MT,GIRUS MERCANTIL LTDA,451654,ACUCAR CRISTAL 10X2 20KG Especificacao de Qualidade - Classe: CRISTAL BRANCO Tipo: CRISTAL,17011400,5401,300.0,18379.05,2205.49,544.95,,0.0,,0.0,,Anexo I,false,27.5,1.0,0.0,0.0
51250233664228000135550020001520571218879874,2025-02-07 16:06:00.000000 UTC,Saída,RO,A. TOMASI & CIA LTDA,451654,ACUCAR CRISTAL 10X2 20KG Especificacao de Qualidade - Classe: CRISTAL BRANCO Tipo: CRISTAL,17011400,6101,1200.0,74112.0,8893.44,,,0.0,,0.0,,Anexo I,false,27.5,1.0,0.0,0.0
51250333664228000135550020001537981229349927,2025-03-31 14:43:00.000000 UTC,Saída,MT,P. DE JESUS PEREIRA COMERCIO LTDA,451654,ACUCAR CRISTAL 10X2 20KG Especificacao de Qualidade - Classe: CRISTAL BRANCO Tipo: CRISTAL,17011400,5401,250.0,13638.13,1636.58,404.37,,0.0,,0.0,,Anexo I,false,27.5,1.0,0.0,0.0
51250233664228000135550020001520781703967550,2025-02-07 19:33:00.000000 UTC,Saída,RO,COIMBRA IMPORTACAO E EXPORTACAO LTDA,451654,ACUCAR CRISTAL 10X2 20KG Especificacao de Qualidade - Classe: CRISTAL BRANCO Tipo: CRISTAL,17011400,6101,1650.0,93769.5,11252.34,,,0.0,,0.0,,Anexo I,false,27.5,1.0,0.0,0.0
51250433664228000135550020001547311002357320,2025-04-30 18:54:00.000000 UTC,Saída,RO,A. TOMASI & CIA LTDA,451654,ACUCAR CRISTAL 10X2 20KG Especificacao de Qualidade - Classe: CRISTAL BRANCO Tipo: CRISTAL,17011400,6101,2450.0,143962.0,17275.44,,,0.0,,0.0,,Anexo I,false,27.5,1.0,0.0,0.0
51250133664228000135550020001516291113800550,2025-01-27 15:25:00.000000 UTC,Saída,MT,SANTOGO ALIMENTOS LTDA,451654,ACUCAR CRISTAL 10X2 20KG Especificacao de Qualidade - Classe: CRISTAL BRANCO Tipo: CRISTAL,17011400,5401,570.0,34992.17,4199.06,1037.53,,0.0,,0.0,,Anexo I,false,27.5,1.0,0.0,0.0
51250633664228000135550020001566811421892104,2025-06-17 13:31:00.000000 UTC,Saída,RO,IRMAOS GONCALVES COM E IND LTDA,451654,ACUCAR CRISTAL 10X2 20KG Especificacao de Qualidade - Classe: CRISTAL BRANCO Tipo: CRISTAL,17011400,6101,2475.0,138550.5,16626.06,,,0.0,,0.0,,Anexo I,false,27.5,1.0,0.0,0.0
51251033664228000135550020001613471600192704,2025-10-10 13:50:00.000000 UTC,Saída,RO,C. T. DA LUZ COM & DISTRI DE ALIM LTDA,451654,ACUCAR CRISTAL 10X2 20KG Especificacao de Qualidade - Classe: CRISTAL BRANCO Tipo: CRISTAL,17011400,6101,2450.0,115297.0,13835.64,,,0.0,,0.0,,Anexo I,false,27.5,1.0,0.0,0.0
51250633664228000135550020001568491561882717,2025-06-20 21:05:00.000000 UTC,Saída,RO,SENDAS DISTRIBUIDORA S/A,451654,ACUCAR CRISTAL 10X2 20KG Especificacao de Qualidade - Classe: CRISTAL BRANCO Tipo: CRISTAL,17011400,6101,820.0,47068.0,5648.16,,,0.0,,0.0,,Anexo I,false,27.5,1.0,0.0,0.0
51250133664228000135550020001514501272731637,2025-01-21 20:44:00.000000 UTC,Saída,RO,IRMAOS GONCALVES COM E IND LTDA,451654,ACUCAR CRISTAL 10X2 20KG Especificacao de Qualidade - Classe: CRISTAL BRANCO Tipo: CRISTAL,17011400,6101,2475.0,154811.25,18577.35,,,0.0,,0.0,,Anexo I,false,27.5,1.0,0.0,0.0
51250333664228000135550020001534561190035610,2025-03-20 19:22:00.000000 UTC,Saída,MT,SENDAS DISTRIBUIDORA S/A,451654,ACUCAR CRISTAL 10X2 20KG Especificacao de Qualidade - Classe: CRISTAL BRANCO Tipo: CRISTAL,17011400,5401,1440.0,81716.28,9805.95,2422.91,,0.0,,0.0,,Anexo I,false,27.5,1.0,0.0,0.0
51250133664228000135550020001518461170584910,2025-01-31 20:42:00.000000 UTC,Saída,RO,IRMAOS GONCALVES COM E IND LTDA,451654,ACUCAR CRISTAL 10X2 20KG Especificacao de Qualidade - Classe: CRISTAL BRANCO Tipo: CRISTAL,17011400,6101,2475.0,157410.0,18889.2,,,0.0,,0.0,,Anexo I,false,27.5,1.0,0.0,0.0
51251033664228000135550020001611941142113128,2025-10-07 13:57:00.000000 UTC,Saída,RO,A. C. D. A. IMPORTACAO E EXPORTACAO LTDA,451654,ACUCAR CRISTAL 10X2 20KG Especificacao de Qualidade - Classe: CRISTAL BRANCO Tipo: CRISTAL,17011400,6101,1250.0,66350.0,7962.0,,,0.0,,0.0,,Anexo I,false,27.5,1.0,0.0,0.0
51250533664228000135550020001556501733816530,2025-05-22 12:19:00.000000 UTC,Saída,MT,N. BOVE C. LEAL E SILVA,451654,ACUCAR CRISTAL 10X2 20KG Especificacao de Qualidade - Classe: CRISTAL BRANCO Tipo: CRISTAL,17011400,5910,1.0,52.66,6.32,1.56,,0.0,,0.0,,Anexo I,false,27.5,1.0,0.0,0.0
51250433664228000135550020001539891362014669,2025-04-07 17:12:00.000000 UTC,Saída,MT,SAO JOSE SUPERMERCADO LTDA,451654,ACUCAR CRISTAL 10X2 20KG Especificacao de Qualidade - Classe: CRISTAL BRANCO Tipo: CRISTAL,17011400,5401,1775.0,96830.69,11619.68,2871.06,,0.0,,0.0,,Anexo I,false,27.5,1.0,0.0,0.0
51250233664228000135550020001519861364850130,2025-02-05 20:28:00.000000 UTC,Saída,MT,INDUSTRIAL E COMERCIAL ALMEIDA LTDA,451654,ACUCAR CRISTAL 10X2 20KG Especificacao de Qualidade - Classe: CRISTAL BRANCO Tipo: CRISTAL,17011400,5401,1500.0,85791.26,10294.95,2543.74,,0.0,,0.0,,Anexo I,false,27.5,1.0,0.0,0.0
51251033664228000135550020001619391109729435,2025-10-27 18:46:00.000000 UTC,Saída,RO,SUDOESTE INDUSTRIA E COM. DE ALIMENTOS LTDA,451654,ACUCAR CRISTAL 10X2 20KG Especificacao de Qualidade - Classe: CRISTAL BRANCO Tipo: CRISTAL,17011400,6101,2475.0,123106.5,14772.78,,,0.0,,0.0,,Anexo I,false,27.5,1.0,0.0,0.0
51250533664228000135550020001551851107698809,2025-05-12 15:23:00.000000 UTC,Saída,MT,ATACADO SUPER SAITO COM. DE PROD. ALIM. LTDA,451654,ACUCAR CRISTAL 10X2 20KG Especificacao de Qualidade - Classe: CRISTAL BRANCO Tipo: CRISTAL,17011400,5401,432.0,23784.85,2854.18,705.23,,0.0,,0.0,,Anexo I,false,27.5,1.0,0.0,0.0
51250333664228000135550020001536401664609516,2025-03-26 19:10:00.000000 UTC,Saída,MT,MARTINS & MARTINS LTDA,451654,ACUCAR CRISTAL 10X2 20KG Especificacao de Qualidade - Classe: CRISTAL BRANCO Tipo: CRISTAL,17011400,5401,145.0,7855.19,942.62,232.91,,0.0,,0.0,,Anexo I,false,27.5,1.0,0.0,0.0
51250333664228000135550020001536871127345117,2025-03-27 18:51:00.000000 UTC,Saída,RO,BRASIL DISTRIBUIDORA COM.DE PROD ALIMENT LTDA,451654,ACUCAR CRISTAL 10X2 20KG Especificacao de Qualidade - Classe: CRISTAL BRANCO Tipo: CRISTAL,17011400,6101,1920.0,116332.8,13959.94,,,0.0,,0.0,,Anexo I,false,27.5,1.0,0.0,0.0
51250433664228000135550020001538831556041360,2025-04-02 21:04:00.000000 UTC,Saída,RO,SENDAS DISTRIBUIDORA S/A,451654,ACUCAR CRISTAL 10X2 20KG Especificacao de Qualidade - Classe: CRISTAL BRANCO Tipo: CRISTAL,17011400,6101,1050.0,64848.0,7781.76,,,0.0,,0.0,,Anexo I,false,27.5,1.0,0.0,0.0
51250133664228000135550020001517331968747220,2025-01-29 19:30:00.000000 UTC,Saída,MT,SENDAS DISTRIBUIDORA S/A,451654,ACUCAR CRISTAL 10X2 20KG Especificacao de Qualidade - Classe: CRISTAL BRANCO Tipo: CRISTAL,17011400,5401,792.0,48228.41,5787.41,1429.99,,0.0,,0.0,,Anexo I,false,27.5,1.0,0.0,0.0
51250333664228000135550020001532371730522463,2025-03-13 19:47:00.000000 UTC,Saída,MT,RENATO RODRIGUES DE MORAIS,451654,ACUCAR CRISTAL 10X2 20KG Especificacao de Qualidade - Classe: CRISTAL BRANCO Tipo: CRISTAL,17011400,5401,50.0,2727.63,327.32,80.88,,0.0,,0.0,,Anexo I,false,27.5,1.0,0.0,0.0
51250333664228000135550020001529541621835619,2025-03-04 19:04:00.000000 UTC,Saída,MT,R V TESTA & CIA LTDA,451654,ACUCAR CRISTAL 10X2 20KG Especificacao de Qualidade - Classe: CRISTAL BRANCO Tipo: CRISTAL,17011400,5401,100.0,5949.59,713.95,176.41,,0.0,,0.0,,Anexo I,false,27.5,1.0,0.0,0.0
51250533664228000135550020001555801640132376,2025-05-21 12:41:00.000000 UTC,Saída,MT,MARTINS & MARTINS LTDA,451654,ACUCAR CRISTAL 10X2 20KG Especificacao de Qualidade - Classe: CRISTAL BRANCO Tipo: CRISTAL,17011400,5401,144.0,7582.85,909.94,224.83,,0.0,,0.0,,Anexo I,false,27.5,1.0,0.0,0.0
51250233664228000135550020001526051800201784,2025-02-21 19:09:00.000000 UTC,Saída,MT,MASTER COMERCIO DE ALIMENTOS LTDA,451654,ACUCAR CRISTAL 10X2 20KG Especificacao de Qualidade - Classe: CRISTAL BRANCO Tipo: CRISTAL,17011400,5401,150.0,8296.51,995.58,245.99,,0.0,,0.0,,Anexo I,false,27.5,1.0,0.0,0.0
51250233664228000135550020001522351235419251,2025-02-12 14:48:00.000000 UTC,Saída,MT,WMS SUPERMERCADOS DO BRASIL LTDA.,451654,ACUCAR CRISTAL 10X2 20KG Especificacao de Qualidade - Classe: CRISTAL BRANCO Tipo: CRISTAL,17011400,5401,2304.0,136832.49,16419.9,4057.12,,0.0,,0.0,,Anexo I,false,27.5,1.0,0.0,0.0
51250633664228000135550020001567361089524804,2025-06-17 21:53:00.000000 UTC,Saída,RO,C. T. DA LUZ COM & DISTRI DE ALIM LTDA,451654,ACUCAR CRISTAL 10X2 20KG Especificacao de Qualidade - Classe: CRISTAL BRANCO Tipo: CRISTAL,17011400,6101,2450.0,120393.0,14447.16,,,0.0,,0.0,,Anexo I,false,27.5,1.0,0.0,0.0
51250433664228000135550020001540141666091781,2025-04-08 13:00:00.000000 UTC,Saída,MT,MARTINS & MARTINS NETO LTDA,451654,ACUCAR CRISTAL 10X2 20KG Especificacao de Qualidade - Classe: CRISTAL BRANCO Tipo: CRISTAL,17011400,5401,216.0,11701.53,1404.18,346.95,,0.0,,0.0,,Anexo I,false,27.5,1.0,0.0,0.0
51250233664228000135550020001524601780539786,2025-02-18 20:32:00.000000 UTC,Saída,MT,MARTINS & MARTINS NETO LTDA,451654,ACUCAR CRISTAL 10X2 20KG Especificacao de Qualidade - Classe: CRISTAL BRANCO Tipo: CRISTAL,17011400,5401,72.0,4009.59,481.15,118.89,,0.0,,0.0,,Anexo I,false,27.5,1.0,0.0,0.0
51250333664228000135550020001530941336784646,2025-03-10 13:50:00.000000 UTC,Saída,MT,COMERCIAL CARAPA DE SECOS E MOLHADOS LTDA,451654,ACUCAR CRISTAL 10X2 20KG Especificacao de Qualidade - Classe: CRISTAL BRANCO Tipo: CRISTAL,17011400,5401,1536.0,83792.64,10055.12,2484.48,,0.0,,0.0,,Anexo I,false,27.5,1.0,0.0,0.0
51250133664228000135550020001513141776815964,2025-01-16 18:45:00.000000 UTC,Saída,MT,S. L. COMERCIO E TRANSPORTES LTDA - ME,451654,ACUCAR CRISTAL 10X2 20KG Especificacao de Qualidade - Classe: CRISTAL BRANCO Tipo: CRISTAL,17011400,5401,25.0,1496.14,179.54,44.36,,0.0,,0.0,,Anexo I,false,27.5,1.0,0.0,0.0
51250633664228000135550020001562271379188428,2025-06-04 20:43:00.000000 UTC,Saída,RO,MERCANTIL NOVA ERA LTDA,451654,ACUCAR CRISTAL 10X2 20KG Especificacao de Qualidade - Classe: CRISTAL BRANCO Tipo: CRISTAL,17011400,6910,25.0,1308.0,156.96,,,0.0,,0.0,,Anexo I,false,27.5,1.0,0.0,0.0
51250533664228000135550020001548221549953816,2025-05-02 22:01:00.000000 UTC,Saída,RO,MERCANTIL NOVA ERA LTDA,451654,ACUCAR CRISTAL 10X2 20KG Especificacao de Qualidade - Classe: CRISTAL BRANCO Tipo: CRISTAL,17011400,6910,62.0,3397.5,407.7,,,0.0,,0.0,,Anexo I,false,27.5,1.0,0.0,0.0
51250533664228000135550020001552801064779410,2025-05-13 20:52:00.000000 UTC,Saída,RO,MERCANTIL NOVA ERA LTDA,451654,ACUCAR CRISTAL 10X2 20KG Especificacao de Qualidade - Classe: CRISTAL BRANCO Tipo: CRISTAL,17011400,6910,1.0,54.2,6.5,,,0.0,,0.0,,Anexo I,false,27.5,1.0,0.0,0.0
51250633664228000135550020001562411571967145,2025-06-05 15:03:00.000000 UTC,Saída,RO,IRMAOS GONCALVES COM E IND LTDA,451654,ACUCAR CRISTAL 10X2 20KG Especificacao de Qualidade - Classe: CRISTAL BRANCO Tipo: CRISTAL,17011400,6101,2475.0,138550.5,16626.06,,,0.0,,0.0,,Anexo I,false,27.5,1.0,0.0,0.0
51250133664228000135550020001515951760434140,2025-01-24 21:11:00.000000 UTC,Saída,MT,WMS SUPERMERCADOS DO BRASIL LTDA.,451654,ACUCAR CRISTAL 10X2 20KG Especificacao de Qualidade - Classe: CRISTAL BRANCO Tipo: CRISTAL,17011400,5401,1944.0,121701.75,14604.21,3608.49,,0.0,,0.0,,Anexo I,false,27.5,1.0,0.0,0.0
51250133664228000135550020001517981891116676,2025-01-31 13:37:00.000000 UTC,Saída,RO,FRIRON COM. DISTR. E REPR. DE FRIOS RO LTDA,451654,ACUCAR CRISTAL 10X2 20KG Especificacao de Qualidade - Classe: CRISTAL BRANCO Tipo: CRISTAL,17011400,6101,1440.0,82382.4,9885.89,,,0.0,,0.0,,Anexo I,false,27.5,1.0,0.0,0.0
51250433664228000135550020001539541540606723,2025-04-04 15:27:00.000000 UTC,Saída,MT,MARTINS & MARTINS NETO LTDA,451654,ACUCAR CRISTAL 10X2 20KG Especificacao de Qualidade - Classe: CRISTAL BRANCO Tipo: CRISTAL,17011400,5401,144.0,7801.02,936.12,231.3,,0.0,,0.0,,Anexo I,false,27.5,1.0,0.0,0.0
51250133664228000135550020001513991324982860,2025-01-20 17:25:00.000000 UTC,Saída,RO,ATACADAO S.A,451654,ACUCAR CRISTAL 10X2 20KG Especificacao de Qualidade - Classe: CRISTAL BRANCO Tipo: CRISTAL,17011400,6101,2448.0,151457.76,18174.93,,,0.0,,0.0,,Anexo I,false,27.5,1.0,0.0,0.0
51250133664228000135550020001517191200410814,2025-01-29 17:33:00.000000 UTC,Saída,MT,IDEMAR LACERDA DE MELO,451654,ACUCAR CRISTAL 10X2 20KG Especificacao de Qualidade - Classe: CRISTAL BRANCO Tipo: CRISTAL,17011400,5401,100.0,5871.9,704.63,174.1,,0.0,,0.0,,Anexo I,false,27.5,1.0,0.0,0.0
51250233664228000135550020001519431118556827,2025-02-04 20:21:00.000000 UTC,Saída,RO,ATACADAO S.A,451654,ACUCAR CRISTAL 10X2 20KG Especificacao de Qualidade - Classe: CRISTAL BRANCO Tipo: CRISTAL,17011400,6101,2376.0,155224.08,18626.89,,,0.0,,0.0,,Anexo I,false,27.5,1.0,0.0,0.0
51250233664228000135550020001527361232808642,2025-02-25 20:18:00.000000 UTC,Saída,MT,N. BOVE C. LEAL E SILVA,451654,ACUCAR CRISTAL 10X2 20KG Especificacao de Qualidade - Classe: CRISTAL BRANCO Tipo: CRISTAL,17011400,5401,768.0,42769.01,5132.28,1268.11,,0.0,,0.0,,Anexo I,false,27.5,1.0,0.0,0.0
51250333664228000135550020001534151969567171,2025-03-19 20:07:00.000000 UTC,Saída,RO,MERCANTIL NOVA ERA LTDA,451654,ACUCAR CRISTAL 10X2 20KG Especificacao de Qualidade - Classe: CRISTAL BRANCO Tipo: CRISTAL,17011400,6101,1885.0,102167.0,12260.04,,,0.0,,0.0,,Anexo I,false,27.5,1.0,0.0,0.0
51250533664228000135550020001553031619606453,2025-05-14 15:29:00.000000 UTC,Saída,RO,IRMAOS GONCALVES COM E IND LTDA,451654,ACUCAR CRISTAL 10X2 20KG Especificacao de Qualidade - Classe: CRISTAL BRANCO Tipo: CRISTAL,17011400,6101,2475.0,141347.25,16961.67,,,0.0,,0.0,,Anexo I,false,27.5,1.0,0.0,0.0
51250133664228000135550020001509421882019001,2025-01-06 14:10:00.000000 UTC,Saída,MT,DISTRIBUIDORA TROPICAL DE ALIMENTOS LTDA,451654,ACUCAR CRISTAL 10X2 20KG Especificacao de Qualidade - Classe: CRISTAL BRANCO Tipo: CRISTAL,17011400,5401,1850.0,113517.17,13622.06,3365.82,,0.0,,0.0,,Anexo I,false,27.5,1.0,0.0,0.0
51250633664228000135550020001571651891716080,2025-06-30 19:38:00.000000 UTC,Saída,MT,ROBERTO E CARVALHO LTDA,451654,ACUCAR CRISTAL 10X2 20KG Especificacao de Qualidade - Classe: CRISTAL BRANCO Tipo: CRISTAL,17011400,5401,7.0,352.84,42.34,10.46,,0.0,,0.0,,Anexo I,false,27.5,1.0,0.0,0.0
51250533664228000135550020001558071075859243,2025-05-26 20:41:00.000000 UTC,Saída,RO,IRMAOS GONCALVES COM E IND LTDA,451654,ACUCAR CRISTAL 10X2 20KG Especificacao de Qualidade - Classe: CRISTAL BRANCO Tipo: CRISTAL,17011400,6101,2475.0,142708.5,17125.02,,,0.0,,0.0,,Anexo I,false,27.5,1.0,0.0,0.0
51250333664228000135550020001529931000967858,2025-03-05 19:01:00.000000 UTC,Saída,MT,WMS SUPERMERCADOS DO BRASIL LTDA.,451654,ACUCAR CRISTAL 10X2 20KG Especificacao de Qualidade - Classe: CRISTAL BRANCO Tipo: CRISTAL,17011400,5401,2376.0,137508.67,16501.04,4077.17,,0.0,,0.0,,Anexo I,false,27.5,1.0,0.0,0.0
51250333664228000135550020001529701750434312,2025-03-05 13:25:00.000000 UTC,Saída,RO,C. T. DA LUZ COM & DISTRI DE ALIM LTDA,451654,ACUCAR CRISTAL 10X2 20KG Especificacao de Qualidade - Classe: CRISTAL BRANCO Tipo: CRISTAL,17011400,6101,2450.0,132790.0,15934.8,,,0.0,,0.0,,Anexo I,false,27.5,1.0,0.0,0.0
51250533664228000135550020001555871390274773,2025-05-21 13:26:00.000000 UTC,Saída,MT,MARTINS & MARTINS LTDA,451654,ACUCAR CRISTAL 10X2 20KG Especificacao de Qualidade - Classe: CRISTAL BRANCO Tipo: CRISTAL,17011400,5401,144.0,7582.85,909.94,224.83,,0.0,,0.0,,Anexo I,false,27.5,1.0,0.0,0.0
51250333664228000135550020001529221121878021,2025-03-03 19:17:00.000000 UTC,Saída,MT,WMS SUPERMERCADOS DO BRASIL LTDA.,451654,ACUCAR CRISTAL 10X2 20KG Especificacao de Qualidade - Classe: CRISTAL BRANCO Tipo: CRISTAL,17011400,5401,1872.0,108340.17,13000.82,3212.32,,0.0,,0.0,,Anexo I,false,27.5,1.0,0.0,0.0
51250633664228000135550020001569111477054831,2025-06-23 20:18:00.000000 UTC,Saída,MT,MASTER COMERCIO DE ALIMENTOS LTDA,451654,ACUCAR CRISTAL 10X2 20KG Especificacao de Qualidade - Classe: CRISTAL BRANCO Tipo: CRISTAL,17011400,5401,150.0,7418.05,890.17,219.95,,0.0,,0.0,,Anexo I,false,27.5,1.0,0.0,0.0
51250433664228000135550020001538841453490534,2025-04-02 21:09:00.000000 UTC,Saída,MT,RENATO RODRIGUES DE MORAIS,451654,ACUCAR CRISTAL 10X2 20KG Especificacao de Qualidade - Classe: CRISTAL BRANCO Tipo: CRISTAL,17011400,5401,50.0,2727.63,327.32,80.88,,0.0,,0.0,,Anexo I,false,27.5,1.0,0.0,0.0
51250533664228000135550020001549761626362674,2025-05-07 13:08:00.000000 UTC,Saída,MT,ELETROMAR MOVEIS E ELETRODOMESTICOS LTDA,451654,ACUCAR CRISTAL 10X2 20KG Especificacao de Qualidade - Classe: CRISTAL BRANCO Tipo: CRISTAL,17011400,5401,144.0,7855.56,942.67,232.92,,0.0,,0.0,,Anexo I,false,27.5,1.0,0.0,0.0
51251033664228000135550020001612181862151307,2025-10-07 18:49:00.000000 UTC,Saída,RO,SUDOESTE INDUSTRIA E COM. DE ALIMENTOS LTDA,451654,ACUCAR CRISTAL 10X2 20KG Especificacao de Qualidade - Classe: CRISTAL BRANCO Tipo: CRISTAL,17011400,6101,2475.0,124344.0,14921.28,,,0.0,,0.0,,Anexo I,false,27.5,1.0,0.0,0.0
51250233664228000135550020001528641240525948,2025-02-28 20:19:00.000000 UTC,Saída,MT,WMS SUPERMERCADOS DO BRASIL LTDA.,451654,ACUCAR CRISTAL 10X2 20KG Especificacao de Qualidade - Classe: CRISTAL BRANCO Tipo: CRISTAL,17011400,5401,1728.0,101667.76,12200.13,3014.48,,0.0,,0.0,,Anexo I,false,27.5,1.0,0.0,0.0
51250133664228000135550020001518091222480725,2025-01-31 14:39:00.000000 UTC,Saída,RO,IRMAOS GONCALVES COM E IND LTDA,451654,ACUCAR CRISTAL 10X2 20KG Especificacao de Qualidade - Classe: CRISTAL BRANCO Tipo: CRISTAL,17011400,6101,2475.0,150777.0,18093.24,,,0.0,,0.0,,Anexo I,false,27.5,1.0,0.0,0.0
51250633664228000135550020001562261323843741,2025-06-04 20:43:00.000000 UTC,Saída,RO,MERCANTIL NOVA ERA LTDA,451654,ACUCAR CRISTAL 10X2 20KG Especificacao de Qualidade - Classe: CRISTAL BRANCO Tipo: CRISTAL,17011400,6101,1775.0,92868.0,11144.16,,,0.0,,0.0,,Anexo I,false,27.5,1.0,0.0,0.0
51251033664228000135550020001618961767843808,2025-10-24 21:45:00.000000 UTC,Saída,RO,IRMAOS GONCALVES COM E IND LTDA,451654,ACUCAR CRISTAL 10X2 20KG Especificacao de Qualidade - Classe: CRISTAL BRANCO Tipo: CRISTAL,17011400,6101,2475.0,124616.25,14953.95,,,0.0,,0.0,,Anexo I,false,27.5,1.0,0.0,0.0
51250533664228000135550020001560261115170883,2025-05-30 14:16:00.000000 UTC,Saída,MT,WMS SUPERMERCADOS DO BRASIL LTDA.,451654,ACUCAR CRISTAL 10X2 20KG Especificacao de Qualidade - Classe: CRISTAL BRANCO Tipo: CRISTAL,17011400,5401,1512.0,83511.3,10021.36,2476.14,,0.0,,0.0,,Anexo I,false,27.5,1.0,0.0,0.0
51251033664228000135550020001613271800817373,2025-10-09 21:42:00.000000 UTC,Saída,RO,IRMAOS GONCALVES COM E IND LTDA,451654,ACUCAR CRISTAL 10X2 20KG Especificacao de Qualidade - Classe: CRISTAL BRANCO Tipo: CRISTAL,17011400,6101,2475.0,121943.25,14633.19,,,0.0,,0.0,,Anexo I,false,27.5,1.0,0.0,0.0
51250133664228000135550020001514451872439490,2025-01-21 19:18:00.000000 UTC,Saída,RO,IRMAOS GONCALVES COM E IND LTDA,451654,ACUCAR CRISTAL 10X2 20KG Especificacao de Qualidade - Classe: CRISTAL BRANCO Tipo: CRISTAL,17011400,6101,2475.0,153425.25,18411.03,,,0.0,,0.0,,Anexo I,false,27.5,1.0,0.0,0.0
51250133664228000135550020001508921319844235,2025-01-03 17:33:00.000000 UTC,Saída,MT,CASA DO BOLO E CAFETERIA LTDA,451654,ACUCAR CRISTAL 10X2 20KG Especificacao de Qualidade - Classe: CRISTAL BRANCO Tipo: CRISTAL,17011400,5401,5.0,313.46,37.62,9.29,,0.0,,0.0,,Anexo I,false,27.5,1.0,0.0,0.0
51250333664228000135550020001529531469326373,2025-03-04 19:01:00.000000 UTC,Saída,MT,SANTOGO ALIMENTOS LTDA,451654,ACUCAR CRISTAL 10X2 20KG Especificacao de Qualidade - Classe: CRISTAL BRANCO Tipo: CRISTAL,17011400,5401,275.0,16361.38,1963.37,485.12,,0.0,,0.0,,Anexo I,false,27.5,1.0,0.0,0.0
51250133664228000135550020001518131780157755,2025-01-31 15:40:00.000000 UTC,Saída,RO,SENDAS DISTRIBUIDORA S/A,451654,ACUCAR CRISTAL 10X2 20KG Especificacao de Qualidade - Classe: CRISTAL BRANCO Tipo: CRISTAL,17011400,6101,2475.0,159365.25,19123.83,,,0.0,,0.0,,Anexo I,false,27.5,1.0,0.0,0.0
51250533664228000135550020001548931605954616,2025-05-05 18:51:00.000000 UTC,Saída,MT,REGIONAL SUPERMERC CENTRO LTDA,451654,ACUCAR CRISTAL 10X2 20KG Especificacao de Qualidade - Classe: CRISTAL BRANCO Tipo: CRISTAL,17011400,5401,144.0,7855.56,942.67,232.92,,0.0,,0.0,,Anexo I,false,27.5,1.0,0.0,0.0
51250233664228000135550020001523941876519207,2025-02-17 18:49:00.000000 UTC,Saída,MT,DEL MORO & DEL MORO LTDA,451654,ACUCAR CRISTAL 10X2 20KG Especificacao de Qualidade - Classe: CRISTAL BRANCO Tipo: CRISTAL,17011400,5401,1536.0,84956.22,10194.75,2518.98,,0.0,,0.0,,Anexo I,false,27.5,1.0,0.0,0.0
51250533664228000135550020001552911720422823,2025-05-14 13:45:00.000000 UTC,Saída,MT,MARLY ROSA ALVES - ME,451654,ACUCAR CRISTAL 10X2 20KG Especificacao de Qualidade - Classe: CRISTAL BRANCO Tipo: CRISTAL,17011400,5401,1000.0,52658.65,6319.04,1561.35,,0.0,,0.0,,Anexo I,false,27.5,1.0,0.0,0.0
51250133664228000135550020001512121230955411,2025-01-14 11:17:00.000000 UTC,Saída,MT,WMS SUPERMERCADOS DO BRASIL LTDA.,451654,ACUCAR CRISTAL 10X2 20KG Especificacao de Qualidade - Classe: CRISTAL BRANCO Tipo: CRISTAL,17011400,5401,1792.0,114065.6,13687.87,3382.08,,0.0,,0.0,,Anexo I,false,27.5,1.0,0.0,0.0
51250233664228000135550020001526881919058302,2025-02-24 19:30:00.000000 UTC,Saída,MT,COM. ZAMBI DE PRODUTOS ALIMENTICIOS LTDA,451654,ACUCAR CRISTAL 10X2 20KG Especificacao de Qualidade - Classe: CRISTAL BRANCO Tipo: CRISTAL,17011400,5401,576.0,32076.75,3849.21,951.09,,0.0,,0.0,,Anexo I,false,27.5,1.0,0.0,0.0
51250633664228000135550020001564081941503705,2025-06-09 20:08:00.000000 UTC,Saída,RO,SENDAS DISTRIBUIDORA S/A,451654,ACUCAR CRISTAL 10X2 20KG Especificacao de Qualidade - Classe: CRISTAL BRANCO Tipo: CRISTAL,17011400,6101,975.0,55965.0,6715.8,,,0.0,,0.0,,Anexo I,false,27.5,1.0,0.0,0.0
51251133664228000135550020001632921119053282,2025-11-24 17:05:00.000000 UTC,Saída,RO,C. T. DA LUZ COM & DISTRI DE ALIM LTDA,451654,ACUCAR CRISTAL 10X2 20KG Especificacao de Qualidade - Classe: CRISTAL BRANCO Tipo: CRISTAL,17011400,6101,2450.0,110691.0,13282.92,,,0.0,,0.0,,Anexo I,false,27.5,1.0,0.0,0.0
51250333664228000135550020001532841446412152,2025-03-14 20:22:00.000000 UTC,Saída,AC,L & G ALIMENTOS DO BRASIL LTDA,451654,ACUCAR CRISTAL 10X2 20KG Especificacao de Qualidade - Classe: CRISTAL BRANCO Tipo: CRISTAL,17011400,6101,100.0,6234.0,748.08,,,0.0,,0.0,,Anexo I,false,27.5,1.0,0.0,0.0
51250333664228000135550020001533891962947988,2025-03-19 12:49:00.000000 UTC,Saída,MT,DEL MORO & DEL MORO LTDA,451654,ACUCAR CRISTAL 10X2 20KG Especificacao de Qualidade - Classe: CRISTAL BRANCO Tipo: CRISTAL,17011400,5401,1536.0,83210.85,9985.3,2467.23,,0.0,,0.0,,Anexo I,false,27.5,1.0,0.0,0.0
51250933664228000135550020001609981415692086,2025-09-30 21:12:00.000000 UTC,Saída,AC,SENDAS DISTRIBUIDORA S/A,451654,ACUCAR CRISTAL 10X2 20KG Especificacao de Qualidade - Classe: CRISTAL BRANCO Tipo: CRISTAL,17011400,6101,792.0,45635.04,5476.2,,,0.0,,0.0,,Anexo I,false,27.5,1.0,0.0,0.0
51250233664228000135550020001523181742699128,2025-02-14 13:11:00.000000 UTC,Saída,MT,MARTINS & BRUCHMAM MARTINS LTDA,451654,ACUCAR CRISTAL 10X2 20KG Especificacao de Qualidade - Classe: CRISTAL BRANCO Tipo: CRISTAL,17011400,5401,300.0,16898.94,2027.87,501.06,,0.0,,0.0,,Anexo I,false,27.5,1.0,0.0,0.0
51250233664228000135550020001519741712574740,2025-02-05 19:17:00.000000 UTC,Saída,RO,ATACADAO S.A,451654,ACUCAR CRISTAL 10X2 20KG Especificacao de Qualidade - Classe: CRISTAL BRANCO Tipo: CRISTAL,17011400,6101,720.0,44280.0,5313.6,,,0.0,,0.0,,Anexo I,false,27.5,1.0,0.0,0.0
51250133664228000135550020001516951414535754,2025-01-29 12:10:00.000000 UTC,Saída,MT,MARQUES DE QUEIROZ & CIA LTDA - EPP,451654,ACUCAR CRISTAL 10X2 20KG Especificacao de Qualidade - Classe: CRISTAL BRANCO Tipo: CRISTAL,17011400,5401,88.0,5066.42,607.97,150.22,,0.0,,0.0,,Anexo I,false,27.5,1.0,0.0,0.0
51251133664228000135550020001630991992756160,2025-11-19 14:13:00.000000 UTC,Saída,RO,JEEDA COMERCIAL DIST. DE ALIMENTOS LTDA,451654,ACUCAR CRISTAL 10X2 20KG Especificacao de Qualidade - Classe: CRISTAL BRANCO Tipo: CRISTAL,17011400,6101,1500.0,73485.0,8818.2,,,0.0,,0.0,,Anexo I,false,27.5,1.0,0.0,0.0
51250633664228000135550020001566441515572088,2025-06-16 15:40:00.000000 UTC,Saída,MT,WMS SUPERMERCADOS DO BRASIL LTDA.,451654,ACUCAR CRISTAL 10X2 20KG Especificacao de Qualidade - Classe: CRISTAL BRANCO Tipo: CRISTAL,17011400,5401,1728.0,93142.29,11177.07,2761.7,,0.0,,0.0,,Anexo I,false,27.5,1.0,0.0,0.0
51250533664228000135550020001559471376305418,2025-05-28 23:14:00.000000 UTC,Saída,MT,MARTINS & MARTINS LTDA,451654,ACUCAR CRISTAL 10X2 20KG Especificacao de Qualidade - Classe: CRISTAL BRANCO Tipo: CRISTAL,17011400,5401,504.0,27949.68,3353.96,828.72,,0.0,,0.0,,Anexo I,false,27.5,1.0,0.0,0.0
51250633664228000135550020001569331914492048,2025-06-24 14:59:00.000000 UTC,Saída,AC,SENDAS DISTRIBUIDORA S/A,451654,ACUCAR CRISTAL 10X2 20KG Especificacao de Qualidade - Classe: CRISTAL BRANCO Tipo: CRISTAL,17011400,6101,576.0,35032.32,4203.88,,,0.0,,0.0,,Anexo I,false,27.5,1.0,0.0,0.0
51250233664228000135550020001528131780504313,2025-02-27 19:01:00.000000 UTC,Saída,MT,SENDAS DISTRIBUIDORA S/A,451654,ACUCAR CRISTAL 10X2 20KG Especificacao de Qualidade - Classe: CRISTAL BRANCO Tipo: CRISTAL,17011400,5401,1728.0,99351.77,11922.21,2945.81,,0.0,,0.0,,Anexo I,false,27.5,1.0,0.0,0.0
51250433664228000135550020001547051024069760,2025-04-30 13:15:00.000000 UTC,Saída,MT,SUPERMERCADO MULTIMARCA LTDA,451654,ACUCAR CRISTAL 10X2 20KG Especificacao de Qualidade - Classe: CRISTAL BRANCO Tipo: CRISTAL,17011400,5910,8.0,436.42,52.37,12.94,,0.0,,0.0,,Anexo I,false,27.5,1.0,0.0,0.0
51250133664228000135550020001515701275680039,2025-01-24 19:14:00.000000 UTC,Saída,RO,A. TOMASI & CIA LTDA,451654,ACUCAR CRISTAL 10X2 20KG Especificacao de Qualidade - Classe: CRISTAL BRANCO Tipo: CRISTAL,17011400,6101,2450.0,151312.0,18157.44,,,0.0,,0.0,,Anexo I,false,27.5,1.0,0.0,0.0
51250333664228000135550020001531441217050561,2025-03-11 15:01:00.000000 UTC,Saída,MT,CESTAS BASICAS CONQUISTA LTDA,451654,ACUCAR CRISTAL 10X2 20KG Especificacao de Qualidade - Classe: CRISTAL BRANCO Tipo: CRISTAL,17011400,5401,1152.0,62654.28,7518.51,1857.72,,0.0,,0.0,,Anexo I,false,27.5,1.0,0.0,0.0
51250133664228000135550020001510601541408273,2025-01-09 13:43:00.000000 UTC,Saída,MT,WMS SUPERMERCADOS DO BRASIL LTDA.,451654,ACUCAR CRISTAL 10X2 20KG Especificacao de Qualidade - Classe: CRISTAL BRANCO Tipo: CRISTAL,17011400,5401,1728.0,111619.73,13394.37,3309.56,,0.0,,0.0,,Anexo I,false,27.5,1.0,0.0,0.0
51250633664228000135550020001564971404885633,2025-06-11 14:51:00.000000 UTC,Saída,RO,SENDAS DISTRIBUIDORA S/A,451654,ACUCAR CRISTAL 10X2 20KG Especificacao de Qualidade - Classe: CRISTAL BRANCO Tipo: CRISTAL,17011400,6101,785.0,45059.0,5407.08,,,0.0,,0.0,,Anexo I,false,27.5,1.0,0.0,0.0
51250133664228000135550020001515461774283811,2025-01-24 13:27:00.000000 UTC,Saída,MT,K.R. LOPES DE CASTRO & CIA LTDA,451654,ACUCAR CRISTAL 10X2 20KG Especificacao de Qualidade - Classe: CRISTAL BRANCO Tipo: CRISTAL,17011400,5401,216.0,12800.77,1536.09,379.55,,0.0,,0.0,,Anexo I,false,27.5,1.0,0.0,0.0
51250233664228000135550020001524541896685927,2025-02-18 20:22:00.000000 UTC,Saída,MT,MARTINS & MARTINS LTDA,451654,ACUCAR CRISTAL 10X2 20KG Especificacao de Qualidade - Classe: CRISTAL BRANCO Tipo: CRISTAL,17011400,5401,48.0,2673.06,320.77,79.26,,0.0,,0.0,,Anexo I,false,27.5,1.0,0.0,0.0
51250333664228000135550020001535521791617556,2025-03-24 20:23:00.000000 UTC,Saída,MT,JUBA SUPERMERCADOS LTDA,451654,ACUCAR CRISTAL 10X2 20KG Especificacao de Qualidade - Classe: CRISTAL BRANCO Tipo: CRISTAL,17011400,5401,1872.0,104740.33,12568.84,3105.58,,0.0,,0.0,,Anexo I,false,27.5,1.0,0.0,0.0
51251233664228000135550020001642831586798940,2025-12-15 21:32:00.000000 UTC,Saída,MT,CASA DO ALIMENTO LTDA,451654,ACUCAR CRISTAL 10X2 20KG Especificacao de Qualidade - Classe: CRISTAL BRANCO Tipo: CRISTAL,17011400,5910,20.0,887.68,106.52,26.32,,0.0,,0.0,,Anexo I,false,27.5,1.0,0.0,0.0
51250633664228000135550020001561581407424896,2025-06-03 15:42:00.000000 UTC,Saída,MT,R. SODRE ALEIXO LTDA,451654,ACUCAR CRISTAL 10X2 20KG Especificacao de Qualidade - Classe: CRISTAL BRANCO Tipo: CRISTAL,17011400,5401,200.0,10910.5,1309.26,323.5,,0.0,,0.0,,Anexo I,false,27.5,1.0,0.0,0.0
51250533664228000135550020001556931035920844,2025-05-22 20:00:00.000000 UTC,Saída,RO,IRMAOS GONCALVES COM E IND LTDA,451654,ACUCAR CRISTAL 10X2 20KG Especificacao de Qualidade - Classe: CRISTAL BRANCO Tipo: CRISTAL,17011400,6101,2475.0,138674.25,16640.91,,,0.0,,0.0,,Anexo I,false,27.5,1.0,0.0,0.0
51250233664228000135550020001522431467654251,2025-02-12 17:27:00.000000 UTC,Saída,MT,LUSIMAR CARLOS ZANARDI,451654,ACUCAR CRISTAL 10X2 20KG Especificacao de Qualidade - Classe: CRISTAL BRANCO Tipo: CRISTAL,17011400,5401,20.0,1193.41,143.21,35.39,,0.0,,0.0,,Anexo I,false,27.5,1.0,0.0,0.0
51250133664228000135550020001514431653191250,2025-01-21 18:56:00.000000 UTC,Saída,MT,WMS SUPERMERCADOS DO BRASIL LTDA.,451654,ACUCAR CRISTAL 10X2 20KG Especificacao de Qualidade - Classe: CRISTAL BRANCO Tipo: CRISTAL,17011400,5401,1728.0,102137.66,12256.52,3028.41,,0.0,,0.0,,Anexo I,false,27.5,1.0,0.0,0.0
51250233664228000135550020001524071204870292,2025-02-17 21:17:00.000000 UTC,Saída,MT,WMS SUPERMERCADOS DO BRASIL LTDA.,451654,ACUCAR CRISTAL 10X2 20KG Especificacao de Qualidade - Classe: CRISTAL BRANCO Tipo: CRISTAL,17011400,5401,1656.0,99924.48,11990.94,2962.79,,0.0,,0.0,,Anexo I,false,27.5,1.0,0.0,0.0
51251033664228000135550020001618561212099231,2025-10-24 15:30:00.000000 UTC,Saída,RO,IRMAOS GONCALVES COM E IND LTDA,451654,ACUCAR CRISTAL 10X2 20KG Especificacao de Qualidade - Classe: CRISTAL BRANCO Tipo: CRISTAL,17011400,6101,2475.0,128576.25,15429.15,,,0.0,,0.0,,Anexo I,false,27.5,1.0,0.0,0.0
51250233664228000135550020001525861299763897,2025-02-21 14:55:00.000000 UTC,Saída,MT,UNICO SUPERMERCADO LTDA,451654,ACUCAR CRISTAL 10X2 20KG Especificacao de Qualidade - Classe: CRISTAL BRANCO Tipo: CRISTAL,17011400,5401,500.0,29747.96,3569.76,882.04,,0.0,,0.0,,Anexo I,false,27.5,1.0,0.0,0.0
51250633664228000135550020001569161173044220,2025-06-23 21:55:00.000000 UTC,Saída,MT,COMPACTA COMERCIAL LTDA,451654,ACUCAR CRISTAL 10X2 20KG Especificacao de Qualidade - Classe: CRISTAL BRANCO Tipo: CRISTAL,17011400,5401,1872.0,98467.91,11816.15,2919.6,,0.0,,0.0,,Anexo I,false,27.5,1.0,0.0,0.0
51250333664228000135550020001532411860097501,2025-03-13 20:43:00.000000 UTC,Saída,RO,JIBRAM COMERCIO E TRANSP. LTDA,451654,ACUCAR CRISTAL 10X2 20KG Especificacao de Qualidade - Classe: CRISTAL BRANCO Tipo: CRISTAL,17011400,6101,1950.0,105690.0,12682.8,,,0.0,,0.0,,Anexo I,false,27.5,1.0,0.0,0.0
51250433664228000135550020001545511909747890,2025-04-25 15:11:00.000000 UTC,Saída,MT,D R TAMBARUSSI & CIA LTDA,451654,ACUCAR CRISTAL 10X2 20KG Especificacao de Qualidade - Classe: CRISTAL BRANCO Tipo: CRISTAL,17011400,5401,750.0,40630.3,4875.64,1204.7,,0.0,,0.0,,Anexo I,false,27.5,1.0,0.0,0.0
51250433664228000135550020001544931426120235,2025-04-24 14:35:00.000000 UTC,Saída,MT,SANTOGO ALIMENTOS LTDA,451654,ACUCAR CRISTAL 10X2 20KG Especificacao de Qualidade - Classe: CRISTAL BRANCO Tipo: CRISTAL,17011400,5401,500.0,28995.28,3479.43,859.72,,0.0,,0.0,,Anexo I,false,27.5,1.0,0.0,0.0
51251033664228000135550020001612451804132726,2025-10-08 14:55:00.000000 UTC,Saída,RO,SENDAS DISTRIBUIDORA S/A,451654,ACUCAR CRISTAL 10X2 20KG Especificacao de Qualidade - Classe: CRISTAL BRANCO Tipo: CRISTAL,17011400,6101,1500.0,80250.0,9630.0,,,0.0,,0.0,,Anexo I,false,27.5,1.0,0.0,0.0
51250133664228000135550020001516161892059217,2025-01-27 13:45:00.000000 UTC,Saída,MT,REGIONAL SUPERMERC CENTRO LTDA,451654,ACUCAR CRISTAL 10X2 20KG Especificacao de Qualidade - Classe: CRISTAL BRANCO Tipo: CRISTAL,17011400,5401,144.0,8290.5,994.86,245.82,,0.0,,0.0,,Anexo I,false,27.5,1.0,0.0,0.0
51251133664228000135550020001630251828105027,2025-11-18 17:13:00.000000 UTC,Saída,RO,RODOLFO E MARQUES LTDA,451654,ACUCAR CRISTAL 10X2 20KG Especificacao de Qualidade - Classe: CRISTAL BRANCO Tipo: CRISTAL,17011400,6101,900.0,43866.0,5263.92,,,0.0,,0.0,,Anexo I,false,27.5,1.0,0.0,0.0
51250333664228000135550020001533181987616398,2025-03-17 14:35:00.000000 UTC,Saída,MT,MARTINS & MARTINS NETO LTDA,451654,ACUCAR CRISTAL 10X2 20KG Especificacao de Qualidade - Classe: CRISTAL BRANCO Tipo: CRISTAL,17011400,5401,661.0,36059.2,4327.1,1069.17,,0.0,,0.0,,Anexo I,false,27.5,1.0,0.0,0.0
51250533664228000135550020001555421203773756,2025-05-20 14:28:00.000000 UTC,Saída,MT,WMS SUPERMERCADOS DO BRASIL LTDA.,451654,ACUCAR CRISTAL 10X2 20KG Especificacao de Qualidade - Classe: CRISTAL BRANCO Tipo: CRISTAL,17011400,5401,576.0,32686.51,3922.38,969.17,,0.0,,0.0,,Anexo I,false,27.5,1.0,0.0,0.0
51250333664228000135550020001532111966583362,2025-03-13 13:20:00.000000 UTC,Saída,MT,DEL MORO & DEL MORO LTDA,451654,ACUCAR CRISTAL 10X2 20KG Especificacao de Qualidade - Classe: CRISTAL BRANCO Tipo: CRISTAL,17011400,5401,1536.0,83210.85,9985.3,2467.23,,0.0,,0.0,,Anexo I,false,27.5,1.0,0.0,0.0
51250533664228000135550020001556491934021569,2025-05-22 12:19:00.000000 UTC,Saída,MT,N. BOVE C. LEAL E SILVA,451654,ACUCAR CRISTAL 10X2 20KG Especificacao de Qualidade - Classe: CRISTAL BRANCO Tipo: CRISTAL,17011400,5401,767.0,40389.18,4846.7,1197.55,,0.0,,0.0,,Anexo I,false,27.5,1.0,0.0,0.0
51250433664228000135550020001539321878490135,2025-04-04 13:13:00.000000 UTC,Saída,MT,BORGMANN ALIMENTOS LTDA,451654,ACUCAR CRISTAL 10X2 20KG Especificacao de Qualidade - Classe: CRISTAL BRANCO Tipo: CRISTAL,17011400,5401,25.0,1439.32,172.72,42.68,,0.0,,0.0,,Anexo I,false,27.5,1.0,0.0,0.0
51251033664228000135550020001612021660932014,2025-10-07 14:55:00.000000 UTC,Saída,RO,MERCANTIL NOVA ERA LTDA,451654,ACUCAR CRISTAL 10X2 20KG Especificacao de Qualidade - Classe: CRISTAL BRANCO Tipo: CRISTAL,17011400,6101,2475.0,116473.5,13976.82,,,0.0,,0.0,,Anexo I,false,27.5,1.0,0.0,0.0
51251233664228000135550020001640911771984314,2025-12-10 20:17:00.000000 UTC,Saída,RO,STRE COMERCIO DE ALIMENTOS LTDA,451654,ACUCAR CRISTAL 10X2 20KG Especificacao de Qualidade - Classe: CRISTAL BRANCO Tipo: CRISTAL,17011400,6101,900.0,42903.0,5148.36,,,0.0,,0.0,,Anexo I,false,27.5,1.0,0.0,0.0
51251233664228000135550020001642841420260131,2025-12-15 22:02:00.000000 UTC,Saída,RO,SUDOESTE INDUSTRIA E COM. DE ALIMENTOS LTDA,451654,ACUCAR CRISTAL 10X2 20KG Especificacao de Qualidade - Classe: CRISTAL BRANCO Tipo: CRISTAL,17011400,6101,2475.0,116127.0,13935.24,,,0.0,,0.0,,Anexo I,false,27.5,1.0,0.0,0.0
51250533664228000135550020001553631207009758,2025-05-15 19:32:00.000000 UTC,Saída,MT,SELMA DUARTE DE SOUZA BUSIQUIA 48885223168,451654,ACUCAR CRISTAL 10X2 20KG Especificacao de Qualidade - Classe: CRISTAL BRANCO Tipo: CRISTAL,17011400,5401,10.0,547.56,65.71,16.24,,0.0,,0.0,,Anexo I,false,27.5,1.0,0.0,0.0
51250233664228000135550020001520691700465199,2025-02-07 18:34:00.000000 UTC,Saída,MT,K.R. LOPES DE CASTRO & CIA LTDA,451654,ACUCAR CRISTAL 10X2 20KG Especificacao de Qualidade - Classe: CRISTAL BRANCO Tipo: CRISTAL,17011400,5401,216.0,12800.77,1536.09,379.55,,0.0,,0.0,,Anexo I,false,27.5,1.0,0.0,0.0
51251033664228000135550020001613131769436525,2025-10-09 18:39:00.000000 UTC,Saída,RO,IRMAOS GONCALVES COM E IND LTDA,451654,ACUCAR CRISTAL 10X2 20KG Especificacao de Qualidade - Classe: CRISTAL BRANCO Tipo: CRISTAL,17011400,6101,2475.0,125977.5,15117.3,,,0.0,,0.0,,Anexo I,false,27.5,1.0,0.0,0.0
51250233664228000135550020001520381001822050,2025-02-07 13:48:00.000000 UTC,Saída,MT,M. J. SERTAO DA COSTA LTDA,451654,ACUCAR CRISTAL 10X2 20KG Especificacao de Qualidade - Classe: CRISTAL BRANCO Tipo: CRISTAL,17011400,5401,10.0,575.73,69.09,17.07,,0.0,,0.0,,Anexo I,false,27.5,1.0,0.0,0.0
51250533664228000135550020001553641971017120,2025-05-15 19:35:00.000000 UTC,Saída,MT,FLAVIO FERREIRA DA COSTA LTDA,451654,ACUCAR CRISTAL 10X2 20KG Especificacao de Qualidade - Classe: CRISTAL BRANCO Tipo: CRISTAL,17011400,5401,5.0,273.78,32.85,8.12,,0.0,,0.0,,Anexo I,false,27.5,1.0,0.0,0.0
51250633664228000135550020001571321223975383,2025-06-30 14:33:00.000000 UTC,Saída,MT,WMS SUPERMERCADOS DO BRASIL LTDA.,451654,ACUCAR CRISTAL 10X2 20KG Especificacao de Qualidade - Classe: CRISTAL BRANCO Tipo: CRISTAL,17011400,5401,1872.0,99140.6,11896.87,2939.55,,0.0,,0.0,,Anexo I,false,27.5,1.0,0.0,0.0
51250433664228000135550020001539531403099083,2025-04-04 15:26:00.000000 UTC,Saída,MT,MARTINS & MARTINS NETO LTDA,451654,ACUCAR CRISTAL 10X2 20KG Especificacao de Qualidade - Classe: CRISTAL BRANCO Tipo: CRISTAL,17011400,5401,288.0,15602.03,1872.24,462.6,,0.0,,0.0,,Anexo I,false,27.5,1.0,0.0,0.0
51250233664228000135550020001520241824962761,2025-02-06 20:38:00.000000 UTC,Saída,RO,C. T. DA LUZ COM & DISTRI DE ALIM LTDA,451654,ACUCAR CRISTAL 10X2 20KG Especificacao de Qualidade - Classe: CRISTAL BRANCO Tipo: CRISTAL,17011400,6101,2450.0,140164.5,16819.74,,,0.0,,0.0,,Anexo I,false,27.5,1.0,0.0,0.0
51250633664228000135550020001561861638158444,2025-06-04 12:19:00.000000 UTC,Saída,MT,MARTINS & MARTINS LTDA,451654,ACUCAR CRISTAL 10X2 20KG Especificacao de Qualidade - Classe: CRISTAL BRANCO Tipo: CRISTAL,17011400,5401,72.0,3709.61,445.15,109.99,,0.0,,0.0,,Anexo I,false,27.5,1.0,0.0,0.0
51250133664228000135550020001511721677706094,2025-01-13 13:13:00.000000 UTC,Saída,MT,J. A. RODRIGUES LEMES - ME,451654,ACUCAR CRISTAL 10X2 20KG Especificacao de Qualidade - Classe: CRISTAL BRANCO Tipo: CRISTAL,17011400,5401,20.0,1265.09,151.81,37.51,,0.0,,0.0,,Anexo I,false,27.5,1.0,0.0,0.0
51251233664228000135550020001646611280997010,2025-12-23 20:15:00.000000 UTC,Saída,RO,IRMAOS GONCALVES COM E IND LTDA,451654,ACUCAR CRISTAL 10X2 20KG Especificacao de Qualidade - Classe: CRISTAL BRANCO Tipo: CRISTAL,17011400,6101,2475.0,114369.75,13724.37,,,0.0,,0.0,,Anexo I,false,27.5,1.0,0.0,0.0
51250133664228000135550020001511791027656794,2025-01-13 13:31:00.000000 UTC,Saída,MT,WMS SUPERMERCADOS DO BRASIL LTDA.,451654,ACUCAR CRISTAL 10X2 20KG Especificacao de Qualidade - Classe: CRISTAL BRANCO Tipo: CRISTAL,17011400,5401,1024.0,65180.34,7821.64,1932.62,,0.0,,0.0,,Anexo I,false,27.5,1.0,0.0,0.0
51250633664228000135550020001569011405723005,2025-06-23 18:32:00.000000 UTC,Saída,MT,W. DO PRADO SILVA LTDA,451654,ACUCAR CRISTAL 10X2 20KG Especificacao de Qualidade - Classe: CRISTAL BRANCO Tipo: CRISTAL,17011400,5401,60.0,3114.65,373.76,92.35,,0.0,,0.0,,Anexo I,false,27.5,1.0,0.0,0.0
51251033664228000135550020001611211153220005,2025-10-03 20:19:00.000000 UTC,Saída,RO,SENDAS DISTRIBUIDORA S/A,451654,ACUCAR CRISTAL 10X2 20KG Especificacao de Qualidade - Classe: CRISTAL BRANCO Tipo: CRISTAL,17011400,6101,880.0,47080.0,5649.6,,,0.0,,0.0,,Anexo I,false,27.5,1.0,0.0,0.0
51250433664228000135550020001546751168518528,2025-04-29 20:44:00.000000 UTC,Saída,RO,SENDAS DISTRIBUIDORA S/A,451654,ACUCAR CRISTAL 10X2 20KG Especificacao de Qualidade - Classe: CRISTAL BRANCO Tipo: CRISTAL,17011400,6101,600.0,37056.0,4446.72,,,0.0,,0.0,,Anexo I,false,27.5,1.0,0.0,0.0
51250133664228000135550020001515921661409251,2025-01-24 20:35:00.000000 UTC,Saída,RO,SENDAS DISTRIBUIDORA S/A,451654,ACUCAR CRISTAL 10X2 20KG Especificacao de Qualidade - Classe: CRISTAL BRANCO Tipo: CRISTAL,17011400,6101,975.0,63150.75,7578.09,,,0.0,,0.0,,Anexo I,false,27.5,1.0,0.0,0.0
51250333664228000135550020001529431403304286,2025-03-04 13:12:00.000000 UTC,Saída,MT,CEREALISTA RIO VERDE LTDA,451654,ACUCAR CRISTAL 10X2 20KG Especificacao de Qualidade - Classe: CRISTAL BRANCO Tipo: CRISTAL,17011400,5401,2000.0,111377.6,13365.31,3302.38,,0.0,,0.0,,Anexo I,false,27.5,1.0,0.0,0.0
51250433664228000135550020001540791823362129,2025-04-09 14:49:00.000000 UTC,Saída,MT,GENIVALDO DOS REIS GONCALVES LTDA,451654,ACUCAR CRISTAL 10X2 20KG Especificacao de Qualidade - Classe: CRISTAL BRANCO Tipo: CRISTAL,17011400,5401,30.0,1699.22,203.91,50.38,,0.0,,0.0,,Anexo I,false,27.5,1.0,0.0,0.0
51251033664228000135550020001612821445081189,2025-10-09 14:10:00.000000 UTC,Saída,RO,IRMAOS GONCALVES COM E IND LTDA,451654,ACUCAR CRISTAL 10X2 20KG Especificacao de Qualidade - Classe: CRISTAL BRANCO Tipo: CRISTAL,17011400,6101,2475.0,126225.0,15147.0,,,0.0,,0.0,,Anexo I,false,27.5,1.0,0.0,0.0
51250333664228000135550020001537631655221845,2025-03-28 20:35:00.000000 UTC,Saída,RO,IRMAOS GONCALVES COM E IND LTDA,451654,ACUCAR CRISTAL 10X2 20KG Especificacao de Qualidade - Classe: CRISTAL BRANCO Tipo: CRISTAL,17011400,6101,2475.0,145059.75,17407.17,,,0.0,,0.0,,Anexo I,false,27.5,1.0,0.0,0.0
51250333664228000135550020001532091724485425,2025-03-13 13:09:00.000000 UTC,Saída,MT,REAL BARRA SUPERMERCADO LTDA,451654,ACUCAR CRISTAL 10X2 20KG Especificacao de Qualidade - Classe: CRISTAL BRANCO Tipo: CRISTAL,17011400,5401,288.0,15602.03,1872.24,462.6,,0.0,,0.0,,Anexo I,false,27.5,1.0,0.0,0.0
51251033664228000135550020001618571664425932,2025-10-24 15:35:00.000000 UTC,Saída,RO,C. T. DA LUZ COM & DISTRI DE ALIM LTDA,451654,ACUCAR CRISTAL 10X2 20KG Especificacao de Qualidade - Classe: CRISTAL BRANCO Tipo: CRISTAL,17011400,6101,2430.0,109787.4,13174.49,,,0.0,,0.0,,Anexo I,false,27.5,1.0,0.0,0.0
51250133664228000135550020001508901512831749,2025-01-03 17:29:00.000000 UTC,Saída,MT,I. I. CARNEIRO,451654,ACUCAR CRISTAL 10X2 20KG Especificacao de Qualidade - Classe: CRISTAL BRANCO Tipo: CRISTAL,17011400,5401,6.0,376.15,45.14,11.15,,0.0,,0.0,,Anexo I,false,27.5,1.0,0.0,0.0
51251233664228000135550020001638811010083244,2025-12-05 22:27:00.000000 UTC,Saída,RO,ATACADAO S.A,451654,ACUCAR CRISTAL 10X2 20KG Especificacao de Qualidade - Classe: CRISTAL BRANCO Tipo: CRISTAL,17011400,6101,2448.0,129572.64,15548.72,,,0.0,,0.0,,Anexo I,false,27.5,1.0,0.0,0.0
51250133664228000135550020001517201003552773,2025-01-29 17:55:00.000000 UTC,Saída,MT,BALTAZAR PEREIRA DE OLIVEIRA,451654,ACUCAR CRISTAL 10X2 20KG Especificacao de Qualidade - Classe: CRISTAL BRANCO Tipo: CRISTAL,17011400,5401,1.0,57.57,6.91,1.71,,0.0,,0.0,,Anexo I,false,27.5,1.0,0.0,0.0
51250633664228000135550020001570221791999737,2025-06-25 20:43:00.000000 UTC,Saída,RO,IRMAOS GONCALVES COM E IND LTDA,451654,ACUCAR CRISTAL 10X2 20KG Especificacao de Qualidade - Classe: CRISTAL BRANCO Tipo: CRISTAL,17011400,6101,2000.0,111960.0,13435.2,,,0.0,,0.0,,Anexo I,false,27.5,1.0,0.0,0.0
51250533664228000135550020001559141268137916,2025-05-28 19:45:00.000000 UTC,Saída,MT,MARTINS & BRUCHMAM MARTINS LTDA,451654,ACUCAR CRISTAL 10X2 20KG Especificacao de Qualidade - Classe: CRISTAL BRANCO Tipo: CRISTAL,17011400,5401,2448.0,126126.69,15135.2,3739.7,,0.0,,0.0,,Anexo I,false,27.5,1.0,0.0,0.0
51250633664228000135550020001561431615600224,2025-06-03 14:07:00.000000 UTC,Saída,RO,IRMAOS GONCALVES COM E IND LTDA,451654,ACUCAR CRISTAL 10X2 20KG Especificacao de Qualidade - Classe: CRISTAL BRANCO Tipo: CRISTAL,17011400,6101,2475.0,138550.5,16626.06,,,0.0,,0.0,,Anexo I,false,27.5,1.0,0.0,0.0
51250133664228000135550020001513211077341453,2025-01-16 20:12:00.000000 UTC,Saída,MT,WMS SUPERMERCADOS DO BRASIL LTDA.,451654,ACUCAR CRISTAL 10X2 20KG Especificacao de Qualidade - Classe: CRISTAL BRANCO Tipo: CRISTAL,17011400,5401,1728.0,108514.98,13021.8,3217.5,,0.0,,0.0,,Anexo I,false,27.5,1.0,0.0,0.0
51250533664228000135550020001556901328548238,2025-05-22 19:30:00.000000 UTC,Saída,MT,MARTINS & MARTINS NETO LTDA,451654,ACUCAR CRISTAL 10X2 20KG Especificacao de Qualidade - Classe: CRISTAL BRANCO Tipo: CRISTAL,17011400,5401,144.0,7582.85,909.94,224.83,,0.0,,0.0,,Anexo I,false,27.5,1.0,0.0,0.0
51250133664228000135550020001510541369006713,2025-01-09 13:04:00.000000 UTC,Saída,MT,K.R. LOPES DE CASTRO & CIA LTDA EPP,451654,ACUCAR CRISTAL 10X2 20KG Especificacao de Qualidade - Classe: CRISTAL BRANCO Tipo: CRISTAL,17011400,5401,1296.0,80240.83,9628.9,2379.17,,0.0,,0.0,,Anexo I,false,27.5,1.0,0.0,0.0
51250633664228000135550020001566251168679097,2025-06-14 17:45:00.000000 UTC,Saída,MT,SENDAS DISTRIBUIDORA S/A,451654,ACUCAR CRISTAL 10X2 20KG Especificacao de Qualidade - Classe: CRISTAL BRANCO Tipo: CRISTAL,17011400,5401,1080.0,57196.51,6863.58,1695.89,,0.0,,0.0,,Anexo I,false,27.5,1.0,0.0,0.0
51250433664228000135550020001542361755350640,2025-04-14 20:12:00.000000 UTC,Saída,RO,A. TOMASI & CIA LTDA,451654,ACUCAR CRISTAL 10X2 20KG Especificacao de Qualidade - Classe: CRISTAL BRANCO Tipo: CRISTAL,17011400,6101,2450.0,143962.0,17275.44,,,0.0,,0.0,,Anexo I,false,27.5,1.0,0.0,0.0
51250533664228000135550020001558701856035590,2025-05-27 20:33:00.000000 UTC,Saída,MT,K. M. FERRARI & CIA LTDA ME,451654,ACUCAR CRISTAL 10X2 20KG Especificacao de Qualidade - Classe: CRISTAL BRANCO Tipo: CRISTAL,17011400,5401,150.0,8745.2,1049.42,259.3,,0.0,,0.0,,Anexo I,false,27.5,1.0,0.0,0.0
51250133664228000135550020001510631663968569,2025-01-09 14:07:00.000000 UTC,Saída,MT,A. V. FLORES DOS SANTOS,451654,ACUCAR CRISTAL 10X2 20KG Especificacao de Qualidade - Classe: CRISTAL BRANCO Tipo: CRISTAL,17011400,5401,200.0,12120.62,1454.47,359.38,,0.0,,0.0,,Anexo I,false,27.5,1.0,0.0,0.0
51250433664228000135550020001539431584822150,2025-04-04 14:24:00.000000 UTC,Saída,MT,IRMAOS DOMINGOS LTDA,451654,ACUCAR CRISTAL 10X2 20KG Especificacao de Qualidade - Classe: CRISTAL BRANCO Tipo: CRISTAL,17011400,5401,1600.0,87284.0,10474.08,2588.0,,0.0,,0.0,,Anexo I,false,27.5,1.0,0.0,0.0
51250333664228000135550020001538081976327013,2025-03-31 16:57:00.000000 UTC,Saída,RO,SUDOESTE INDUSTRIA E COM. DE ALIMENTOS LTDA,451654,ACUCAR CRISTAL 10X2 20KG Especificacao de Qualidade - Classe: CRISTAL BRANCO Tipo: CRISTAL,17011400,6101,2432.0,141980.16,17037.62,,,0.0,,0.0,,Anexo I,false,27.5,1.0,0.0,0.0
51250533664228000135550020001552181662611835,2025-05-12 22:01:00.000000 UTC,Saída,RO,STRE & STRE COMERCIO ALIMENTICIO LTDA,451654,ACUCAR CRISTAL 10X2 20KG Especificacao de Qualidade - Classe: CRISTAL BRANCO Tipo: CRISTAL,17011400,6101,700.0,36624.0,4394.88,,,0.0,,0.0,,Anexo I,false,27.5,1.0,0.0,0.0
51250233664228000135550020001525401904540120,2025-02-20 18:32:00.000000 UTC,Saída,MT,CEREALISTA RIO VERDE LTDA,451654,ACUCAR CRISTAL 10X2 20KG Especificacao de Qualidade - Classe: CRISTAL BRANCO Tipo: CRISTAL,17011400,5401,2000.0,111377.6,13365.31,3302.38,,0.0,,0.0,,Anexo I,false,27.5,1.0,0.0,0.0
51250233664228000135550020001524011437251478,2025-02-17 20:31:00.000000 UTC,Saída,MT,WMS SUPERMERCADOS DO BRASIL LTDA.,451654,ACUCAR CRISTAL 10X2 20KG Especificacao de Qualidade - Classe: CRISTAL BRANCO Tipo: CRISTAL,17011400,5401,1728.0,100006.29,12000.75,2965.22,,0.0,,0.0,,Anexo I,false,27.5,1.0,0.0,0.0
51250133664228000135550020001513051806132046,2025-01-16 17:23:00.000000 UTC,Saída,MT,AGUINALDO LUIZ DA SILVA 86982362191,451654,ACUCAR CRISTAL 10X2 20KG Especificacao de Qualidade - Classe: CRISTAL BRANCO Tipo: CRISTAL,17011400,5401,12.0,747.75,89.73,22.17,,0.0,,0.0,,Anexo I,false,27.5,1.0,0.0,0.0
51250533664228000135550020001553761337361158,2025-05-16 12:18:00.000000 UTC,Saída,MT,IRANILDO LACERDA DE MELO,451654,ACUCAR CRISTAL 10X2 20KG Especificacao de Qualidade - Classe: CRISTAL BRANCO Tipo: CRISTAL,17011400,5401,187.0,10061.47,1207.38,298.33,,0.0,,0.0,,Anexo I,false,27.5,1.0,0.0,0.0
51250233664228000135550020001522881865679493,2025-02-13 14:46:00.000000 UTC,Saída,MT,WMS SUPERMERCADOS DO BRASIL LTDA.,451654,ACUCAR CRISTAL 10X2 20KG Especificacao de Qualidade - Classe: CRISTAL BRANCO Tipo: CRISTAL,17011400,5401,1872.0,116485.22,13978.23,3453.82,,0.0,,0.0,,Anexo I,false,27.5,1.0,0.0,0.0
51250633664228000135550020001569041718813714,2025-06-23 18:43:00.000000 UTC,Saída,RO,IRMAOS GONCALVES COM E IND LTDA,451654,ACUCAR CRISTAL 10X2 20KG Especificacao de Qualidade - Classe: CRISTAL BRANCO Tipo: CRISTAL,17011400,6101,2000.0,111960.0,13435.2,,,0.0,,0.0,,Anexo I,false,27.5,1.0,0.0,0.0
51250533664228000135550020001558711630859289,2025-05-27 20:36:00.000000 UTC,Saída,MT,SOARES DA SILVA & CIA LTDA,451654,ACUCAR CRISTAL 10X2 20KG Especificacao de Qualidade - Classe: CRISTAL BRANCO Tipo: CRISTAL,17011400,5401,400.0,22702.85,2724.34,673.15,,0.0,,0.0,,Anexo I,false,27.5,1.0,0.0,0.0
51251033664228000135550020001610351430883402,2025-10-01 19:32:00.000000 UTC,Saída,RO,MERCANTIL NOVA ERA LTDA,451654,ACUCAR CRISTAL 10X2 20KG Especificacao de Qualidade - Classe: CRISTAL BRANCO Tipo: CRISTAL,17011400,6910,20.0,941.2,112.94,,,0.0,,0.0,,Anexo I,false,27.5,1.0,0.0,0.0
51250633664228000135550020001564471768933918,2025-06-10 15:03:00.000000 UTC,Saída,RO,MERCANTIL NOVA ERA LTDA,451654,ACUCAR CRISTAL 10X2 20KG Especificacao de Qualidade - Classe: CRISTAL BRANCO Tipo: CRISTAL,17011400,6101,2335.0,122167.2,14660.06,,,0.0,,0.0,,Anexo I,false,27.5,1.0,0.0,0.0
51250533664228000135550020001553921806048329,2025-05-16 14:50:00.000000 UTC,Saída,PA,V. C. A. LIRA LTDA,451654,ACUCAR CRISTAL 10X2 20KG Especificacao de Qualidade - Classe: CRISTAL BRANCO Tipo: CRISTAL,17011400,6101,1000.0,52320.0,6278.4,,,0.0,,0.0,,Anexo I,false,27.5,1.0,0.0,0.0
51250233664228000135550020001521141371913470,2025-02-10 14:59:00.000000 UTC,Saída,MT,WMS SUPERMERCADOS DO BRASIL LTDA.,451654,ACUCAR CRISTAL 10X2 20KG Especificacao de Qualidade - Classe: CRISTAL BRANCO Tipo: CRISTAL,17011400,5401,1872.0,111176.38,13341.17,3296.41,,0.0,,0.0,,Anexo I,false,27.5,1.0,0.0,0.0
51250333664228000135550020001535601716374511,2025-03-24 20:50:00.000000 UTC,Saída,RO,A. TOMASI & CIA LTDA,451654,ACUCAR CRISTAL 10X2 20KG Especificacao de Qualidade - Classe: CRISTAL BRANCO Tipo: CRISTAL,17011400,6101,1239.0,72803.64,8736.44,,,0.0,,0.0,,Anexo I,false,27.5,1.0,0.0,0.0
51250333664228000135550020001530461531484330,2025-03-07 13:08:00.000000 UTC,Saída,MT,ELETROMAR MOVEIS E ELETRODOMESTICOS LTDA,451654,ACUCAR CRISTAL 10X2 20KG Especificacao de Qualidade - Classe: CRISTAL BRANCO Tipo: CRISTAL,17011400,5401,100.0,5455.25,654.63,161.75,,0.0,,0.0,,Anexo I,false,27.5,1.0,0.0,0.0
51250633664228000135550020001567881965195633,2025-06-20 13:27:00.000000 UTC,Saída,RO,IRMAOS GONCALVES COM E IND LTDA,451654,ACUCAR CRISTAL 10X2 20KG Especificacao de Qualidade - Classe: CRISTAL BRANCO Tipo: CRISTAL,17011400,6101,2475.0,142535.25,17104.23,,,0.0,,0.0,,Anexo I,false,27.5,1.0,0.0,0.0
51250533664228000135550020001552811876731193,2025-05-13 20:52:00.000000 UTC,Saída,RO,MERCANTIL NOVA ERA LTDA,451654,ACUCAR CRISTAL 10X2 20KG Especificacao de Qualidade - Classe: CRISTAL BRANCO Tipo: CRISTAL,17011400,6101,2485.0,130015.2,15601.82,,,0.0,,0.0,,Anexo I,false,27.5,1.0,0.0,0.0
51250333664228000135550020001535321682718545,2025-03-24 14:16:00.000000 UTC,Saída,MT,NIVALDO PADILHA,451654,ACUCAR CRISTAL 10X2 20KG Especificacao de Qualidade - Classe: CRISTAL BRANCO Tipo: CRISTAL,17011400,5401,10.0,562.62,67.51,16.68,,0.0,,0.0,,Anexo I,false,27.5,1.0,0.0,0.0
51250533664228000135550020001553331880160675,2025-05-15 15:16:00.000000 UTC,Saída,MT,MARTINS & MARTINS LTDA,451654,ACUCAR CRISTAL 10X2 20KG Especificacao de Qualidade - Classe: CRISTAL BRANCO Tipo: CRISTAL,17011400,5401,432.0,22748.54,2729.82,674.5,,0.0,,0.0,,Anexo I,false,27.5,1.0,0.0,0.0
51250633664228000135550020001563521836659779,2025-06-06 21:55:00.000000 UTC,Saída,AC,A. C. D. A. IMPORTACAO E EXPORTACAO LTDA,451654,ACUCAR CRISTAL 10X2 20KG Especificacao de Qualidade - Classe: CRISTAL BRANCO Tipo: CRISTAL,17011400,6101,525.0,31935.75,3832.29,,,0.0,,0.0,,Anexo I,false,27.5,1.0,0.0,0.0
51250533664228000135550020001559671341888428,2025-05-29 15:09:00.000000 UTC,Saída,RO,RONDONIA COMERCIO DE EMBALAGENS LTDA,451654,ACUCAR CRISTAL 10X2 20KG Especificacao de Qualidade - Classe: CRISTAL BRANCO Tipo: CRISTAL,17011400,6101,825.0,46926.0,5631.12,,,0.0,,0.0,,Anexo I,false,27.5,1.0,0.0,0.0
51250433664228000135550020001540051672274664,2025-04-07 20:43:00.000000 UTC,Saída,RO,SUDOESTE INDUSTRIA E COM. DE ALIMENTOS LTDA,451654,ACUCAR CRISTAL 10X2 20KG Especificacao de Qualidade - Classe: CRISTAL BRANCO Tipo: CRISTAL,17011400,6101,2432.0,141980.16,17037.62,,,0.0,,0.0,,Anexo I,false,27.5,1.0,0.0,0.0
51250633664228000135550020001568551577107600,2025-06-20 23:01:00.000000 UTC,Saída,MT,SENDAS DISTRIBUIDORA S/A,451654,ACUCAR CRISTAL 10X2 20KG Especificacao de Qualidade - Classe: CRISTAL BRANCO Tipo: CRISTAL,17011400,5401,1728.0,93477.96,11217.36,2771.65,,0.0,,0.0,,Anexo I,false,27.5,1.0,0.0,0.0
51251033664228000135550020001615551166106931,2025-10-16 21:31:00.000000 UTC,Saída,RO,IRMAOS GONCALVES COM E IND LTDA,451654,ACUCAR CRISTAL 10X2 20KG Especificacao de Qualidade - Classe: CRISTAL BRANCO Tipo: CRISTAL,17011400,6101,2475.0,124616.25,14953.95,,,0.0,,0.0,,Anexo I,false,27.5,1.0,0.0,0.0
51250333664228000135550020001530801671280918,2025-03-07 20:45:00.000000 UTC,Saída,MT,MARTINS & MARTINS LTDA,451654,ACUCAR CRISTAL 10X2 20KG Especificacao de Qualidade - Classe: CRISTAL BRANCO Tipo: CRISTAL,17011400,5401,1224.0,70183.98,8422.08,2080.98,,0.0,,0.0,,Anexo I,false,27.5,1.0,0.0,0.0
51250633664228000135550020001563081548941586,2025-06-06 18:35:00.000000 UTC,Saída,MT,MARTINS & MARTINS NETO LTDA,451654,ACUCAR CRISTAL 10X2 20KG Especificacao de Qualidade - Classe: CRISTAL BRANCO Tipo: CRISTAL,17011400,5401,216.0,11128.83,1335.46,329.97,,0.0,,0.0,,Anexo I,false,27.5,1.0,0.0,0.0
51250233664228000135550020001524571806312800,2025-02-18 20:27:00.000000 UTC,Saída,MT,MARTINS & MARTINS LTDA,451654,ACUCAR CRISTAL 10X2 20KG Especificacao de Qualidade - Classe: CRISTAL BRANCO Tipo: CRISTAL,17011400,5401,72.0,4009.59,481.15,118.89,,0.0,,0.0,,Anexo I,false,27.5,1.0,0.0,0.0
51250633664228000135550020001561421520927458,2025-06-03 13:33:00.000000 UTC,Saída,MT,ELETROMAR MOVEIS E ELETRODOMESTICOS LTDA,451654,ACUCAR CRISTAL 10X2 20KG Especificacao de Qualidade - Classe: CRISTAL BRANCO Tipo: CRISTAL,17011400,5401,128.0,6740.31,808.84,199.85,,0.0,,0.0,,Anexo I,false,27.5,1.0,0.0,0.0
51250133664228000135550020001512641629059878,2025-01-15 15:42:00.000000 UTC,Saída,MT,WMS SUPERMERCADOS DO BRASIL LTDA.,451654,ACUCAR CRISTAL 10X2 20KG Especificacao de Qualidade - Classe: CRISTAL BRANCO Tipo: CRISTAL,17011400,5401,2160.0,141748.32,17009.8,4202.88,,0.0,,0.0,,Anexo I,false,27.5,1.0,0.0,0.0
51250133664228000135550020001515771695746440,2025-01-24 19:57:00.000000 UTC,Saída,MT,MARTINS & MARTINS NETO LTDA,451654,ACUCAR CRISTAL 10X2 20KG Especificacao de Qualidade - Classe: CRISTAL BRANCO Tipo: CRISTAL,17011400,5401,360.0,21733.2,2607.98,644.4,,0.0,,0.0,,Anexo I,false,27.5,1.0,0.0,0.0
51250233664228000135550020001524891037787698,2025-02-19 14:51:00.000000 UTC,Saída,MT,MARTINS & MARTINS LTDA,451654,ACUCAR CRISTAL 10X2 20KG Especificacao de Qualidade - Classe: CRISTAL BRANCO Tipo: CRISTAL,17011400,5401,48.0,2673.06,320.77,79.26,,0.0,,0.0,,Anexo I,false,27.5,1.0,0.0,0.0
51251133664228000135550020001630211818908551,2025-11-18 17:09:00.000000 UTC,Saída,RO,RODOLFO E SEPP LTDA,451654,ACUCAR CRISTAL 10X2 20KG Especificacao de Qualidade - Classe: CRISTAL BRANCO Tipo: CRISTAL,17011400,6101,1575.0,76765.5,9211.86,,,0.0,,0.0,,Anexo I,false,27.5,1.0,0.0,0.0
51250633664228000135550020001569421891729038,2025-06-24 17:19:00.000000 UTC,Saída,MT,MARTINS & MARTINS NETO LTDA,451654,ACUCAR CRISTAL 10X2 20KG Especificacao de Qualidade - Classe: CRISTAL BRANCO Tipo: CRISTAL,17011400,5401,203.0,10039.1,1204.69,297.66,,0.0,,0.0,,Anexo I,false,27.5,1.0,0.0,0.0
51250133664228000135550020001513451759933993,2025-01-17 14:10:00.000000 UTC,Saída,AC,ATACADAO S.A,451654,ACUCAR CRISTAL 10X2 20KG Especificacao de Qualidade - Classe: CRISTAL BRANCO Tipo: CRISTAL,17011400,6101,2376.0,170810.64,20497.28,,,0.0,,0.0,,Anexo I,false,27.5,1.0,0.0,0.0
51250933664228000135550020001608531399855470,2025-09-26 22:28:00.000000 UTC,Saída,RO,IRMAOS GONCALVES COM E IND LTDA,451654,ACUCAR CRISTAL 10X2 20KG Especificacao de Qualidade - Classe: CRISTAL BRANCO Tipo: CRISTAL,17011400,6101,2440.0,124440.0,14932.8,,,0.0,,0.0,,Anexo I,false,27.5,1.0,0.0,0.0
51251033664228000135550020001613301067141143,2025-10-09 21:56:00.000000 UTC,Saída,MT,JORGE ASSAD CARAN NETO,451654,ACUCAR CRISTAL 10X2 20KG Especificacao de Qualidade - Classe: CRISTAL BRANCO Tipo: CRISTAL,17011400,5101,5.0,200.0,24.0,,,0.0,,0.0,,Anexo I,false,27.5,1.0,0.0,0.0
51251033664228000135550020001621491236043211,2025-10-31 17:33:00.000000 UTC,Saída,MT,PAULO CESAR DE BARROS - EPP,451654,ACUCAR CRISTAL 10X2 20KG Especificacao de Qualidade - Classe: CRISTAL BRANCO Tipo: CRISTAL,17011400,5101,7.0,342.86,41.14,,,0.0,,0.0,,Anexo I,false,27.5,1.0,0.0,0.0
51250533664228000135550020001560441710335140,2025-05-30 18:14:00.000000 UTC,Saída,RO,SUDOESTE INDUSTRIA E COM. DE ALIMENTOS LTDA,451654,ACUCAR CRISTAL 10X2 20KG Especificacao de Qualidade - Classe: CRISTAL BRANCO Tipo: CRISTAL,17011400,6101,2475.0,145332.0,17439.84,,,0.0,,0.0,,Anexo I,false,27.5,1.0,0.0,0.0
51250333664228000135550020001537461139892129,2025-03-28 18:10:00.000000 UTC,Saída,RO,MERCANTIL NOVA ERA LTDA,451654,ACUCAR CRISTAL 10X2 20KG Especificacao de Qualidade - Classe: CRISTAL BRANCO Tipo: CRISTAL,17011400,6910,24.0,1300.8,156.1,,,0.0,,0.0,,Anexo I,false,27.5,1.0,0.0,0.0
51250533664228000135550020001557621773105275,2025-05-24 19:04:00.000000 UTC,Saída,RO,IRMAOS GONCALVES COM E IND LTDA,451654,ACUCAR CRISTAL 10X2 20KG Especificacao de Qualidade - Classe: CRISTAL BRANCO Tipo: CRISTAL,17011400,6101,2475.0,145332.0,17439.84,,,0.0,,0.0,,Anexo I,false,27.5,1.0,0.0,0.0
51250133664228000135550020001508811037917134,2025-01-03 14:47:00.000000 UTC,Saída,RO,FRIRON COM. DISTR. E REPR. DE FRIOS RO LTDA,451654,ACUCAR CRISTAL 10X2 20KG Especificacao de Qualidade - Classe: CRISTAL BRANCO Tipo: CRISTAL,17011400,6101,1296.0,77552.64,9306.32,,,0.0,,0.0,,Anexo I,false,27.5,1.0,0.0,0.0
51250133664228000135550020001515751950945909,2025-01-24 19:55:00.000000 UTC,Saída,MT,SUPERMERCADO EXPRESSO BARRA LTDA,451654,ACUCAR CRISTAL 10X2 20KG Especificacao de Qualidade - Classe: CRISTAL BRANCO Tipo: CRISTAL,17011400,5401,72.0,4145.25,497.43,122.91,,0.0,,0.0,,Anexo I,false,27.5,1.0,0.0,0.0
51251233664228000135550020001639231923561032,2025-12-08 16:56:00.000000 UTC,Saída,RO,SUDOESTE INDUSTRIA E COM. DE ALIMENTOS LTDA,451654,ACUCAR CRISTAL 10X2 20KG Especificacao de Qualidade - Classe: CRISTAL BRANCO Tipo: CRISTAL,17011400,6101,2475.0,116127.0,13935.24,,,0.0,,0.0,,Anexo I,false,27.5,1.0,0.0,0.0
51250233664228000135550020001522751172400384,2025-02-13 12:53:00.000000 UTC,Saída,MT,REGIONAL SUPERMERC CENTRO LTDA,451654,ACUCAR CRISTAL 10X2 20KG Especificacao de Qualidade - Classe: CRISTAL BRANCO Tipo: CRISTAL,17011400,5401,72.0,4145.25,497.43,122.91,,0.0,,0.0,,Anexo I,false,27.5,1.0,0.0,0.0
51250633664228000135550020001568661904287668,2025-06-21 15:11:00.000000 UTC,Saída,RO,IRMAOS GONCALVES COM E IND LTDA,451654,ACUCAR CRISTAL 10X2 20KG Especificacao de Qualidade - Classe: CRISTAL BRANCO Tipo: CRISTAL,17011400,6101,1000.0,54120.0,6494.4,,,0.0,,0.0,,Anexo I,false,27.5,1.0,0.0,0.0
51250133664228000135550020001515971862055054,2025-01-24 21:27:00.000000 UTC,Saída,MT,WMS SUPERMERCADOS DO BRASIL LTDA.,451654,ACUCAR CRISTAL 10X2 20KG Especificacao de Qualidade - Classe: CRISTAL BRANCO Tipo: CRISTAL,17011400,5401,216.0,13564.37,1627.72,402.19,,0.0,,0.0,,Anexo I,false,27.5,1.0,0.0,0.0
51250533664228000135550020001556431037271752,2025-05-21 21:58:00.000000 UTC,Saída,RO,IRMAOS GONCALVES COM E IND LTDA,451654,ACUCAR CRISTAL 10X2 20KG Especificacao de Qualidade - Classe: CRISTAL BRANCO Tipo: CRISTAL,17011400,6101,2475.0,141347.25,16961.67,,,0.0,,0.0,,Anexo I,false,27.5,1.0,0.0,0.0
51250133664228000135550020001514251490426833,2025-01-21 13:39:00.000000 UTC,Saída,MT,SUPERMERCADO MULTIMARCA LTDA,451654,ACUCAR CRISTAL 10X2 20KG Especificacao de Qualidade - Classe: CRISTAL BRANCO Tipo: CRISTAL,17011400,5401,240.0,14092.55,1691.11,417.85,,0.0,,0.0,,Anexo I,false,27.5,1.0,0.0,0.0
51250233664228000135550020001522391734962286,2025-02-12 17:03:00.000000 UTC,Saída,MT,CASA DO BOLO E CAFETERIA LTDA,451654,ACUCAR CRISTAL 10X2 20KG Especificacao de Qualidade - Classe: CRISTAL BRANCO Tipo: CRISTAL,17011400,5401,10.0,596.71,71.61,17.69,,0.0,,0.0,,Anexo I,false,27.5,1.0,0.0,0.0
51250233664228000135550020001520591966143243,2025-02-07 16:33:00.000000 UTC,Saída,RO,JEEDA COMERCIAL DIST. DE ALIMENTOS LTDA,451654,ACUCAR CRISTAL 10X2 20KG Especificacao de Qualidade - Classe: CRISTAL BRANCO Tipo: CRISTAL,17011400,6101,1275.0,78744.0,9449.28,,,0.0,,0.0,,Anexo I,false,27.5,1.0,0.0,0.0
51250233664228000135550020001518911200869339,2025-02-03 20:29:00.000000 UTC,Saída,MT,WMS SUPERMERCADOS DO BRASIL LTDA.,451654,ACUCAR CRISTAL 10X2 20KG Especificacao de Qualidade - Classe: CRISTAL BRANCO Tipo: CRISTAL,17011400,5401,1872.0,113703.54,13644.42,3371.34,,0.0,,0.0,,Anexo I,false,27.5,1.0,0.0,0.0
51250433664228000135550020001542681893085024,2025-04-15 19:50:00.000000 UTC,Saída,MT,SENDAS DISTRIBUIDORA S/A,451654,ACUCAR CRISTAL 10X2 20KG Especificacao de Qualidade - Classe: CRISTAL BRANCO Tipo: CRISTAL,17011400,5401,1368.0,78919.21,9470.31,2339.98,,0.0,,0.0,,Anexo I,false,27.5,1.0,0.0,0.0
51250633664228000135550020001563831550413235,2025-06-09 16:55:00.000000 UTC,Saída,RO,ATACADAO S.A,451654,ACUCAR CRISTAL 10X2 20KG Especificacao de Qualidade - Classe: CRISTAL BRANCO Tipo: CRISTAL,17011400,6101,2448.0,149793.12,17975.17,,,0.0,,0.0,,Anexo I,false,27.5,1.0,0.0,0.0
51250233664228000135550020001519211655661630,2025-02-04 17:29:00.000000 UTC,Saída,RO,ATACADAO S.A,451654,ACUCAR CRISTAL 10X2 20KG Especificacao de Qualidade - Classe: CRISTAL BRANCO Tipo: CRISTAL,17011400,6101,2376.0,155224.08,18626.89,,,0.0,,0.0,,Anexo I,false,27.5,1.0,0.0,0.0
51250533664228000135550020001556411815526286,2025-05-21 21:26:00.000000 UTC,Saída,MT,ALIMENTOS MASSON LTDA,451654,ACUCAR CRISTAL 10X2 20KG Especificacao de Qualidade - Classe: CRISTAL BRANCO Tipo: CRISTAL,17011400,5401,500.0,26329.33,3159.52,780.67,,0.0,,0.0,,Anexo I,false,27.5,1.0,0.0,0.0
51250433664228000135550020001546151560212267,2025-04-28 18:39:00.000000 UTC,Saída,RO,ADRIANA C BATISTA BETONI LTDA,451654,ACUCAR CRISTAL 10X2 20KG Especificacao de Qualidade - Classe: CRISTAL BRANCO Tipo: CRISTAL,17011400,6101,500.0,29380.0,3525.6,,,0.0,,0.0,,Anexo I,false,27.5,1.0,0.0,0.0
51250133664228000135550020001511761030785670,2025-01-13 13:30:00.000000 UTC,Saída,RO,ATACADAO S.A,451654,ACUCAR CRISTAL 10X2 20KG Especificacao de Qualidade - Classe: CRISTAL BRANCO Tipo: CRISTAL,17011400,6101,2448.0,163281.6,19593.79,,,0.0,,0.0,,Anexo I,false,27.5,1.0,0.0,0.0
51250533664228000135550020001549481909394700,2025-05-06 18:28:00.000000 UTC,Saída,RO,FRIRON COM. DISTR. E REPR. DE FRIOS RO LTDA,451654,ACUCAR CRISTAL 10X2 20KG Especificacao de Qualidade - Classe: CRISTAL BRANCO Tipo: CRISTAL,17011400,6101,1440.0,78048.0,9365.76,,,0.0,,0.0,,Anexo I,false,27.5,1.0,0.0,0.0
51250533664228000135550020001560721099473786,2025-05-30 21:15:00.000000 UTC,Saída,MT,WMS SUPERMERCADOS DO BRASIL LTDA.,451654,ACUCAR CRISTAL 10X2 20KG Especificacao de Qualidade - Classe: CRISTAL BRANCO Tipo: CRISTAL,17011400,5401,1792.0,98976.35,11877.16,2934.68,,0.0,,0.0,,Anexo I,false,27.5,1.0,0.0,0.0
51250533664228000135550020001553841475414755,2025-05-16 14:12:00.000000 UTC,Saída,MT,SENDAS DISTRIBUIDORA S/A,451654,ACUCAR CRISTAL 10X2 20KG Especificacao de Qualidade - Classe: CRISTAL BRANCO Tipo: CRISTAL,17011400,5401,1152.0,63403.89,7608.47,1879.95,,0.0,,0.0,,Anexo I,false,27.5,1.0,0.0,0.0
51250333664228000135550020001530421499282287,2025-03-07 12:42:00.000000 UTC,Saída,MT,DEL MORO & DEL MORO LTDA,451654,ACUCAR CRISTAL 10X2 20KG Especificacao de Qualidade - Classe: CRISTAL BRANCO Tipo: CRISTAL,17011400,5401,1536.0,83792.64,10055.12,2484.48,,0.0,,0.0,,Anexo I,false,27.5,1.0,0.0,0.0
51250233664228000135550020001528541009761546,2025-02-28 18:23:00.000000 UTC,Saída,MT,SUPERMERCADO MULTIMARCA LTDA,451654,ACUCAR CRISTAL 10X2 20KG Especificacao de Qualidade - Classe: CRISTAL BRANCO Tipo: CRISTAL,17011400,5401,350.0,19491.08,2338.93,577.92,,0.0,,0.0,,Anexo I,false,27.5,1.0,0.0,0.0
51250333664228000135550020001529321187526510,2025-03-03 20:39:00.000000 UTC,Saída,RO,SUDOESTE INDUSTRIA E COM. DE ALIMENTOS LTDA,451654,ACUCAR CRISTAL 10X2 20KG Especificacao de Qualidade - Classe: CRISTAL BRANCO Tipo: CRISTAL,17011400,6101,2475.0,151841.25,18220.95,,,0.0,,0.0,,Anexo I,false,27.5,1.0,0.0,0.0
51250533664228000135550020001552191659641238,2025-05-12 22:06:00.000000 UTC,Saída,RO,STRE COMERCIO DE ALIMENTOS LTDA,451654,ACUCAR CRISTAL 10X2 20KG Especificacao de Qualidade - Classe: CRISTAL BRANCO Tipo: CRISTAL,17011400,6101,800.0,41856.0,5022.72,,,0.0,,0.0,,Anexo I,false,27.5,1.0,0.0,0.0
51250633664228000135550020001561331875130124,2025-06-02 22:06:00.000000 UTC,Saída,RO,IRMAOS GONCALVES COM E IND LTDA,451654,ACUCAR CRISTAL 10X2 20KG Especificacao de Qualidade - Classe: CRISTAL BRANCO Tipo: CRISTAL,17011400,6101,2475.0,138550.5,16626.06,,,0.0,,0.0,,Anexo I,false,27.5,1.0,0.0,0.0
51250233664228000135550020001522181538655236,2025-02-12 13:04:00.000000 UTC,Saída,MT,MARTINS & MARTINS LTDA,451654,ACUCAR CRISTAL 10X2 20KG Especificacao de Qualidade - Classe: CRISTAL BRANCO Tipo: CRISTAL,17011400,5401,48.0,2763.5,331.62,81.94,,0.0,,0.0,,Anexo I,false,27.5,1.0,0.0,0.0
51250633664228000135550020001567941030030426,2025-06-20 13:52:00.000000 UTC,Saída,MT,DISTRIBUIDORA TROPICAL DE ALIMENTOS LTDA,451654,ACUCAR CRISTAL 10X2 20KG Especificacao de Qualidade - Classe: CRISTAL BRANCO Tipo: CRISTAL,17011400,5401,1850.0,97418.51,11690.22,2888.49,,0.0,,0.0,,Anexo I,false,27.5,1.0,0.0,0.0
51250433664228000135550020001546481297926617,2025-04-29 14:17:00.000000 UTC,Saída,MT,EQUILIBRIO ENGENHARIA E SEGURANCA DO TRABALHO,451654,ACUCAR CRISTAL 10X2 20KG Especificacao de Qualidade - Classe: CRISTAL BRANCO Tipo: CRISTAL,17011400,5101,1.0,56.17,6.74,,,0.0,,0.0,,Anexo I,false,27.5,1.0,0.0,0.0
51250633664228000135550020001562801343457540,2025-06-06 15:33:00.000000 UTC,Saída,RO,SENDAS DISTRIBUIDORA S/A,451654,ACUCAR CRISTAL 10X2 20KG Especificacao de Qualidade - Classe: CRISTAL BRANCO Tipo: CRISTAL,17011400,6101,1240.0,71176.0,8541.12,,,0.0,,0.0,,Anexo I,false,27.5,1.0,0.0,0.0
51250633664228000135550020001566071787655184,2025-06-13 20:01:00.000000 UTC,Saída,MT,FAVORITO SUPERMERCADO LTDA,451654,ACUCAR CRISTAL 10X2 20KG Especificacao de Qualidade - Classe: CRISTAL BRANCO Tipo: CRISTAL,17011400,5401,1200.0,66407.02,7968.84,1968.99,,0.0,,0.0,,Anexo I,false,27.5,1.0,0.0,0.0
51250133664228000135550020001517481523073048,2025-01-30 13:33:00.000000 UTC,Saída,RO,C. T. DA LUZ COM & DISTRI DE ALIM LTDA,451654,ACUCAR CRISTAL 10X2 20KG Especificacao de Qualidade - Classe: CRISTAL BRANCO Tipo: CRISTAL,17011400,6101,2445.0,139878.45,16785.41,,,0.0,,0.0,,Anexo I,false,27.5,1.0,0.0,0.0
51250433664228000135550020001538801178737580,2025-04-02 20:10:00.000000 UTC,Saída,MT,S. L. COMERCIO E TRANSPORTES LTDA - ME,451654,ACUCAR CRISTAL 10X2 20KG Especificacao de Qualidade - Classe: CRISTAL BRANCO Tipo: CRISTAL,17011400,5401,20.0,1091.05,130.93,32.35,,0.0,,0.0,,Anexo I,false,27.5,1.0,0.0,0.0
51251133664228000135550020001634421519554512,2025-11-26 18:40:00.000000 UTC,Saída,RO,SENDAS DISTRIBUIDORA S/A,451654,ACUCAR CRISTAL 10X2 20KG Especificacao de Qualidade - Classe: CRISTAL BRANCO Tipo: CRISTAL,17011400,6101,2500.0,122950.0,14754.0,,,0.0,,0.0,,Anexo I,false,27.5,1.0,0.0,0.0
51251233664228000135550020001639591008181107,2025-12-08 20:59:00.000000 UTC,Saída,RO,A. TOMASI & CIA LTDA,451654,ACUCAR CRISTAL 10X2 20KG Especificacao de Qualidade - Classe: CRISTAL BRANCO Tipo: CRISTAL,17011400,6101,2475.0,117983.25,14157.99,,,0.0,,0.0,,Anexo I,false,27.5,1.0,0.0,0.0
51250233664228000135550020001525741028749803,2025-02-21 13:42:00.000000 UTC,Saída,MT,MARTINS & MARTINS NETO LTDA,451654,ACUCAR CRISTAL 10X2 20KG Especificacao de Qualidade - Classe: CRISTAL BRANCO Tipo: CRISTAL,17011400,5401,144.0,8019.19,962.3,237.77,,0.0,,0.0,,Anexo I,false,27.5,1.0,0.0,0.0
51250433664228000135550020001538711055251043,2025-04-02 14:15:00.000000 UTC,Saída,AC,SENDAS DISTRIBUIDORA S/A,451654,ACUCAR CRISTAL 10X2 20KG Especificacao de Qualidade - Classe: CRISTAL BRANCO Tipo: CRISTAL,17011400,6101,864.0,56920.32,6830.44,,,0.0,,0.0,,Anexo I,false,27.5,1.0,0.0,0.0
51250233664228000135550020001519331644027049,2025-02-04 18:27:00.000000 UTC,Saída,RO,SENDAS DISTRIBUIDORA S/A,451654,ACUCAR CRISTAL 10X2 20KG Especificacao de Qualidade - Classe: CRISTAL BRANCO Tipo: CRISTAL,17011400,6101,975.0,62780.25,7533.63,,,0.0,,0.0,,Anexo I,false,27.5,1.0,0.0,0.0
51250533664228000135550020001557521407154300,2025-05-24 12:50:00.000000 UTC,Saída,RO,SENDAS DISTRIBUIDORA S/A,451654,ACUCAR CRISTAL 10X2 20KG Especificacao de Qualidade - Classe: CRISTAL BRANCO Tipo: CRISTAL,17011400,6101,915.0,56510.4,6781.25,,,0.0,,0.0,,Anexo I,false,27.5,1.0,0.0,0.0
51251233664228000135550020001642881522985932,2025-12-15 22:16:00.000000 UTC,Saída,MT,AFRANIO ANTONIO DELGADO,451654,ACUCAR CRISTAL 10X2 20KG Especificacao de Qualidade - Classe: CRISTAL BRANCO Tipo: CRISTAL,17011400,5101,6.0,240.0,28.8,,,0.0,,0.0,,Anexo I,false,27.5,1.0,0.0,0.0
51251033664228000135550020001610361573648722,2025-10-01 19:35:00.000000 UTC,Saída,RO,MERCANTIL NOVA ERA LTDA,451654,ACUCAR CRISTAL 10X2 20KG Especificacao de Qualidade - Classe: CRISTAL BRANCO Tipo: CRISTAL,17011400,6101,2475.0,116473.5,13976.82,,,0.0,,0.0,,Anexo I,false,27.5,1.0,0.0,0.0
51250533664228000135550020001553111969416531,2025-05-14 19:10:00.000000 UTC,Saída,MT,LUSIMAR CARLOS ZANARDI,451654,ACUCAR CRISTAL 10X2 20KG Especificacao de Qualidade - Classe: CRISTAL BRANCO Tipo: CRISTAL,17011400,5401,30.0,1642.69,197.12,48.71,,0.0,,0.0,,Anexo I,false,27.5,1.0,0.0,0.0
51250533664228000135550020001555501919847180,2025-05-20 15:25:00.000000 UTC,Saída,RO,SENDAS DISTRIBUIDORA S/A,451654,ACUCAR CRISTAL 10X2 20KG Especificacao de Qualidade - Classe: CRISTAL BRANCO Tipo: CRISTAL,17011400,6101,801.0,49469.76,5936.37,,,0.0,,0.0,,Anexo I,false,27.5,1.0,0.0,0.0
51250233664228000135550020001526031607575967,2025-02-21 19:02:00.000000 UTC,Saída,MT,L.M. CUSTODIO DE ALIMENTOS,451654,ACUCAR CRISTAL 10X2 20KG Especificacao de Qualidade - Classe: CRISTAL BRANCO Tipo: CRISTAL,17011400,5401,100.0,5531.0,663.72,164.0,,0.0,,0.0,,Anexo I,false,27.5,1.0,0.0,0.0
51251033664228000135550020001613311178910185,2025-10-09 21:57:00.000000 UTC,Saída,MT,AFRANIO ANTONIO DELGADO,451654,ACUCAR CRISTAL 10X2 20KG Especificacao de Qualidade - Classe: CRISTAL BRANCO Tipo: CRISTAL,17011400,5101,7.0,280.0,33.6,,,0.0,,0.0,,Anexo I,false,27.5,1.0,0.0,0.0
51250533664228000135550020001560701980480924,2025-05-30 20:51:00.000000 UTC,Saída,RO,ATACADAO S.A,451654,ACUCAR CRISTAL 10X2 20KG Especificacao de Qualidade - Classe: CRISTAL BRANCO Tipo: CRISTAL,17011400,6101,2448.0,149793.12,17975.17,,,0.0,,0.0,,Anexo I,false,27.5,1.0,0.0,0.0
51250533664228000135550020001556141955938504,2025-05-21 18:47:00.000000 UTC,Saída,MT,MARTINS & MARTINS NETO LTDA,451654,ACUCAR CRISTAL 10X2 20KG Especificacao de Qualidade - Classe: CRISTAL BRANCO Tipo: CRISTAL,17011400,5401,100.0,5265.87,631.9,156.13,,0.0,,0.0,,Anexo I,false,27.5,1.0,0.0,0.0
51250333664228000135550020001530101694493638,2025-03-06 13:11:00.000000 UTC,Saída,MT,MARQUES DE QUEIROZ & CIA LTDA - EPP,451654,ACUCAR CRISTAL 10X2 20KG Especificacao de Qualidade - Classe: CRISTAL BRANCO Tipo: CRISTAL,17011400,5401,88.0,4900.62,588.07,145.3,,0.0,,0.0,,Anexo I,false,27.5,1.0,0.0,0.0
51250333664228000135550020001535591736964151,2025-03-24 20:49:00.000000 UTC,Saída,RO,JEEDA COMERCIAL DIST. DE ALIMENTOS LTDA,451654,ACUCAR CRISTAL 10X2 20KG Especificacao de Qualidade - Classe: CRISTAL BRANCO Tipo: CRISTAL,17011400,6101,1236.0,74110.56,8893.27,,,0.0,,0.0,,Anexo I,false,27.5,1.0,0.0,0.0
51251133664228000135550020001629921174839911,2025-11-18 13:02:00.000000 UTC,Saída,MT,ALTAIR NODARI,451654,ACUCAR CRISTAL 10X2 20KG Especificacao de Qualidade - Classe: CRISTAL BRANCO Tipo: CRISTAL,17011400,5101,10.0,400.0,48.0,,,0.0,,0.0,,Anexo I,false,27.5,1.0,0.0,0.0
51250633664228000135550020001568601114231799,2025-06-21 13:21:00.000000 UTC,Saída,RO,IRMAOS GONCALVES COM E IND LTDA,451654,ACUCAR CRISTAL 10X2 20KG Especificacao de Qualidade - Classe: CRISTAL BRANCO Tipo: CRISTAL,17011400,6101,2475.0,137981.25,16557.75,,,0.0,,0.0,,Anexo I,false,27.5,1.0,0.0,0.0
51251233664228000135550020001646731362755372,2025-12-23 20:54:00.000000 UTC,Saída,MT,JORGE ASSAD CARAN NETO,451654,ACUCAR CRISTAL 10X2 20KG Especificacao de Qualidade - Classe: CRISTAL BRANCO Tipo: CRISTAL,17011400,5101,3.0,120.0,14.4,,,0.0,,0.0,,Anexo I,false,27.5,1.0,0.0,0.0
51250433664228000135550020001541841862712939,2025-04-11 19:41:00.000000 UTC,Saída,MT,K.R. LOPES DE CASTRO & CIA LTDA EPP,451654,ACUCAR CRISTAL 10X2 20KG Especificacao de Qualidade - Classe: CRISTAL BRANCO Tipo: CRISTAL,17011400,5910,8.0,449.94,53.99,13.34,,0.0,,0.0,,Anexo I,false,27.5,1.0,0.0,0.0
51250633664228000135550020001569141898866095,2025-06-23 21:07:00.000000 UTC,Saída,RO,IRMAOS GONCALVES COM E IND LTDA,451654,ACUCAR CRISTAL 10X2 20KG Especificacao de Qualidade - Classe: CRISTAL BRANCO Tipo: CRISTAL,17011400,6101,2475.0,142535.25,17104.23,,,0.0,,0.0,,Anexo I,false,27.5,1.0,0.0,0.0
51250133664228000135550020001513021706338295,2025-01-16 15:23:00.000000 UTC,Saída,AC,L & G ALIMENTOS DO BRASIL LTDA,451654,ACUCAR CRISTAL 10X2 20KG Especificacao de Qualidade - Classe: CRISTAL BRANCO Tipo: CRISTAL,17011400,6101,150.0,10200.0,1224.0,,,0.0,,0.0,,Anexo I,false,27.5,1.0,0.0,0.0
51251133664228000135550020001625641923179548,2025-11-07 21:29:00.000000 UTC,Saída,RO,A. TOMASI & CIA LTDA,451654,ACUCAR CRISTAL 10X2 20KG Especificacao de Qualidade - Classe: CRISTAL BRANCO Tipo: CRISTAL,17011400,6101,2000.0,99480.0,11937.6,,,0.0,,0.0,,Anexo I,false,27.5,1.0,0.0,0.0
51251233664228000135550020001639621287426433,2025-12-08 21:20:00.000000 UTC,Saída,MT,ALTAIR NODARI,451654,ACUCAR CRISTAL 10X2 20KG Especificacao de Qualidade - Classe: CRISTAL BRANCO Tipo: CRISTAL,17011400,5101,6.0,240.0,28.8,,,0.0,,0.0,,Anexo I,false,27.5,1.0,0.0,0.0
51251233664228000135550020001644051829179218,2025-12-17 20:23:00.000000 UTC,Saída,MT,MARTA BOIAGO SANSAO,451654,ACUCAR CRISTAL 10X2 20KG Especificacao de Qualidade - Classe: CRISTAL BRANCO Tipo: CRISTAL,17011400,5101,1.0,40.0,4.8,,,0.0,,0.0,,Anexo I,false,27.5,1.0,0.0,0.0
51250533664228000135550020001548991683906784,2025-05-05 19:34:00.000000 UTC,Saída,MT,JUBA SUPERMERCADOS LTDA,451654,ACUCAR CRISTAL 10X2 20KG Especificacao de Qualidade - Classe: CRISTAL BRANCO Tipo: CRISTAL,17011400,5401,1872.0,104740.33,12568.84,3105.58,,0.0,,0.0,,Anexo I,false,27.5,1.0,0.0,0.0
51250633664228000135550020001566051601607961,2025-06-13 19:57:00.000000 UTC,Saída,MT,ROSILEI DOS SANTOS CARRERA EIRELI,451654,ACUCAR CRISTAL 10X2 20KG Especificacao de Qualidade - Classe: CRISTAL BRANCO Tipo: CRISTAL,17011400,5401,320.0,17708.54,2125.02,525.06,,0.0,,0.0,,Anexo I,false,27.5,1.0,0.0,0.0
51250433664228000135550020001539331358330793,2025-04-04 13:14:00.000000 UTC,Saída,MT,M.LOPES E SILVA COMERCIO LTDA,451654,ACUCAR CRISTAL 10X2 20KG Especificacao de Qualidade - Classe: CRISTAL BRANCO Tipo: CRISTAL,17011400,5401,10.0,545.53,65.46,16.17,,0.0,,0.0,,Anexo I,false,27.5,1.0,0.0,0.0
51250533664228000135550020001559681500206633,2025-05-29 15:17:00.000000 UTC,Saída,MT,REGIONAL SUPERMERC CENTRO LTDA,451654,ACUCAR CRISTAL 10X2 20KG Especificacao de Qualidade - Classe: CRISTAL BRANCO Tipo: CRISTAL,17011400,5401,144.0,7582.85,909.94,224.83,,0.0,,0.0,,Anexo I,false,27.5,1.0,0.0,0.0
51251033664228000135550020001613291108367689,2025-10-09 21:54:00.000000 UTC,Saída,MT,MARTA BOIAGO SANSAO,451654,ACUCAR CRISTAL 10X2 20KG Especificacao de Qualidade - Classe: CRISTAL BRANCO Tipo: CRISTAL,17011400,5101,1.0,40.0,4.8,,,0.0,,0.0,,Anexo I,false,27.5,1.0,0.0,0.0
51250533664228000135550020001552211264486351,2025-05-12 22:27:00.000000 UTC,Saída,RO,CASA BRANCA COMERCIO DE ALIMENTOS LTDA,451654,ACUCAR CRISTAL 10X2 20KG Especificacao de Qualidade - Classe: CRISTAL BRANCO Tipo: CRISTAL,17011400,6101,300.0,15696.0,1883.52,,,0.0,,0.0,,Anexo I,false,27.5,1.0,0.0,0.0
51250433664228000135550020001546691797411764,2025-04-29 19:02:00.000000 UTC,Saída,RO,ATACADAO S.A,451654,ACUCAR CRISTAL 10X2 20KG Especificacao de Qualidade - Classe: CRISTAL BRANCO Tipo: CRISTAL,17011400,6101,2448.0,153489.6,18418.75,,,0.0,,0.0,,Anexo I,false,27.5,1.0,0.0,0.0
51250433664228000135550020001541831453981952,2025-04-11 19:37:00.000000 UTC,Saída,MT,K.R. LOPES DE CASTRO & CIA LTDA,451654,ACUCAR CRISTAL 10X2 20KG Especificacao de Qualidade - Classe: CRISTAL BRANCO Tipo: CRISTAL,17011400,5401,216.0,12148.36,1457.8,360.2,,0.0,,0.0,,Anexo I,false,27.5,1.0,0.0,0.0
51250533664228000135550020001547701104603918,2025-05-02 13:43:00.000000 UTC,Saída,RO,C. T. DA LUZ COM & DISTRI DE ALIM LTDA,451654,ACUCAR CRISTAL 10X2 20KG Especificacao de Qualidade - Classe: CRISTAL BRANCO Tipo: CRISTAL,17011400,6101,2450.0,132790.0,15934.8,,,0.0,,0.0,,Anexo I,false,27.5,1.0,0.0,0.0
51250433664228000135550020001538751528336643,2025-04-02 19:01:00.000000 UTC,Saída,MT,COOPERATIVA AGROPECUARIA DE BOVINOS E DERIV D,451654,ACUCAR CRISTAL 10X2 20KG Especificacao de Qualidade - Classe: CRISTAL BRANCO Tipo: CRISTAL,17011400,5401,10.0,545.53,65.46,16.17,,0.0,,0.0,,Anexo I,false,27.5,1.0,0.0,0.0
51250333664228000135550020001536971470861280,2025-03-27 20:15:00.000000 UTC,Saída,MT,SENDAS DISTRIBUIDORA S/A,451654,ACUCAR CRISTAL 10X2 20KG Especificacao de Qualidade - Classe: CRISTAL BRANCO Tipo: CRISTAL,17011400,5401,1584.0,91672.43,11000.69,2718.12,,0.0,,0.0,,Anexo I,false,27.5,1.0,0.0,0.0
51250633664228000135550020001569361623630489,2025-06-24 17:04:00.000000 UTC,Saída,MT,MARTINS & MARTINS LTDA,451654,ACUCAR CRISTAL 10X2 20KG Especificacao de Qualidade - Classe: CRISTAL BRANCO Tipo: CRISTAL,17011400,5401,25.0,1236.34,148.36,36.66,,0.0,,0.0,,Anexo I,false,27.5,1.0,0.0,0.0
51250533664228000135550020001553671092295035,2025-05-15 19:53:00.000000 UTC,Saída,MT,IVONE APARECIDA SANSAO PEREIRA,451654,ACUCAR CRISTAL 10X2 20KG Especificacao de Qualidade - Classe: CRISTAL BRANCO Tipo: CRISTAL,17011400,5401,3.0,157.98,18.96,4.68,,0.0,,0.0,,Anexo I,false,27.5,1.0,0.0,0.0
51250533664228000135550020001550121050251396,2025-05-07 19:17:00.000000 UTC,Saída,MT,MARTINS & MARTINS NETO LTDA,451654,ACUCAR CRISTAL 10X2 20KG Especificacao de Qualidade - Classe: CRISTAL BRANCO Tipo: CRISTAL,17011400,5401,396.0,21452.8,2574.34,636.08,,0.0,,0.0,,Anexo I,false,27.5,1.0,0.0,0.0
51250233664228000135550020001519771048084954,2025-02-05 19:20:00.000000 UTC,Saída,RO,SUPERMAIS COMERCIO DE ALIMENTOS LTDA,451654,ACUCAR CRISTAL 10X2 20KG Especificacao de Qualidade - Classe: CRISTAL BRANCO Tipo: CRISTAL,17011400,6101,1024.0,62863.36,7543.6,,,0.0,,0.0,,Anexo I,false,27.5,1.0,0.0,0.0
51250633664228000135550020001570511388525465,2025-06-26 19:01:00.000000 UTC,Saída,MT,MARTINS & BRUCHMAM MARTINS LTDA,451654,ACUCAR CRISTAL 10X2 20KG Especificacao de Qualidade - Classe: CRISTAL BRANCO Tipo: CRISTAL,17011400,5401,1536.0,75960.85,9115.3,2252.26,,0.0,,0.0,,Anexo I,false,27.5,1.0,0.0,0.0
51250433664228000135550020001546941620740470,2025-04-30 12:44:00.000000 UTC,Saída,MT,MARTINS & MARTINS NETO LTDA,451654,ACUCAR CRISTAL 10X2 20KG Especificacao de Qualidade - Classe: CRISTAL BRANCO Tipo: CRISTAL,17011400,5401,72.0,3900.51,468.06,115.65,,0.0,,0.0,,Anexo I,false,27.5,1.0,0.0,0.0
51250633664228000135550020001563501795907302,2025-06-06 21:38:00.000000 UTC,Saída,RO,SENDAS DISTRIBUIDORA S/A,451654,ACUCAR CRISTAL 10X2 20KG Especificacao de Qualidade - Classe: CRISTAL BRANCO Tipo: CRISTAL,17011400,6101,1180.0,67732.0,8127.84,,,0.0,,0.0,,Anexo I,false,27.5,1.0,0.0,0.0
51250333664228000135550020001535871738803907,2025-03-25 17:42:00.000000 UTC,Saída,MT,H. ALVES D MORAIS ME,451654,ACUCAR CRISTAL 10X2 20KG Especificacao de Qualidade - Classe: CRISTAL BRANCO Tipo: CRISTAL,17011400,5401,100.0,5455.25,654.63,161.75,,0.0,,0.0,,Anexo I,false,27.5,1.0,0.0,0.0
51250433664228000135550020001546131890553306,2025-04-28 18:25:00.000000 UTC,Saída,RO,SUDOESTE INDUSTRIA E COM. DE ALIMENTOS LTDA,451654,ACUCAR CRISTAL 10X2 20KG Especificacao de Qualidade - Classe: CRISTAL BRANCO Tipo: CRISTAL,17011400,6101,450.0,26100.0,3132.0,,,0.0,,0.0,,Anexo I,false,27.5,1.0,0.0,0.0
51250933664228000135550020001609751760802058,2025-09-30 18:45:00.000000 UTC,Saída,RO,A T DE C STRE  LTDA,451654,ACUCAR CRISTAL 10X2 20KG Especificacao de Qualidade - Classe: CRISTAL BRANCO Tipo: CRISTAL,17011400,6101,450.0,23229.0,2787.48,,,0.0,,0.0,,Anexo I,false,27.5,1.0,0.0,0.0
51250233664228000135550020001519811755422431,2025-02-05 19:58:00.000000 UTC,Saída,RO,ATACADAO S.A,451654,ACUCAR CRISTAL 10X2 20KG Especificacao de Qualidade - Classe: CRISTAL BRANCO Tipo: CRISTAL,17011400,6101,2376.0,150448.32,18053.8,,,0.0,,0.0,,Anexo I,false,27.5,1.0,0.0,0.0
51250133664228000135550020001512251444292586,2025-01-14 14:52:00.000000 UTC,Saída,RO,C. T. DA LUZ COM & DISTRI DE ALIM LTDA,451654,ACUCAR CRISTAL 10X2 20KG Especificacao de Qualidade - Classe: CRISTAL BRANCO Tipo: CRISTAL,17011400,6101,2450.0,145677.0,17481.24,,,0.0,,0.0,,Anexo I,false,27.5,1.0,0.0,0.0
51250633664228000135550020001569411650264960,2025-06-24 17:15:00.000000 UTC,Saída,MT,MARTINS & MARTINS NETO LTDA,451654,ACUCAR CRISTAL 10X2 20KG Especificacao de Qualidade - Classe: CRISTAL BRANCO Tipo: CRISTAL,17011400,5401,72.0,3560.66,427.28,105.57,,0.0,,0.0,,Anexo I,false,27.5,1.0,0.0,0.0
51251233664228000135550020001647381252677373,2025-12-26 20:42:00.000000 UTC,Saída,RO,IRMAOS GONCALVES COMERCIO E INDUSTRIA LTDA,451654,ACUCAR CRISTAL 10X2 20KG Especificacao de Qualidade - Classe: CRISTAL BRANCO Tipo: CRISTAL,17011400,6101,2475.0,115978.5,13917.42,,,0.0,,0.0,,Anexo I,false,27.5,1.0,0.0,0.0
51251233664228000135550020001644021918964598,2025-12-17 20:15:00.000000 UTC,Saída,MT,AGOSTINHO SANSAO,451654,ACUCAR CRISTAL 10X2 20KG Especificacao de Qualidade - Classe: CRISTAL BRANCO Tipo: CRISTAL,17011400,5101,6.0,240.0,28.8,,,0.0,,0.0,,Anexo I,false,27.5,1.0,0.0,0.0
51250233664228000135550020001525181106432630,2025-02-19 20:38:00.000000 UTC,Saída,RO,SUDOESTE INDUSTRIA E COM. DE ALIMENTOS LTDA,451654,ACUCAR CRISTAL 10X2 20KG Especificacao de Qualidade - Classe: CRISTAL BRANCO Tipo: CRISTAL,17011400,6101,2475.0,147287.25,17674.47,,,0.0,,0.0,,Anexo I,false,27.5,1.0,0.0,0.0
51250333664228000135550020001537031490644232,2025-03-27 21:24:00.000000 UTC,Saída,MT,DEL MORO & DEL MORO LTDA,451654,ACUCAR CRISTAL 10X2 20KG Especificacao de Qualidade - Classe: CRISTAL BRANCO Tipo: CRISTAL,17011400,5401,1536.0,83210.85,9985.3,2467.23,,0.0,,0.0,,Anexo I,false,27.5,1.0,0.0,0.0
51250533664228000135550020001552361580933128,2025-05-13 14:12:00.000000 UTC,Saída,MT,SENDAS DISTRIBUIDORA S/A,451654,ACUCAR CRISTAL 10X2 20KG Especificacao de Qualidade - Classe: CRISTAL BRANCO Tipo: CRISTAL,17011400,5401,1080.0,58423.72,7010.85,1732.28,,0.0,,0.0,,Anexo I,false,27.5,1.0,0.0,0.0
51250333664228000135550020001531491193948829,2025-03-11 15:43:00.000000 UTC,Saída,MT,CONQUISTA COM. DE ALIMENTOS LTDA,451654,ACUCAR CRISTAL 10X2 20KG Especificacao de Qualidade - Classe: CRISTAL BRANCO Tipo: CRISTAL,17011400,5401,144.0,7831.79,939.81,232.22,,0.0,,0.0,,Anexo I,false,27.5,1.0,0.0,0.0
51250133664228000135550020001515511288529177,2025-01-24 13:44:00.000000 UTC,Saída,RO,C. T. DA LUZ COM & DISTRI DE ALIM LTDA,451654,ACUCAR CRISTAL 10X2 20KG Especificacao de Qualidade - Classe: CRISTAL BRANCO Tipo: CRISTAL,17011400,6101,2450.0,140164.5,16819.74,,,0.0,,0.0,,Anexo I,false,27.5,1.0,0.0,0.0
51250233664228000135550020001521821393108723,2025-02-11 19:03:00.000000 UTC,Saída,RO,ATACADAO S.A,451654,ACUCAR CRISTAL 10X2 20KG Especificacao de Qualidade - Classe: CRISTAL BRANCO Tipo: CRISTAL,17011400,6101,2376.0,146124.0,17534.88,,,0.0,,0.0,,Anexo I,false,27.5,1.0,0.0,0.0
51250233664228000135550020001522561534721294,2025-02-12 19:31:00.000000 UTC,Saída,MT,DEL MORO & DEL MORO LTDA,451654,ACUCAR CRISTAL 10X2 20KG Especificacao de Qualidade - Classe: CRISTAL BRANCO Tipo: CRISTAL,17011400,5401,1536.0,87268.47,10472.22,2587.54,,0.0,,0.0,,Anexo I,false,27.5,1.0,0.0,0.0
51250233664228000135550020001518681103435445,2025-02-03 16:04:00.000000 UTC,Saída,RO,SUDOESTE INDUSTRIA E COM. DE ALIMENTOS LTDA,451654,ACUCAR CRISTAL 10X2 20KG Especificacao de Qualidade - Classe: CRISTAL BRANCO Tipo: CRISTAL,17011400,6101,2475.0,151940.25,18232.83,,,0.0,,0.0,,Anexo I,false,27.5,1.0,0.0,0.0
51250133664228000135550020001512631532689080,2025-01-15 15:10:00.000000 UTC,Saída,PA,SOARES DISTRIBUIDORA LTDA,451654,ACUCAR CRISTAL 10X2 20KG Especificacao de Qualidade - Classe: CRISTAL BRANCO Tipo: CRISTAL,17011400,6101,900.0,52908.68,6349.04,2891.32,,0.0,,0.0,,Anexo I,false,27.5,1.0,0.0,0.0
51250533664228000135550020001556301252938601,2025-05-21 20:17:00.000000 UTC,Saída,MT,WMS SUPERMERCADOS DO BRASIL LTDA.,451654,ACUCAR CRISTAL 10X2 20KG Especificacao de Qualidade - Classe: CRISTAL BRANCO Tipo: CRISTAL,17011400,5910,96.0,5302.3,636.28,157.21,,0.0,,0.0,,Anexo I,false,27.5,1.0,0.0,0.0
51250333664228000135550020001533431357619552,2025-03-17 21:10:00.000000 UTC,Saída,RO,RODOLFO E SEPP LTDA,451654,ACUCAR CRISTAL 10X2 20KG Especificacao de Qualidade - Classe: CRISTAL BRANCO Tipo: CRISTAL,17011400,6101,2450.0,143962.0,17275.44,,,0.0,,0.0,,Anexo I,false,27.5,1.0,0.0,0.0
51250633664228000135550020001565311877762125,2025-06-12 14:41:00.000000 UTC,Saída,RO,C. T. DA LUZ COM & DISTRI DE ALIM LTDA,451654,ACUCAR CRISTAL 10X2 20KG Especificacao de Qualidade - Classe: CRISTAL BRANCO Tipo: CRISTAL,17011400,6101,2450.0,128184.0,15382.08,,,0.0,,0.0,,Anexo I,false,27.5,1.0,0.0,0.0
51250333664228000135550020001532431559165115,2025-03-13 20:48:00.000000 UTC,Saída,RO,FRIRON COM. DISTR. E REPR. DE FRIOS RO LTDA,451654,ACUCAR CRISTAL 10X2 20KG Especificacao de Qualidade - Classe: CRISTAL BRANCO Tipo: CRISTAL,17011400,6101,1400.0,75880.0,9105.6,,,0.0,,0.0,,Anexo I,false,27.5,1.0,0.0,0.0
51250333664228000135550020001529781039104390,2025-03-05 14:14:00.000000 UTC,Saída,RO,SUDOESTE INDUSTRIA E COM. DE ALIMENTOS LTDA,451654,ACUCAR CRISTAL 10X2 20KG Especificacao de Qualidade - Classe: CRISTAL BRANCO Tipo: CRISTAL,17011400,6101,2475.0,144490.5,17338.86,,,0.0,,0.0,,Anexo I,false,27.5,1.0,0.0,0.0
51251133664228000135550020001631021557881949,2025-11-19 14:32:00.000000 UTC,Saída,RO,A. TOMASI & CIA LTDA,451654,ACUCAR CRISTAL 10X2 20KG Especificacao de Qualidade - Classe: CRISTAL BRANCO Tipo: CRISTAL,17011400,6101,975.0,47765.25,5731.83,,,0.0,,0.0,,Anexo I,false,27.5,1.0,0.0,0.0
51250233664228000135550020001526351445830855,2025-02-24 13:32:00.000000 UTC,Saída,RO,C. T. DA LUZ COM & DISTRI DE ALIM LTDA,451654,ACUCAR CRISTAL 10X2 20KG Especificacao de Qualidade - Classe: CRISTAL BRANCO Tipo: CRISTAL,17011400,6101,2450.0,135558.5,16267.02,,,0.0,,0.0,,Anexo I,false,27.5,1.0,0.0,0.0
51251133664228000135550020001633251571625500,2025-11-24 21:12:00.000000 UTC,Saída,MT,MARTA BOIAGO SANSAO,451654,ACUCAR CRISTAL 10X2 20KG Especificacao de Qualidade - Classe: CRISTAL BRANCO Tipo: CRISTAL,17011400,5101,4.0,160.0,19.2,,,0.0,,0.0,,Anexo I,false,27.5,1.0,0.0,0.0
51251133664228000135550020001630001267620115,2025-11-18 13:19:00.000000 UTC,Saída,MT,JORGE ASSAD CARAN NETO,451654,ACUCAR CRISTAL 10X2 20KG Especificacao de Qualidade - Classe: CRISTAL BRANCO Tipo: CRISTAL,17011400,5101,4.0,160.0,19.2,,,0.0,,0.0,,Anexo I,false,27.5,1.0,0.0,0.0
51250133664228000135550020001516621139733316,2025-01-28 14:12:00.000000 UTC,Saída,MT,H. ALVES D MORAIS ME,451654,ACUCAR CRISTAL 10X2 20KG Especificacao de Qualidade - Classe: CRISTAL BRANCO Tipo: CRISTAL,17011400,5401,150.0,8812.22,1057.47,261.29,,0.0,,0.0,,Anexo I,false,27.5,1.0,0.0,0.0
51250533664228000135550020001555211934026513,2025-05-19 21:17:00.000000 UTC,Saída,RO,MG COMERCIO VAREJISTA DE GENEROS ALIM. LTDA,451654,ACUCAR CRISTAL 10X2 20KG Especificacao de Qualidade - Classe: CRISTAL BRANCO Tipo: CRISTAL,17011400,6101,1600.0,83712.0,10045.44,,,0.0,,0.0,,Anexo I,false,27.5,1.0,0.0,0.0
51251033664228000135550020001620681833538393,2025-10-29 20:23:00.000000 UTC,Saída,RO,IRMAOS GONCALVES COM E IND LTDA,451654,ACUCAR CRISTAL 10X2 20KG Especificacao de Qualidade - Classe: CRISTAL BRANCO Tipo: CRISTAL,17011400,6101,2475.0,123675.75,14841.09,,,0.0,,0.0,,Anexo I,false,27.5,1.0,0.0,0.0
51251133664228000135550020001623521408783919,2025-11-04 19:03:00.000000 UTC,Saída,PA,SAO RIBEIRO COMERCIO DE ALIMENTOS LTDA,451654,ACUCAR CRISTAL 10X2 20KG Especificacao de Qualidade - Classe: CRISTAL BRANCO Tipo: CRISTAL,17011400,6101,1500.0,66360.0,7963.2,,,0.0,,0.0,,Anexo I,false,27.5,1.0,0.0,0.0
51250433664228000135550020001546121190710762,2025-04-28 18:19:00.000000 UTC,Saída,RO,ADRIANA C BATISTA BETONI LTDA,451654,ACUCAR CRISTAL 10X2 20KG Especificacao de Qualidade - Classe: CRISTAL BRANCO Tipo: CRISTAL,17011400,6101,1500.0,88140.0,10576.8,,,0.0,,0.0,,Anexo I,false,27.5,1.0,0.0,0.0
51250133664228000135550020001513601161765950,2025-01-17 19:44:00.000000 UTC,Saída,MT,WMS SUPERMERCADOS DO BRASIL LTDA.,451654,ACUCAR CRISTAL 10X2 20KG Especificacao de Qualidade - Classe: CRISTAL BRANCO Tipo: CRISTAL,17011400,5401,1656.0,103993.52,12479.22,3083.44,,0.0,,0.0,,Anexo I,false,27.5,1.0,0.0,0.0
51250433664228000135550020001546701253526398,2025-04-29 19:11:00.000000 UTC,Saída,RO,SENDAS DISTRIBUIDORA S/A,451654,ACUCAR CRISTAL 10X2 20KG Especificacao de Qualidade - Classe: CRISTAL BRANCO Tipo: CRISTAL,17011400,6101,900.0,55584.0,6670.08,,,0.0,,0.0,,Anexo I,false,27.5,1.0,0.0,0.0
51250333664228000135550020001534291008926413,2025-03-20 12:54:00.000000 UTC,Saída,MT,AGROPECUARIA BOM PASTOR LTDA,451654,ACUCAR CRISTAL 10X2 20KG Especificacao de Qualidade - Classe: CRISTAL BRANCO Tipo: CRISTAL,17011400,5101,30.0,1200.0,144.0,,,0.0,,0.0,,Anexo I,false,27.5,1.0,0.0,0.0
51250233664228000135550020001522831798375444,2025-02-13 13:52:00.000000 UTC,Saída,RO,SUDOESTE INDUSTRIA E COM. DE ALIMENTOS LTDA,451654,ACUCAR CRISTAL 10X2 20KG Especificacao de Qualidade - Classe: CRISTAL BRANCO Tipo: CRISTAL,17011400,6101,2475.0,150999.75,18119.97,,,0.0,,0.0,,Anexo I,false,27.5,1.0,0.0,0.0
51250333664228000135550020001537011659459363,2025-03-27 20:50:00.000000 UTC,Saída,MT,TOP QUEIROZ SUPERMERCADO LTDA,451654,ACUCAR CRISTAL 10X2 20KG Especificacao de Qualidade - Classe: CRISTAL BRANCO Tipo: CRISTAL,17011400,5401,216.0,11783.34,1414.0,349.38,,0.0,,0.0,,Anexo I,false,27.5,1.0,0.0,0.0
51250333664228000135550020001532541516710166,2025-03-14 13:39:00.000000 UTC,Saída,AC,E. S. CAMILI PEREIRA,451654,ACUCAR CRISTAL 10X2 20KG Especificacao de Qualidade - Classe: CRISTAL BRANCO Tipo: CRISTAL,17011400,6101,50.0,2766.0,331.92,,,0.0,,0.0,,Anexo I,false,27.5,1.0,0.0,0.0
51250533664228000135550020001553061450106740,2025-05-14 18:07:00.000000 UTC,Saída,MT,M. J. SERTAO DA COSTA LTDA,451654,ACUCAR CRISTAL 10X2 20KG Especificacao de Qualidade - Classe: CRISTAL BRANCO Tipo: CRISTAL,17011400,5401,20.0,1053.17,126.38,31.23,,0.0,,0.0,,Anexo I,false,27.5,1.0,0.0,0.0
51250333664228000135550020001530531470182059,2025-03-07 14:43:00.000000 UTC,Saída,MT,COMERCIAL CARAPA DE SECOS E MOLHADOS LTDA,451654,ACUCAR CRISTAL 10X2 20KG Especificacao de Qualidade - Classe: CRISTAL BRANCO Tipo: CRISTAL,17011400,5401,2475.0,135017.44,16202.09,4003.31,,0.0,,0.0,,Anexo I,false,27.5,1.0,0.0,0.0
51250633664228000135550020001562481628539636,2025-06-05 18:50:00.000000 UTC,Saída,RO,JIBRAM COMERCIO E TRANSP. LTDA,451654,ACUCAR CRISTAL 10X2 20KG Especificacao de Qualidade - Classe: CRISTAL BRANCO Tipo: CRISTAL,17011400,6101,2000.0,104640.0,12556.8,,,0.0,,0.0,,Anexo I,false,27.5,1.0,0.0,0.0
51250433664228000135550020001539691992145867,2025-04-04 20:00:00.000000 UTC,Saída,MT,SENDAS DISTRIBUIDORA S/A,451654,ACUCAR CRISTAL 10X2 20KG Especificacao de Qualidade - Classe: CRISTAL BRANCO Tipo: CRISTAL,17011400,5401,1512.0,85802.1,10296.25,2544.06,,0.0,,0.0,,Anexo I,false,27.5,1.0,0.0,0.0
51250633664228000135550020001564181133704146,2025-06-09 20:53:00.000000 UTC,Saída,MT,KDILAYNE JOISE RONDON BORTOLUZZI 04278157118,451654,ACUCAR CRISTAL 10X2 20KG Especificacao de Qualidade - Classe: CRISTAL BRANCO Tipo: CRISTAL,17011400,5401,30.0,1642.69,197.12,48.71,,0.0,,0.0,,Anexo I,false,27.5,1.0,0.0,0.0
51250533664228000135550020001556541692270244,2025-05-22 13:15:00.000000 UTC,Saída,MT,SENDAS DISTRIBUIDORA S/A,451654,ACUCAR CRISTAL 10X2 20KG Especificacao de Qualidade - Classe: CRISTAL BRANCO Tipo: CRISTAL,17011400,5401,1728.0,95105.84,11412.7,2819.92,,0.0,,0.0,,Anexo I,false,27.5,1.0,0.0,0.0
51250533664228000135550020001559221215767127,2025-05-28 20:13:00.000000 UTC,Saída,MT,K.R. LOPES DE CASTRO & CIA LTDA EPP,451654,ACUCAR CRISTAL 10X2 20KG Especificacao de Qualidade - Classe: CRISTAL BRANCO Tipo: CRISTAL,17011400,5401,1080.0,58696.42,7043.57,1740.37,,0.0,,0.0,,Anexo I,false,27.5,1.0,0.0,0.0
51250633664228000135550020001561591492554262,2025-06-03 15:43:00.000000 UTC,Saída,MT,WMS SUPERMERCADOS DO BRASIL LTDA.,451654,ACUCAR CRISTAL 10X2 20KG Especificacao de Qualidade - Classe: CRISTAL BRANCO Tipo: CRISTAL,17011400,5401,1512.0,84950.39,10194.05,2518.8,,0.0,,0.0,,Anexo I,false,27.5,1.0,0.0,0.0
51250433664228000135550020001538531064711096,2025-04-01 19:04:00.000000 UTC,Saída,MT,IRACEMA NUNES - ME,451654,ACUCAR CRISTAL 10X2 20KG Especificacao de Qualidade - Classe: CRISTAL BRANCO Tipo: CRISTAL,17011400,5401,200.0,10978.48,1317.42,325.51,,0.0,,0.0,,Anexo I,false,27.5,1.0,0.0,0.0
51250633664228000135550020001568651131986006,2025-06-21 14:54:00.000000 UTC,Saída,RO,IRMAOS GONCALVES COM E IND LTDA,451654,ACUCAR CRISTAL 10X2 20KG Especificacao de Qualidade - Classe: CRISTAL BRANCO Tipo: CRISTAL,17011400,6101,2475.0,142535.25,17104.23,,,0.0,,0.0,,Anexo I,false,27.5,1.0,0.0,0.0
51250633664228000135550020001568641945629046,2025-06-21 14:47:00.000000 UTC,Saída,RO,IRMAOS GONCALVES COM E IND LTDA,451654,ACUCAR CRISTAL 10X2 20KG Especificacao de Qualidade - Classe: CRISTAL BRANCO Tipo: CRISTAL,17011400,6101,1000.0,54120.0,6494.4,,,0.0,,0.0,,Anexo I,false,27.5,1.0,0.0,0.0
51250233664228000135550020001523501217976650,2025-02-14 19:43:00.000000 UTC,Saída,MT,WMS SUPERMERCADOS DO BRASIL LTDA.,451654,ACUCAR CRISTAL 10X2 20KG Especificacao de Qualidade - Classe: CRISTAL BRANCO Tipo: CRISTAL,17011400,5401,2016.0,122019.21,14642.31,3617.91,,0.0,,0.0,,Anexo I,false,27.5,1.0,0.0,0.0
51250333664228000135550020001534611987303450,2025-03-20 19:48:00.000000 UTC,Saída,RO,IRMAOS GONCALVES COM E IND LTDA,451654,ACUCAR CRISTAL 10X2 20KG Especificacao de Qualidade - Classe: CRISTAL BRANCO Tipo: CRISTAL,17011400,6101,2360.0,142119.2,17054.3,,,0.0,,0.0,,Anexo I,false,27.5,1.0,0.0,0.0
51250333664228000135550020001537451129996870,2025-03-28 18:10:00.000000 UTC,Saída,RO,MERCANTIL NOVA ERA LTDA,451654,ACUCAR CRISTAL 10X2 20KG Especificacao de Qualidade - Classe: CRISTAL BRANCO Tipo: CRISTAL,17011400,6101,2451.0,132844.2,15941.3,,,0.0,,0.0,,Anexo I,false,27.5,1.0,0.0,0.0
51250633664228000135550020001564591658496301,2025-06-10 18:02:00.000000 UTC,Saída,MT,MARQUES DE QUEIROZ & CIA LTDA - EPP,451654,ACUCAR CRISTAL 10X2 20KG Especificacao de Qualidade - Classe: CRISTAL BRANCO Tipo: CRISTAL,17011400,5401,72.0,3791.42,454.97,112.42,,0.0,,0.0,,Anexo I,false,27.5,1.0,0.0,0.0
51250133664228000135550020001517151075175275,2025-01-29 17:04:00.000000 UTC,Saída,MT,JUNQUEIRA MATERIAIS E CONSTRUCAO LTDA-ME,451654,ACUCAR CRISTAL 10X2 20KG Especificacao de Qualidade - Classe: CRISTAL BRANCO Tipo: CRISTAL,17011400,5401,7.0,411.03,49.32,12.19,,0.0,,0.0,,Anexo I,false,27.5,1.0,0.0,0.0
51250433664228000135550020001540151108559065,2025-04-08 13:03:00.000000 UTC,Saída,MT,MARTINS & MARTINS NETO LTDA,451654,ACUCAR CRISTAL 10X2 20KG Especificacao de Qualidade - Classe: CRISTAL BRANCO Tipo: CRISTAL,17011400,5401,72.0,3900.51,468.06,115.65,,0.0,,0.0,,Anexo I,false,27.5,1.0,0.0,0.0
51251133664228000135550020001622571175242199,2025-11-03 17:11:00.000000 UTC,Saída,RO,IRMAOS GONCALVES COM E IND LTDA,451654,ACUCAR CRISTAL 10X2 20KG Especificacao de Qualidade - Classe: CRISTAL BRANCO Tipo: CRISTAL,17011400,6101,2475.0,123675.75,14841.09,,,0.0,,0.0,,Anexo I,false,27.5,1.0,0.0,0.0
51250233664228000135550020001523091542302420,2025-02-13 20:46:00.000000 UTC,Saída,RO,C. T. DA LUZ COM & DISTRI DE ALIM LTDA,451654,ACUCAR CRISTAL 10X2 20KG Especificacao de Qualidade - Classe: CRISTAL BRANCO Tipo: CRISTAL,17011400,6101,2450.0,138425.0,16611.0,,,0.0,,0.0,,Anexo I,false,27.5,1.0,0.0,0.0
51251033664228000135550020001614091023940719,2025-10-13 17:45:00.000000 UTC,Saída,MT,JUBA SUPERMERCADOS LTDA,451654,ACUCAR CRISTAL 10X2 20KG Especificacao de Qualidade - Classe: CRISTAL BRANCO Tipo: CRISTAL,17011400,5910,50.0,2457.14,294.86,72.85,,0.0,,0.0,,Anexo I,false,27.5,1.0,0.0,0.0
51250433664228000135550020001538881222406855,2025-04-03 13:08:00.000000 UTC,Saída,RO,FRIRON COM. DISTR. E REPR. DE FRIOS RO LTDA,451654,ACUCAR CRISTAL 10X2 20KG Especificacao de Qualidade - Classe: CRISTAL BRANCO Tipo: CRISTAL,17011400,6101,1440.0,78048.0,9365.76,,,0.0,,0.0,,Anexo I,false,27.5,1.0,0.0,0.0
51250233664228000135550020001521871608588356,2025-02-11 19:31:00.000000 UTC,Saída,MT,SENDAS DISTRIBUIDORA S/A,451654,ACUCAR CRISTAL 10X2 20KG Especificacao de Qualidade - Classe: CRISTAL BRANCO Tipo: CRISTAL,17011400,5401,1800.0,109277.87,13113.34,3240.12,,0.0,,0.0,,Anexo I,false,27.5,1.0,0.0,0.0
51250533664228000135550020001559571358768580,2025-05-29 13:53:00.000000 UTC,Saída,RO,SUPERMERCADO MANAR LTDA,451654,ACUCAR CRISTAL 10X2 20KG Especificacao de Qualidade - Classe: CRISTAL BRANCO Tipo: CRISTAL,17011400,6101,1650.0,95766.0,11491.92,,,0.0,,0.0,,Anexo I,false,27.5,1.0,0.0,0.0
51250133664228000135550020001516581299722239,2025-01-28 12:59:00.000000 UTC,Saída,MT,DEL MORO & DEL MORO LTDA,451654,ACUCAR CRISTAL 10X2 20KG Especificacao de Qualidade - Classe: CRISTAL BRANCO Tipo: CRISTAL,17011400,5401,1536.0,87850.26,10542.03,2604.79,,0.0,,0.0,,Anexo I,false,27.5,1.0,0.0,0.0
51251133664228000135550020001623191196095122,2025-11-04 13:20:00.000000 UTC,Saída,RO,SUDOESTE INDUSTRIA E COM. DE ALIMENTOS LTDA,451654,ACUCAR CRISTAL 10X2 20KG Especificacao de Qualidade - Classe: CRISTAL BRANCO Tipo: CRISTAL,17011400,6101,2475.0,123106.5,14772.78,,,0.0,,0.0,,Anexo I,false,27.5,1.0,0.0,0.0
51251033664228000135550020001613241072882884,2025-10-09 20:26:00.000000 UTC,Saída,RO,IRMAOS GONCALVES COM E IND LTDA,451654,ACUCAR CRISTAL 10X2 20KG Especificacao de Qualidade - Classe: CRISTAL BRANCO Tipo: CRISTAL,17011400,6101,2475.0,126225.0,15147.0,,,0.0,,0.0,,Anexo I,false,27.5,1.0,0.0,0.0
51250233664228000135550020001520661813288495,2025-02-07 18:07:00.000000 UTC,Saída,MT,D R TAMBARUSSI & CIA LTDA,451654,ACUCAR CRISTAL 10X2 20KG Especificacao de Qualidade - Classe: CRISTAL BRANCO Tipo: CRISTAL,17011400,5401,675.0,38350.4,4602.05,1137.1,,0.0,,0.0,,Anexo I,false,27.5,1.0,0.0,0.0
51250233664228000135550020001518861742192840,2025-02-03 20:14:00.000000 UTC,Saída,RO,SUDOESTE INDUSTRIA E COM. DE ALIMENTOS LTDA,451654,ACUCAR CRISTAL 10X2 20KG Especificacao de Qualidade - Classe: CRISTAL BRANCO Tipo: CRISTAL,17011400,6101,2475.0,156494.25,18779.31,,,0.0,,0.0,,Anexo I,false,27.5,1.0,0.0,0.0
51250633664228000135550020001569001935252762,2025-06-23 18:28:00.000000 UTC,Saída,MT,JOSE RIBEIRO DOS SANTOS 69170355134,451654,ACUCAR CRISTAL 10X2 20KG Especificacao de Qualidade - Classe: CRISTAL BRANCO Tipo: CRISTAL,17011400,5401,25.0,1321.57,158.59,39.18,,0.0,,0.0,,Anexo I,false,27.5,1.0,0.0,0.0
51251133664228000135550020001629931654448999,2025-11-18 13:04:00.000000 UTC,Saída,MT,JORGE ASSAD CARAN NETO,451654,ACUCAR CRISTAL 10X2 20KG Especificacao de Qualidade - Classe: CRISTAL BRANCO Tipo: CRISTAL,17011400,5101,4.0,160.0,19.2,,,0.0,,0.0,,Anexo I,false,27.5,1.0,0.0,0.0
51250633664228000135550020001566721092437969,2025-06-16 22:07:00.000000 UTC,Saída,MT,JUBA SUPERMERCADOS LTDA,451654,ACUCAR CRISTAL 10X2 20KG Especificacao de Qualidade - Classe: CRISTAL BRANCO Tipo: CRISTAL,17011400,5401,1728.0,94065.32,11287.84,2789.07,,0.0,,0.0,,Anexo I,false,27.5,1.0,0.0,0.0
51250633664228000135550020001564231453922560,2025-06-09 21:39:00.000000 UTC,Saída,RO,IRMAOS GONCALVES COM E IND LTDA,451654,ACUCAR CRISTAL 10X2 20KG Especificacao de Qualidade - Classe: CRISTAL BRANCO Tipo: CRISTAL,17011400,6101,1750.0,94710.0,11365.2,,,0.0,,0.0,,Anexo I,false,27.5,1.0,0.0,0.0
51250533664228000135550020001555391715149908,2025-05-20 14:15:00.000000 UTC,Saída,MT,IRMAOS DALMOLIN GENEROS ALIMENTICIOS LTDA,451654,ACUCAR CRISTAL 10X2 20KG Especificacao de Qualidade - Classe: CRISTAL BRANCO Tipo: CRISTAL,17011400,5401,864.0,45497.07,5459.65,1349.0,,0.0,,0.0,,Anexo I,false,27.5,1.0,0.0,0.0
51250633664228000135550020001566231573308797,2025-06-14 17:32:00.000000 UTC,Saída,RO,IRMAOS GONCALVES COM E IND LTDA,451654,ACUCAR CRISTAL 10X2 20KG Especificacao de Qualidade - Classe: CRISTAL BRANCO Tipo: CRISTAL,17011400,6101,2475.0,142535.25,17104.23,,,0.0,,0.0,,Anexo I,false,27.5,1.0,0.0,0.0
51250533664228000135550020001557591067460737,2025-05-24 15:25:00.000000 UTC,Saída,MT,WMS SUPERMERCADOS DO BRASIL LTDA.,451654,ACUCAR CRISTAL 10X2 20KG Especificacao de Qualidade - Classe: CRISTAL BRANCO Tipo: CRISTAL,17011400,5401,1024.0,56557.92,6786.95,1676.96,,0.0,,0.0,,Anexo I,false,27.5,1.0,0.0,0.0
51250133664228000135550020001516281707409253,2025-01-27 15:25:00.000000 UTC,Saída,MT,SANTOGO ALIMENTOS LTDA,451654,ACUCAR CRISTAL 10X2 20KG Especificacao de Qualidade - Classe: CRISTAL BRANCO Tipo: CRISTAL,17011400,5910,25.0,1549.31,185.92,45.94,,0.0,,0.0,,Anexo I,false,27.5,1.0,0.0,0.0
51250433664228000135550020001546141641126037,2025-04-28 18:25:00.000000 UTC,Saída,RO,SUDOESTE INDUSTRIA E COM. DE ALIMENTOS LTDA,451654,ACUCAR CRISTAL 10X2 20KG Especificacao de Qualidade - Classe: CRISTAL BRANCO Tipo: CRISTAL,17011400,6910,25.0,1485.0,178.2,,,0.0,,0.0,,Anexo I,false,27.5,1.0,0.0,0.0
51250533664228000135550020001558941430414423,2025-05-28 14:40:00.000000 UTC,Saída,RO,SUDOESTE INDUSTRIA E COM. DE ALIMENTOS LTDA,451654,ACUCAR CRISTAL 10X2 20KG Especificacao de Qualidade - Classe: CRISTAL BRANCO Tipo: CRISTAL,17011400,6101,2475.0,140778.0,16893.36,,,0.0,,0.0,,Anexo I,false,27.5,1.0,0.0,0.0
51251133664228000135550020001626721907401565,2025-11-11 19:53:00.000000 UTC,Saída,MT,AGOSTINHO SANSAO,451654,ACUCAR CRISTAL 10X2 20KG Especificacao de Qualidade - Classe: CRISTAL BRANCO Tipo: CRISTAL,17011400,5101,12.0,480.0,57.6,,,0.0,,0.0,,Anexo I,false,27.5,1.0,0.0,0.0
51250533664228000135550020001559741877650174,2025-05-29 17:00:00.000000 UTC,Saída,MT,SABINO DA SILVA MERCEARIA ME,451654,ACUCAR CRISTAL 10X2 20KG Especificacao de Qualidade - Classe: CRISTAL BRANCO Tipo: CRISTAL,17011400,5401,20.0,1095.13,131.42,32.47,,0.0,,0.0,,Anexo I,false,27.5,1.0,0.0,0.0
51250533664228000135550020001556341397531951,2025-05-21 20:31:00.000000 UTC,Saída,MT,WMS SUPERMERCADOS DO BRASIL LTDA.,451654,ACUCAR CRISTAL 10X2 20KG Especificacao de Qualidade - Classe: CRISTAL BRANCO Tipo: CRISTAL,17011400,5401,1560.0,86162.45,10339.49,2554.74,,0.0,,0.0,,Anexo I,false,27.5,1.0,0.0,0.0
51250533664228000135550020001556451221931098,2025-05-21 22:22:00.000000 UTC,Saída,MT,WMS SUPERMERCADOS DO BRASIL LTDA.,451654,ACUCAR CRISTAL 10X2 20KG Especificacao de Qualidade - Classe: CRISTAL BRANCO Tipo: CRISTAL,17011400,5401,1656.0,91464.76,10975.77,2711.96,,0.0,,0.0,,Anexo I,false,27.5,1.0,0.0,0.0
51250333664228000135550020001529521778083834,2025-03-04 18:58:00.000000 UTC,Saída,MT,SANTOGO ALIMENTOS LTDA,451654,ACUCAR CRISTAL 10X2 20KG Especificacao de Qualidade - Classe: CRISTAL BRANCO Tipo: CRISTAL,17011400,5401,275.0,16361.38,1963.37,485.12,,0.0,,0.0,,Anexo I,false,27.5,1.0,0.0,0.0
51250333664228000135550020001529271240833893,2025-03-03 19:58:00.000000 UTC,Saída,MT,WMS SUPERMERCADOS DO BRASIL LTDA.,451654,ACUCAR CRISTAL 10X2 20KG Especificacao de Qualidade - Classe: CRISTAL BRANCO Tipo: CRISTAL,17011400,5401,1872.0,108340.17,13000.82,3212.32,,0.0,,0.0,,Anexo I,false,27.5,1.0,0.0,0.0
51250233664228000135550020001523981455676798,2025-02-17 19:59:00.000000 UTC,Saída,AC,L & G ALIMENTOS DO BRASIL LTDA,451654,ACUCAR CRISTAL 10X2 20KG Especificacao de Qualidade - Classe: CRISTAL BRANCO Tipo: CRISTAL,17011400,6101,100.0,6384.0,766.08,,,0.0,,0.0,,Anexo I,false,27.5,1.0,0.0,0.0
51251033664228000135550020001612221742162061,2025-10-07 20:18:00.000000 UTC,Saída,RO,ATACAREJO BOM PRECO ATAC VAR. PROD. ALIM LTDA,451654,ACUCAR CRISTAL 10X2 20KG Especificacao de Qualidade - Classe: CRISTAL BRANCO Tipo: CRISTAL,17011400,6101,2475.0,112860.0,13543.2,,,0.0,,0.0,,Anexo I,false,27.5,1.0,0.0,0.0
51250533664228000135550020001553621801988570,2025-05-15 19:29:00.000000 UTC,Saída,MT,IRANILDO LACERDA DE MELO,451654,ACUCAR CRISTAL 10X2 20KG Especificacao de Qualidade - Classe: CRISTAL BRANCO Tipo: CRISTAL,17011400,5910,13.0,699.46,83.94,20.74,,0.0,,0.0,,Anexo I,false,27.5,1.0,0.0,0.0
51250433664228000135550020001538571960905789,2025-04-01 20:36:00.000000 UTC,Saída,MT,SENDAS DISTRIBUIDORA S/A,451654,ACUCAR CRISTAL 10X2 20KG Especificacao de Qualidade - Classe: CRISTAL BRANCO Tipo: CRISTAL,17011400,5401,1296.0,73544.66,8825.36,2180.62,,0.0,,0.0,,Anexo I,false,27.5,1.0,0.0,0.0
51250233664228000135550020001524151557121950,2025-02-18 13:17:00.000000 UTC,Saída,MT,WMS SUPERMERCADOS DO BRASIL LTDA.,451654,ACUCAR CRISTAL 10X2 20KG Especificacao de Qualidade - Classe: CRISTAL BRANCO Tipo: CRISTAL,17011400,5401,1664.0,98823.46,11858.82,2930.15,,0.0,,0.0,,Anexo I,false,27.5,1.0,0.0,0.0
51250133664228000135550020001514701934317859,2025-01-22 15:44:00.000000 UTC,Saída,MT,JUBA SUPERMERCADOS LTDA,451654,ACUCAR CRISTAL 10X2 20KG Especificacao de Qualidade - Classe: CRISTAL BRANCO Tipo: CRISTAL,17011400,5401,1512.0,89737.56,10768.51,2660.75,,0.0,,0.0,,Anexo I,false,27.5,1.0,0.0,0.0
51250433664228000135550020001541511525696929,2025-04-10 20:37:00.000000 UTC,Saída,RO,SUDOESTE INDUSTRIA E COM. DE ALIMENTOS LTDA,451654,ACUCAR CRISTAL 10X2 20KG Especificacao de Qualidade - Classe: CRISTAL BRANCO Tipo: CRISTAL,17011400,6101,2175.0,130978.5,15717.42,,,0.0,,0.0,,Anexo I,false,27.5,1.0,0.0,0.0
51250633664228000135550020001566201343073729,2025-06-14 13:31:00.000000 UTC,Saída,MT,CAMPO VERDE ATACADO E SUPERMERCADO LTDA,451654,ACUCAR CRISTAL 10X2 20KG Especificacao de Qualidade - Classe: CRISTAL BRANCO Tipo: CRISTAL,17011400,5401,1656.0,91529.09,10983.49,2713.86,,0.0,,0.0,,Anexo I,false,27.5,1.0,0.0,0.0
51250533664228000135550020001549101350985379,2025-05-05 20:25:00.000000 UTC,Saída,MT,K.R. LOPES DE CASTRO & CIA LTDA EPP,451654,ACUCAR CRISTAL 10X2 20KG Especificacao de Qualidade - Classe: CRISTAL BRANCO Tipo: CRISTAL,17011400,5401,1656.0,92510.15,11101.22,2742.95,,0.0,,0.0,,Anexo I,false,27.5,1.0,0.0,0.0
51251233664228000135550020001643221664881294,2025-12-16 17:17:00.000000 UTC,Saída,RO,IRMAOS GONCALVES COM E IND LTDA,451654,ACUCAR CRISTAL 10X2 20KG Especificacao de Qualidade - Classe: CRISTAL BRANCO Tipo: CRISTAL,17011400,6101,1750.0,82005.0,9840.6,,,0.0,,0.0,,Anexo I,false,27.5,1.0,0.0,0.0
51251033664228000135550020001618631656714014,2025-10-24 17:39:00.000000 UTC,Saída,MT,RODRIGO F. DE OLIVEIRA ME,451654,ACUCAR CRISTAL 10X2 20KG Especificacao de Qualidade - Classe: CRISTAL BRANCO Tipo: CRISTAL,17011400,5101,7.0,342.86,41.14,,,0.0,,0.0,,Anexo I,false,27.5,1.0,0.0,0.0
51251033664228000135550020001621151693075614,2025-10-30 20:45:00.000000 UTC,Saída,MT,VITOR SANSAO,451654,ACUCAR CRISTAL 10X2 20KG Especificacao de Qualidade - Classe: CRISTAL BRANCO Tipo: CRISTAL,17011400,5101,4.0,160.0,19.2,,,0.0,,0.0,,Anexo I,false,27.5,1.0,0.0,0.0
51250233664228000135550020001527221774633151,2025-02-25 15:21:00.000000 UTC,Saída,MT,MARTINS & BRUCHMAM MARTINS LTDA,451654,ACUCAR CRISTAL 10X2 20KG Especificacao de Qualidade - Classe: CRISTAL BRANCO Tipo: CRISTAL,17011400,5910,15.0,835.33,100.24,24.77,,0.0,,0.0,,Anexo I,false,27.5,1.0,0.0,0.0
51250433664228000135550020001545541174965110,2025-04-25 15:16:00.000000 UTC,Saída,MT,D R TAMBARUSSI & CIA LTDA,451654,ACUCAR CRISTAL 10X2 20KG Especificacao de Qualidade - Classe: CRISTAL BRANCO Tipo: CRISTAL,17011400,5910,5.0,270.87,32.5,8.03,,0.0,,0.0,,Anexo I,false,27.5,1.0,0.0,0.0
51250333664228000135550020001535851330489179,2025-03-25 17:38:00.000000 UTC,Saída,MT,R. SODRE ALEIXO LTDA,451654,ACUCAR CRISTAL 10X2 20KG Especificacao de Qualidade - Classe: CRISTAL BRANCO Tipo: CRISTAL,17011400,5401,150.0,8182.88,981.95,242.63,,0.0,,0.0,,Anexo I,false,27.5,1.0,0.0,0.0
51250133664228000135550020001511141767318979,2025-01-10 14:02:00.000000 UTC,Saída,RO,MERCANTIL NOVA ERA LTDA,451654,ACUCAR CRISTAL 10X2 20KG Especificacao de Qualidade - Classe: CRISTAL BRANCO Tipo: CRISTAL,17011400,6101,500.0,33695.0,4043.4,,,0.0,,0.0,,Anexo I,false,27.5,1.0,0.0,0.0
51250633664228000135550020001566711902412600,2025-06-16 21:52:00.000000 UTC,Saída,RO,A. TOMASI & CIA LTDA,451654,ACUCAR CRISTAL 10X2 20KG Especificacao de Qualidade - Classe: CRISTAL BRANCO Tipo: CRISTAL,17011400,6101,2450.0,139356.0,16722.72,,,0.0,,0.0,,Anexo I,false,27.5,1.0,0.0,0.0
51250333664228000135550020001535451028593354,2025-03-24 20:09:00.000000 UTC,Saída,RO,IRMAOS GONCALVES COM E IND LTDA,451654,ACUCAR CRISTAL 10X2 20KG Especificacao de Qualidade - Classe: CRISTAL BRANCO Tipo: CRISTAL,17011400,6101,2475.0,149044.5,17885.34,,,0.0,,0.0,,Anexo I,false,27.5,1.0,0.0,0.0
51250233664228000135550020001524811730530971,2025-02-19 14:26:00.000000 UTC,Saída,MT,MARTINS & MARTINS LTDA,451654,ACUCAR CRISTAL 10X2 20KG Especificacao de Qualidade - Classe: CRISTAL BRANCO Tipo: CRISTAL,17011400,5401,48.0,2673.06,320.77,79.26,,0.0,,0.0,,Anexo I,false,27.5,1.0,0.0,0.0
51250533664228000135550020001547761637469342,2025-05-02 14:35:00.000000 UTC,Saída,MT,COOPERATIVA AGROPECUARIA DE BOVINOS E DERIV D,451654,ACUCAR CRISTAL 10X2 20KG Especificacao de Qualidade - Classe: CRISTAL BRANCO Tipo: CRISTAL,17011400,5401,10.0,555.04,66.6,16.46,,0.0,,0.0,,Anexo I,false,27.5,1.0,0.0,0.0
51250533664228000135550020001557721978842510,2025-05-26 14:47:00.000000 UTC,Saída,MT,FENIX COMERCIO DE ALIMENTO LTDA,451654,ACUCAR CRISTAL 10X2 20KG Especificacao de Qualidade - Classe: CRISTAL BRANCO Tipo: CRISTAL,17011400,5401,2000.0,112057.46,13446.9,3322.54,,0.0,,0.0,,Anexo I,false,27.5,1.0,0.0,0.0
51251033664228000135550020001613551854953814,2025-10-10 15:32:00.000000 UTC,Saída,RO,BRASIL DISTRIBUIDORA COM.DE PROD ALIMENT LTDA,451654,ACUCAR CRISTAL 10X2 20KG Especificacao de Qualidade - Classe: CRISTAL BRANCO Tipo: CRISTAL,17011400,6101,1140.0,60944.4,7313.33,,,0.0,,0.0,,Anexo I,false,27.5,1.0,0.0,0.0
51250633664228000135550020001566221540740200,2025-06-14 16:10:00.000000 UTC,Saída,RO,SUDOESTE INDUSTRIA E COM. DE ALIMENTOS LTDA,451654,ACUCAR CRISTAL 10X2 20KG Especificacao de Qualidade - Classe: CRISTAL BRANCO Tipo: CRISTAL,17011400,6101,2475.0,140679.0,16881.48,,,0.0,,0.0,,Anexo I,false,27.5,1.0,0.0,0.0
51250233664228000135550020001522801885368924,2025-02-13 13:24:00.000000 UTC,Saída,MT,SERVE MAIS ATACADISTA S/A,451654,ACUCAR CRISTAL 10X2 20KG Especificacao de Qualidade - Classe: CRISTAL BRANCO Tipo: CRISTAL,17011400,5401,1872.0,110230.96,13227.72,3268.38,,0.0,,0.0,,Anexo I,false,27.5,1.0,0.0,0.0
51250333664228000135550020001532651605812936,2025-03-14 15:01:00.000000 UTC,Saída,RO,SUDOESTE INDUSTRIA E COM. DE ALIMENTOS LTDA,451654,ACUCAR CRISTAL 10X2 20KG Especificacao de Qualidade - Classe: CRISTAL BRANCO Tipo: CRISTAL,17011400,6101,2475.0,144490.5,17338.86,,,0.0,,0.0,,Anexo I,false,27.5,1.0,0.0,0.0
51250133664228000135550020001513871484964249,2025-01-20 13:44:00.000000 UTC,Saída,MT,WMS SUPERMERCADOS DO BRASIL LTDA.,451654,ACUCAR CRISTAL 10X2 20KG Especificacao de Qualidade - Classe: CRISTAL BRANCO Tipo: CRISTAL,17011400,5401,1872.0,119666.89,14360.03,3548.16,,0.0,,0.0,,Anexo I,false,27.5,1.0,0.0,0.0
51251033664228000135550020001616161427945670,2025-10-18 14:20:00.000000 UTC,Saída,RO,SUDOESTE INDUSTRIA E COM. DE ALIMENTOS LTDA,451654,ACUCAR CRISTAL 10X2 20KG Especificacao de Qualidade - Classe: CRISTAL BRANCO Tipo: CRISTAL,17011400,6101,2475.0,123106.5,14772.78,,,0.0,,0.0,,Anexo I,false,27.5,1.0,0.0,0.0
51250133664228000135550020001511311828371930,2025-01-10 15:21:00.000000 UTC,Saída,MT,W. DO PRADO SILVA LTDA,451654,ACUCAR CRISTAL 10X2 20KG Especificacao de Qualidade - Classe: CRISTAL BRANCO Tipo: CRISTAL,17011400,5401,60.0,3704.36,444.52,109.84,,0.0,,0.0,,Anexo I,false,27.5,1.0,0.0,0.0
51250233664228000135550020001521071894603013,2025-02-10 14:14:00.000000 UTC,Saída,AC,A. C. D. A. IMPORTACAO E EXPORTACAO LTDA,451654,ACUCAR CRISTAL 10X2 20KG Especificacao de Qualidade - Classe: CRISTAL BRANCO Tipo: CRISTAL,17011400,6101,700.0,45738.0,5488.56,,,0.0,,0.0,,Anexo I,false,27.5,1.0,0.0,0.0
51250233664228000135550020001528421929083883,2025-02-28 14:19:00.000000 UTC,Saída,MT,MARTINS & MARTINS LTDA,451654,ACUCAR CRISTAL 10X2 20KG Especificacao de Qualidade - Classe: CRISTAL BRANCO Tipo: CRISTAL,17011400,5401,288.0,16038.38,1924.61,475.54,,0.0,,0.0,,Anexo I,false,27.5,1.0,0.0,0.0
51250933664228000135550020001609111007592877,2025-09-30 12:08:00.000000 UTC,Saída,MT,J. A. RODRIGUES LEMES - ME,451654,ACUCAR CRISTAL 10X2 20KG Especificacao de Qualidade - Classe: CRISTAL BRANCO Tipo: CRISTAL,17011400,5910,1.0,50.46,6.06,1.5,,0.0,,0.0,,Anexo I,false,27.5,1.0,0.0,0.0
51251033664228000135550020001612491179973023,2025-10-08 15:43:00.000000 UTC,Saída,RO,SUDOESTE INDUSTRIA E COM. DE ALIMENTOS LTDA,451654,ACUCAR CRISTAL 10X2 20KG Especificacao de Qualidade - Classe: CRISTAL BRANCO Tipo: CRISTAL,17011400,6101,2475.0,128898.0,15467.76,,,0.0,,0.0,,Anexo I,false,27.5,1.0,0.0,0.0
51251033664228000135550020001612011260234665,2025-10-07 14:50:00.000000 UTC,Saída,RO,MERCANTIL NOVA ERA LTDA,451654,ACUCAR CRISTAL 10X2 20KG Especificacao de Qualidade - Classe: CRISTAL BRANCO Tipo: CRISTAL,17011400,6910,20.0,941.2,112.94,,,0.0,,0.0,,Anexo I,false,27.5,1.0,0.0,0.0
51250533664228000135550020001559761458298077,2025-05-29 17:07:00.000000 UTC,Saída,MT,I. I. CARNEIRO,451654,ACUCAR CRISTAL 10X2 20KG Especificacao de Qualidade - Classe: CRISTAL BRANCO Tipo: CRISTAL,17011400,5401,4.0,219.03,26.28,6.49,,0.0,,0.0,,Anexo I,false,27.5,1.0,0.0,0.0
51250233664228000135550020001520491340639155,2025-02-07 15:21:00.000000 UTC,Saída,MT,CESTAS BASICAS CONQUISTA LTDA,451654,ACUCAR CRISTAL 10X2 20KG Especificacao de Qualidade - Classe: CRISTAL BRANCO Tipo: CRISTAL,17011400,5401,1080.0,61780.2,7413.62,1831.8,,0.0,,0.0,,Anexo I,false,27.5,1.0,0.0,0.0
51250133664228000135550020001508871103617834,2025-01-03 17:17:00.000000 UTC,Saída,MT,SELMA DUARTE DE SOUZA BUSIQUIA 48885223168,451654,ACUCAR CRISTAL 10X2 20KG Especificacao de Qualidade - Classe: CRISTAL BRANCO Tipo: CRISTAL,17011400,5401,10.0,626.91,75.23,18.59,,0.0,,0.0,,Anexo I,false,27.5,1.0,0.0,0.0
51251033664228000135550020001612671167812680,2025-10-08 20:27:00.000000 UTC,Saída,RO,A. TOMASI & CIA LTDA,451654,ACUCAR CRISTAL 10X2 20KG Especificacao de Qualidade - Classe: CRISTAL BRANCO Tipo: CRISTAL,17011400,6101,2475.0,127759.5,15331.14,,,0.0,,0.0,,Anexo I,false,27.5,1.0,0.0,0.0
51250133664228000135550020001511151813538600,2025-01-10 14:05:00.000000 UTC,Saída,RO,MERCANTIL NOVA ERA LTDA,451654,ACUCAR CRISTAL 10X2 20KG Especificacao de Qualidade - Classe: CRISTAL BRANCO Tipo: CRISTAL,17011400,6101,600.0,40434.0,4852.08,,,0.0,,0.0,,Anexo I,false,27.5,1.0,0.0,0.0
51250333664228000135550020001531131370012771,2025-03-10 17:13:00.000000 UTC,Saída,MT,MARTINS & MARTINS LTDA,451654,ACUCAR CRISTAL 10X2 20KG Especificacao de Qualidade - Classe: CRISTAL BRANCO Tipo: CRISTAL,17011400,5401,80.0,4587.19,550.46,136.01,,0.0,,0.0,,Anexo I,false,27.5,1.0,0.0,0.0
51250633664228000135550020001571701774006400,2025-06-30 21:29:00.000000 UTC,Saída,RO,SENDAS DISTRIBUIDORA S/A,451654,ACUCAR CRISTAL 10X2 20KG Especificacao de Qualidade - Classe: CRISTAL BRANCO Tipo: CRISTAL,17011400,6101,1250.0,70875.0,8505.0,,,0.0,,0.0,,Anexo I,false,27.5,1.0,0.0,0.0
51251233664228000135550020001642411470578910,2025-12-15 17:26:00.000000 UTC,Saída,RO,MERCANTIL NOVA ERA LTDA,451654,ACUCAR CRISTAL 10X2 20KG Especificacao de Qualidade - Classe: CRISTAL BRANCO Tipo: CRISTAL,17011400,6910,2.0,88.86,10.66,,,0.0,,0.0,,Anexo I,false,27.5,1.0,0.0,0.0
51250533664228000135550020001549901652535075,2025-05-07 14:54:00.000000 UTC,Saída,MT,WMS SUPERMERCADOS DO BRASIL LTDA.,451654,ACUCAR CRISTAL 10X2 20KG Especificacao de Qualidade - Classe: CRISTAL BRANCO Tipo: CRISTAL,17011400,5401,1664.0,94427.71,11331.33,2799.81,,0.0,,0.0,,Anexo I,false,27.5,1.0,0.0,0.0
51250333664228000135550020001536691087357545,2025-03-27 17:58:00.000000 UTC,Saída,MT,MARTINS & MARTINS NETO LTDA,451654,ACUCAR CRISTAL 10X2 20KG Especificacao de Qualidade - Classe: CRISTAL BRANCO Tipo: CRISTAL,17011400,5401,72.0,3900.51,468.06,115.65,,0.0,,0.0,,Anexo I,false,27.5,1.0,0.0,0.0
51250333664228000135550020001529551763741808,2025-03-04 19:09:00.000000 UTC,Saída,MT,COMPRE BEM SUPERMERCADO LTDA,451654,ACUCAR CRISTAL 10X2 20KG Especificacao de Qualidade - Classe: CRISTAL BRANCO Tipo: CRISTAL,17011400,5401,200.0,12277.95,1473.35,364.05,,0.0,,0.0,,Anexo I,false,27.5,1.0,0.0,0.0
51250433664228000135550020001540361378912450,2025-04-08 15:10:00.000000 UTC,Saída,MT,LAZARO DE PAULA BARBOSA,451654,ACUCAR CRISTAL 10X2 20KG Especificacao de Qualidade - Classe: CRISTAL BRANCO Tipo: CRISTAL,17011400,5401,5.0,283.2,33.98,8.4,,0.0,,0.0,,Anexo I,false,27.5,1.0,0.0,0.0
51251033664228000135550020001611451408594616,2025-10-06 15:31:00.000000 UTC,Saída,AC,L & G ALIMENTOS DO BRASIL LTDA,451654,ACUCAR CRISTAL 10X2 20KG Especificacao de Qualidade - Classe: CRISTAL BRANCO Tipo: CRISTAL,17011400,6101,100.0,5482.0,657.84,,,0.0,,0.0,,Anexo I,false,27.5,1.0,0.0,0.0
51250633664228000135550020001570631501418720,2025-06-26 20:32:00.000000 UTC,Saída,MT,SUPERMERCADO CONFIANCA LTDA,451654,ACUCAR CRISTAL 10X2 20KG Especificacao de Qualidade - Classe: CRISTAL BRANCO Tipo: CRISTAL,17011400,5401,200.0,10382.16,1245.86,307.83,,0.0,,0.0,,Anexo I,false,27.5,1.0,0.0,0.0
51250633664228000135550020001561461039834340,2025-06-03 14:35:00.000000 UTC,Saída,MT,MARTINS & MARTINS LTDA,451654,ACUCAR CRISTAL 10X2 20KG Especificacao de Qualidade - Classe: CRISTAL BRANCO Tipo: CRISTAL,17011400,5401,72.0,3709.61,445.15,109.99,,0.0,,0.0,,Anexo I,false,27.5,1.0,0.0,0.0
51251133664228000135550020001634611240401916,2025-11-26 21:22:00.000000 UTC,Saída,RO,IRMAOS GONCALVES COM E IND LTDA,451654,ACUCAR CRISTAL 10X2 20KG Especificacao de Qualidade - Classe: CRISTAL BRANCO Tipo: CRISTAL,17011400,6101,2475.0,121275.0,14553.0,,,0.0,,0.0,,Anexo I,false,27.5,1.0,0.0,0.0
51250533664228000135550020001560021808680066,2025-05-29 20:40:00.000000 UTC,Saída,RO,IRMAOS GONCALVES COM E IND LTDA,451654,ACUCAR CRISTAL 10X2 20KG Especificacao de Qualidade - Classe: CRISTAL BRANCO Tipo: CRISTAL,17011400,6101,2475.0,138674.25,16640.91,,,0.0,,0.0,,Anexo I,false,27.5,1.0,0.0,0.0
51250633664228000135550020001561571711040027,2025-06-03 15:40:00.000000 UTC,Saída,MT,W. BENEDITO DE OLIVEIRA,451654,ACUCAR CRISTAL 10X2 20KG Especificacao de Qualidade - Classe: CRISTAL BRANCO Tipo: CRISTAL,17011400,5401,900.0,47392.79,5687.13,1405.21,,0.0,,0.0,,Anexo I,false,27.5,1.0,0.0,0.0
51250633664228000135550020001566271702918854,2025-06-14 18:39:00.000000 UTC,Saída,RO,RODOLFO E SEPP LTDA,451654,ACUCAR CRISTAL 10X2 20KG Especificacao de Qualidade - Classe: CRISTAL BRANCO Tipo: CRISTAL,17011400,6101,2450.0,137200.0,16464.0,,,0.0,,0.0,,Anexo I,false,27.5,1.0,0.0,0.0
51250433664228000135550020001543921896416340,2025-04-21 15:17:00.000000 UTC,Saída,MT,SENDAS DISTRIBUIDORA S/A,451654,ACUCAR CRISTAL 10X2 20KG Especificacao de Qualidade - Classe: CRISTAL BRANCO Tipo: CRISTAL,17011400,5401,1368.0,77630.47,9315.66,2301.77,,0.0,,0.0,,Anexo I,false,27.5,1.0,0.0,0.0
51251033664228000135550020001613481662598701,2025-10-10 14:04:00.000000 UTC,Saída,RO,IRMAOS GONCALVES COM E IND LTDA,451654,ACUCAR CRISTAL 10X2 20KG Especificacao de Qualidade - Classe: CRISTAL BRANCO Tipo: CRISTAL,17011400,6101,2475.0,128576.25,15429.15,,,0.0,,0.0,,Anexo I,false,27.5,1.0,0.0,0.0
51250133664228000135550020001517331968747220,2025-01-29 19:30:00.000000 UTC,Saída,MT,SENDAS DISTRIBUIDORA S/A,451654,ACUCAR CRISTAL 10X2 20KG Especificacao de Qualidade - Classe: CRISTAL BRANCO Tipo: CRISTAL,17011400,5401,576.0,35075.21,4209.03,1039.99,,0.0,,0.0,,Anexo I,false,27.5,1.0,0.0,0.0
51250533664228000135550020001552631919014325,2025-05-13 19:12:00.000000 UTC,Saída,RO,SENDAS DISTRIBUIDORA S/A,451654,ACUCAR CRISTAL 10X2 20KG Especificacao de Qualidade - Classe: CRISTAL BRANCO Tipo: CRISTAL,17011400,6101,900.0,55584.0,6670.08,,,0.0,,0.0,,Anexo I,false,27.5,1.0,0.0,0.0
51251233664228000135550020001639741336785625,2025-12-09 12:55:00.000000 UTC,Saída,MT,COMERCIAL CARAPA DE SECOS E MOLHADOS LTDA,451654,ACUCAR CRISTAL 10X2 20KG Especificacao de Qualidade - Classe: CRISTAL BRANCO Tipo: CRISTAL,17011400,5910,25.0,1065.9,127.91,31.6,,0.0,,0.0,,Anexo I,false,27.5,1.0,0.0,0.0
51250133664228000135550020001515601214291508,2025-01-24 15:17:00.000000 UTC,Saída,MT,WMS SUPERMERCADOS DO BRASIL LTDA.,451654,ACUCAR CRISTAL 10X2 20KG Especificacao de Qualidade - Classe: CRISTAL BRANCO Tipo: CRISTAL,17011400,5401,1872.0,113648.99,13637.88,3369.73,,0.0,,0.0,,Anexo I,false,27.5,1.0,0.0,0.0
51250233664228000135550020001524841451189787,2025-02-19 14:34:00.000000 UTC,Saída,MT,MARTINS & MARTINS NETO LTDA,451654,ACUCAR CRISTAL 10X2 20KG Especificacao de Qualidade - Classe: CRISTAL BRANCO Tipo: CRISTAL,17011400,5401,72.0,4009.59,481.15,118.89,,0.0,,0.0,,Anexo I,false,27.5,1.0,0.0,0.0
51250233664228000135550020001523331941269391,2025-02-14 17:51:00.000000 UTC,Saída,MT,EQUILIBRIO ENGENHARIA E SEGURANCA DO TRABALHO,451654,ACUCAR CRISTAL 10X2 20KG Especificacao de Qualidade - Classe: CRISTAL BRANCO Tipo: CRISTAL,17011400,5101,1.0,59.28,7.11,,,0.0,,0.0,,Anexo I,false,27.5,1.0,0.0,0.0
51250633664228000135550020001562091293204702,2025-06-04 14:57:00.000000 UTC,Saída,RO,A. C. D. A. IMPORTACAO E EXPORTACAO LTDA,451654,ACUCAR CRISTAL 10X2 20KG Especificacao de Qualidade - Classe: CRISTAL BRANCO Tipo: CRISTAL,17011400,6101,1674.0,98297.28,11795.67,,,0.0,,0.0,,Anexo I,false,27.5,1.0,0.0,0.0
51250133664228000135550020001518051102148198,2025-01-31 14:18:00.000000 UTC,Saída,AC,L & G ALIMENTOS DO BRASIL LTDA,451654,ACUCAR CRISTAL 10X2 20KG Especificacao de Qualidade - Classe: CRISTAL BRANCO Tipo: CRISTAL,17011400,6101,100.0,6572.0,788.64,,,0.0,,0.0,,Anexo I,false,27.5,1.0,0.0,0.0
51250333664228000135550020001534641020628000,2025-03-20 20:10:00.000000 UTC,Saída,MT,SENDAS DISTRIBUIDORA S/A,451654,ACUCAR CRISTAL 10X2 20KG Especificacao de Qualidade - Classe: CRISTAL BRANCO Tipo: CRISTAL,17011400,5401,1800.0,102145.36,12257.44,3028.64,,0.0,,0.0,,Anexo I,false,27.5,1.0,0.0,0.0
51250333664228000135550020001531891281305771,2025-03-12 18:40:00.000000 UTC,Saída,MT,DEL MORO & DEL MORO LTDA,451654,ACUCAR CRISTAL 10X2 20KG Especificacao de Qualidade - Classe: CRISTAL BRANCO Tipo: CRISTAL,17011400,5401,1536.0,83210.85,9985.3,2467.23,,0.0,,0.0,,Anexo I,false,27.5,1.0,0.0,0.0
51250533664228000135550020001557571570428770,2025-05-24 14:34:00.000000 UTC,Saída,RO,IRMAOS GONCALVES COM E IND LTDA,451654,ACUCAR CRISTAL 10X2 20KG Especificacao de Qualidade - Classe: CRISTAL BRANCO Tipo: CRISTAL,17011400,6101,2475.0,145332.0,17439.84,,,0.0,,0.0,,Anexo I,false,27.5,1.0,0.0,0.0
51250233664228000135550020001518981584224993,2025-02-04 12:27:00.000000 UTC,Saída,MT,DEL MORO & DEL MORO LTDA,451654,ACUCAR CRISTAL 10X2 20KG Especificacao de Qualidade - Classe: CRISTAL BRANCO Tipo: CRISTAL,17011400,5401,1536.0,87865.18,10543.82,2605.23,,0.0,,0.0,,Anexo I,false,27.5,1.0,0.0,0.0
51251233664228000135550020001641141638764518,2025-12-11 15:02:00.000000 UTC,Saída,MT,SUPERMERCADO EXPRESSO BARRA LTDA,451654,ACUCAR CRISTAL 10X2 20KG Especificacao de Qualidade - Classe: CRISTAL BRANCO Tipo: CRISTAL,17011400,5910,2.0,86.79,10.41,2.57,,0.0,,0.0,,Anexo I,false,27.5,1.0,0.0,0.0
51250433664228000135550020001543471098122077,2025-04-17 14:27:00.000000 UTC,Saída,MT,M. DA GUIA FERREIRA MENDES LTDA,451654,ACUCAR CRISTAL 10X2 20KG Especificacao de Qualidade - Classe: CRISTAL BRANCO Tipo: CRISTAL,17011400,5401,20.0,1113.78,133.65,33.02,,0.0,,0.0,,Anexo I,false,27.5,1.0,0.0,0.0
51250233664228000135550020001520141909174850,2025-02-06 18:35:00.000000 UTC,Saída,MT,EQUILIBRIO ENGENHARIA E SEGURANCA DO TRABALHO,451654,ACUCAR CRISTAL 10X2 20KG Especificacao de Qualidade - Classe: CRISTAL BRANCO Tipo: CRISTAL,17011400,5101,1.0,59.28,7.11,,,0.0,,0.0,,Anexo I,false,27.5,1.0,0.0,0.0
51250133664228000135550020001509601240651700,2025-01-06 18:47:00.000000 UTC,Saída,MT,SENDAS DISTRIBUIDORA S/A,451654,ACUCAR CRISTAL 10X2 20KG Especificacao de Qualidade - Classe: CRISTAL BRANCO Tipo: CRISTAL,17011400,5401,1224.0,76864.76,9223.77,2279.06,,0.0,,0.0,,Anexo I,false,27.5,1.0,0.0,0.0
51250533664228000135550020001549011613405379,2025-05-05 19:44:00.000000 UTC,Saída,MT,REGIONAL SUPERMERCADO LTDA,451654,ACUCAR CRISTAL 10X2 20KG Especificacao de Qualidade - Classe: CRISTAL BRANCO Tipo: CRISTAL,17011400,5401,216.0,11783.34,1414.0,349.38,,0.0,,0.0,,Anexo I,false,27.5,1.0,0.0,0.0
51250633664228000135550020001568021618081894,2025-06-20 14:27:00.000000 UTC,Saída,MT,SENDAS DISTRIBUIDORA S/A,451654,ACUCAR CRISTAL 10X2 20KG Especificacao de Qualidade - Classe: CRISTAL BRANCO Tipo: CRISTAL,17011400,5401,576.0,30504.8,3660.58,904.48,,0.0,,0.0,,Anexo I,false,27.5,1.0,0.0,0.0
51250433664228000135550020001544971650295646,2025-04-24 14:58:00.000000 UTC,Saída,MT,COMPRE BEM SUPERMERCADO LTDA,451654,ACUCAR CRISTAL 10X2 20KG Especificacao de Qualidade - Classe: CRISTAL BRANCO Tipo: CRISTAL,17011400,5401,320.0,19212.74,2305.53,569.66,,0.0,,0.0,,Anexo I,false,27.5,1.0,0.0,0.0
51251133664228000135550020001623561833797088,2025-11-04 19:17:00.000000 UTC,Saída,MT,K.R. LOPES DE CASTRO & CIA LTDA EPP,451654,ACUCAR CRISTAL 10X2 20KG Especificacao de Qualidade - Classe: CRISTAL BRANCO Tipo: CRISTAL,17011400,5910,10.0,479.29,57.51,14.21,,0.0,,0.0,,Anexo I,false,27.5,1.0,0.0,0.0
51250333664228000135550020001534521203659800,2025-03-20 18:42:00.000000 UTC,Saída,MT,SENDAS DISTRIBUIDORA S/A,451654,ACUCAR CRISTAL 10X2 20KG Especificacao de Qualidade - Classe: CRISTAL BRANCO Tipo: CRISTAL,17011400,5401,1656.0,95533.78,11464.05,2832.61,,0.0,,0.0,,Anexo I,false,27.5,1.0,0.0,0.0
51250533664228000135550020001559971865096384,2025-05-29 20:00:00.000000 UTC,Saída,MT,K.R. LOPES DE CASTRO & CIA LTDA,451654,ACUCAR CRISTAL 10X2 20KG Especificacao de Qualidade - Classe: CRISTAL BRANCO Tipo: CRISTAL,17011400,5910,30.0,1619.09,194.29,48.01,,0.0,,0.0,,Anexo I,false,27.5,1.0,0.0,0.0
51250233664228000135550020001525711899044570,2025-02-21 13:33:00.000000 UTC,Saída,MT,MARTINS & MARTINS NETO LTDA,451654,ACUCAR CRISTAL 10X2 20KG Especificacao de Qualidade - Classe: CRISTAL BRANCO Tipo: CRISTAL,17011400,5401,50.0,2784.44,334.13,82.56,,0.0,,0.0,,Anexo I,false,27.5,1.0,0.0,0.0
51250133664228000135550020001517551594652444,2025-01-30 14:23:00.000000 UTC,Saída,RO,SUDOESTE INDUSTRIA E COM. DE ALIMENTOS LTDA,451654,ACUCAR CRISTAL 10X2 20KG Especificacao de Qualidade - Classe: CRISTAL BRANCO Tipo: CRISTAL,17011400,6101,2025.0,128040.75,15364.89,,,0.0,,0.0,,Anexo I,false,27.5,1.0,0.0,0.0
51250333664228000135550020001535491077185905,2025-03-24 20:15:00.000000 UTC,Saída,MT,SENDAS DISTRIBUIDORA S/A,451654,ACUCAR CRISTAL 10X2 20KG Especificacao de Qualidade - Classe: CRISTAL BRANCO Tipo: CRISTAL,17011400,5401,1440.0,81716.28,9805.95,2422.91,,0.0,,0.0,,Anexo I,false,27.5,1.0,0.0,0.0
51250533664228000135550020001558821322920665,2025-05-28 12:54:00.000000 UTC,Saída,MT,KDILAYNE JOISE RONDON BORTOLUZZI 04278157118,451654,ACUCAR CRISTAL 10X2 20KG Especificacao de Qualidade - Classe: CRISTAL BRANCO Tipo: CRISTAL,17011400,5401,30.0,1642.69,197.12,48.71,,0.0,,0.0,,Anexo I,false,27.5,1.0,0.0,0.0
51250233664228000135550020001523781946676710,2025-02-17 13:57:00.000000 UTC,Saída,MT,JUBA SUPERMERCADOS LTDA,451654,ACUCAR CRISTAL 10X2 20KG Especificacao de Qualidade - Classe: CRISTAL BRANCO Tipo: CRISTAL,17011400,5401,1872.0,107558.38,12907.01,3189.14,,0.0,,0.0,,Anexo I,false,27.5,1.0,0.0,0.0
51250233664228000135550020001528691560495825,2025-02-28 22:41:00.000000 UTC,Saída,MT,MARTINS & BRUCHMAM MARTINS LTDA,451654,ACUCAR CRISTAL 10X2 20KG Especificacao de Qualidade - Classe: CRISTAL BRANCO Tipo: CRISTAL,17011400,5401,2400.0,133651.42,16038.17,3962.81,,0.0,,0.0,,Anexo I,false,27.5,1.0,0.0,0.0
51250233664228000135550020001524771917444120,2025-02-19 14:18:00.000000 UTC,Saída,MT,MARTINS & MARTINS LTDA,451654,ACUCAR CRISTAL 10X2 20KG Especificacao de Qualidade - Classe: CRISTAL BRANCO Tipo: CRISTAL,17011400,5401,48.0,2673.06,320.77,79.26,,0.0,,0.0,,Anexo I,false,27.5,1.0,0.0,0.0
51251033664228000135550020001614791485306500,2025-10-14 20:18:00.000000 UTC,Saída,RO,A. C. D. A. IMPORTACAO E EXPORTACAO LTDA,451654,ACUCAR CRISTAL 10X2 20KG Especificacao de Qualidade - Classe: CRISTAL BRANCO Tipo: CRISTAL,17011400,6101,1250.0,66350.0,7962.0,,,0.0,,0.0,,Anexo I,false,27.5,1.0,0.0,0.0
51250233664228000135550020001525731910999815,2025-02-21 13:37:00.000000 UTC,Saída,MT,MARTINS & MARTINS NETO LTDA,451654,ACUCAR CRISTAL 10X2 20KG Especificacao de Qualidade - Classe: CRISTAL BRANCO Tipo: CRISTAL,17011400,5401,144.0,8019.19,962.3,237.77,,0.0,,0.0,,Anexo I,false,27.5,1.0,0.0,0.0
51250633664228000135550020001561551170697422,2025-06-03 15:33:00.000000 UTC,Saída,MT,R. B. DE ALMEIDA PINTO LTDA,451654,ACUCAR CRISTAL 10X2 20KG Especificacao de Qualidade - Classe: CRISTAL BRANCO Tipo: CRISTAL,17011400,5401,600.0,32731.5,3927.78,970.5,,0.0,,0.0,,Anexo I,false,27.5,1.0,0.0,0.0
51250633664228000135550020001569131407873765,2025-06-23 20:26:00.000000 UTC,Saída,MT,RENATO RODRIGUES DE MORAIS,451654,ACUCAR CRISTAL 10X2 20KG Especificacao de Qualidade - Classe: CRISTAL BRANCO Tipo: CRISTAL,17011400,5401,50.0,2472.68,296.72,73.32,,0.0,,0.0,,Anexo I,false,27.5,1.0,0.0,0.0
51250533664228000135550020001559691583620260,2025-05-29 15:17:00.000000 UTC,Saída,RO,A. TOMASI & CIA LTDA,451654,ACUCAR CRISTAL 10X2 20KG Especificacao de Qualidade - Classe: CRISTAL BRANCO Tipo: CRISTAL,17011400,6101,1750.0,99540.0,11944.8,,,0.0,,0.0,,Anexo I,false,27.5,1.0,0.0,0.0
51250533664228000135550020001552021100733962,2025-05-12 19:35:00.000000 UTC,Saída,MT,GESELIA APARECIDA DE SOUZA PRADO 02718270179,451654,ACUCAR CRISTAL 10X2 20KG Especificacao de Qualidade - Classe: CRISTAL BRANCO Tipo: CRISTAL,17011400,5401,12.0,643.33,77.2,19.07,,0.0,,0.0,,Anexo I,false,27.5,1.0,0.0,0.0
51250333664228000135550020001536311937520557,2025-03-26 18:09:00.000000 UTC,Saída,MT,COMERCIAL CARAPA DE SECOS E MOLHADOS LTDA,451654,ACUCAR CRISTAL 10X2 20KG Especificacao de Qualidade - Classe: CRISTAL BRANCO Tipo: CRISTAL,17011400,5910,100.0,5417.37,650.08,160.63,,0.0,,0.0,,Anexo I,false,27.5,1.0,0.0,0.0
51251033664228000135550020001616961563129910,2025-10-21 13:29:00.000000 UTC,Saída,RO,A. TOMASI & CIA LTDA,451654,ACUCAR CRISTAL 10X2 20KG Especificacao de Qualidade - Classe: CRISTAL BRANCO Tipo: CRISTAL,17011400,6101,2475.0,123106.5,14772.78,,,0.0,,0.0,,Anexo I,false,27.5,1.0,0.0,0.0
51250333664228000135550020001532051160869645,2025-03-12 20:41:00.000000 UTC,Saída,RO,A. TOMASI & CIA LTDA,451654,ACUCAR CRISTAL 10X2 20KG Especificacao de Qualidade - Classe: CRISTAL BRANCO Tipo: CRISTAL,17011400,6101,2450.0,143962.0,17275.44,,,0.0,,0.0,,Anexo I,false,27.5,1.0,0.0,0.0
51250533664228000135550020001559321525811317,2025-05-28 21:09:00.000000 UTC,Saída,MT,MARTINS & MARTINS NETO LTDA,451654,ACUCAR CRISTAL 10X2 20KG Especificacao de Qualidade - Classe: CRISTAL BRANCO Tipo: CRISTAL,17011400,5401,504.0,27949.68,3353.96,828.72,,0.0,,0.0,,Anexo I,false,27.5,1.0,0.0,0.0
51250233664228000135550020001519421066887383,2025-02-04 20:13:00.000000 UTC,Saída,RO,SENDAS DISTRIBUIDORA S/A,451654,ACUCAR CRISTAL 10X2 20KG Especificacao de Qualidade - Classe: CRISTAL BRANCO Tipo: CRISTAL,17011400,6101,1000.0,64390.0,7726.8,,,0.0,,0.0,,Anexo I,false,27.5,1.0,0.0,0.0
51250133664228000135550020001509631335203897,2025-01-06 19:09:00.000000 UTC,Saída,RO,SENDAS DISTRIBUIDORA S/A,451654,ACUCAR CRISTAL 10X2 20KG Especificacao de Qualidade - Classe: CRISTAL BRANCO Tipo: CRISTAL,17011400,6101,2205.0,149454.9,17934.59,,,0.0,,0.0,,Anexo I,false,27.5,1.0,0.0,0.0
51250133664228000135550020001510921675136069,2025-01-09 20:25:00.000000 UTC,Saída,MT,NEIVA VIEIRA DA COSTA & CIA LTDA,451654,ACUCAR CRISTAL 10X2 20KG Especificacao de Qualidade - Classe: CRISTAL BRANCO Tipo: CRISTAL,17011400,5401,10.0,615.55,73.87,18.25,,0.0,,0.0,,Anexo I,false,27.5,1.0,0.0,0.0
51250533664228000135550020001556241855971620,2025-05-21 19:53:00.000000 UTC,Saída,RO,IRMAOS GONCALVES COM E IND LTDA,451654,ACUCAR CRISTAL 10X2 20KG Especificacao de Qualidade - Classe: CRISTAL BRANCO Tipo: CRISTAL,17011400,6101,2475.0,141347.25,16961.67,,,0.0,,0.0,,Anexo I,false,27.5,1.0,0.0,0.0
51250633664228000135550020001563791705376238,2025-06-09 14:40:00.000000 UTC,Saída,RO,IRMAOS GONCALVES COM E IND LTDA,451654,ACUCAR CRISTAL 10X2 20KG Especificacao de Qualidade - Classe: CRISTAL BRANCO Tipo: CRISTAL,17011400,6101,2000.0,111500.0,13380.0,,,0.0,,0.0,,Anexo I,false,27.5,1.0,0.0,0.0
51250433664228000135550020001546251998447702,2025-04-28 20:06:00.000000 UTC,Saída,RO,SENDAS DISTRIBUIDORA S/A,451654,ACUCAR CRISTAL 10X2 20KG Especificacao de Qualidade - Classe: CRISTAL BRANCO Tipo: CRISTAL,17011400,6101,720.0,44467.2,5336.06,,,0.0,,0.0,,Anexo I,false,27.5,1.0,0.0,0.0
51250933664228000135550020001609951037280415,2025-09-30 20:50:00.000000 UTC,Saída,RO,ADRIANA C BATISTA BETONI LTDA,451654,ACUCAR CRISTAL 10X2 20KG Especificacao de Qualidade - Classe: CRISTAL BRANCO Tipo: CRISTAL,17011400,6101,1250.0,64525.0,7743.0,,,0.0,,0.0,,Anexo I,false,27.5,1.0,0.0,0.0
51250633664228000135550020001571061290884270,2025-06-27 20:26:00.000000 UTC,Saída,RO,MERCANTIL NOVA ERA LTDA,451654,ACUCAR CRISTAL 10X2 20KG Especificacao de Qualidade - Classe: CRISTAL BRANCO Tipo: CRISTAL,17011400,6101,2335.0,114741.9,13769.03,,,0.0,,0.0,,Anexo I,false,27.5,1.0,0.0,0.0
51250333664228000135550020001531301007821132,2025-03-10 19:47:00.000000 UTC,Saída,MT,REGIONAL SUPERMERC CENTRO LTDA,451654,ACUCAR CRISTAL 10X2 20KG Especificacao de Qualidade - Classe: CRISTAL BRANCO Tipo: CRISTAL,17011400,5401,144.0,7855.56,942.67,232.92,,0.0,,0.0,,Anexo I,false,27.5,1.0,0.0,0.0
51251133664228000135550020001623951565549511,2025-11-05 15:29:00.000000 UTC,Saída,RO,IRMAOS GONCALVES COM E IND LTDA,451654,ACUCAR CRISTAL 10X2 20KG Especificacao de Qualidade - Classe: CRISTAL BRANCO Tipo: CRISTAL,17011400,6101,1250.0,61125.0,7335.0,,,0.0,,0.0,,Anexo I,false,27.5,1.0,0.0,0.0
51251033664228000135550020001618241972490572,2025-10-23 18:42:00.000000 UTC,Saída,MT,AGROPECUARIA BOM PASTOR LTDA,451654,ACUCAR CRISTAL 10X2 20KG Especificacao de Qualidade - Classe: CRISTAL BRANCO Tipo: CRISTAL,17011400,5101,30.0,1200.0,144.0,,,0.0,,0.0,,Anexo I,false,27.5,1.0,0.0,0.0
51250533664228000135550020001558571127695396,2025-05-27 19:58:00.000000 UTC,Saída,MT,SENDAS DISTRIBUIDORA S/A,451654,ACUCAR CRISTAL 10X2 20KG Especificacao de Qualidade - Classe: CRISTAL BRANCO Tipo: CRISTAL,17011400,5401,1872.0,103376.76,12405.21,3065.15,,0.0,,0.0,,Anexo I,false,27.5,1.0,0.0,0.0
51250533664228000135550020001555281733993304,2025-05-19 22:28:00.000000 UTC,Saída,MT,WMS SUPERMERCADOS DO BRASIL LTDA.,451654,ACUCAR CRISTAL 10X2 20KG Especificacao de Qualidade - Classe: CRISTAL BRANCO Tipo: CRISTAL,17011400,5910,144.0,8115.69,973.88,240.63,,0.0,,0.0,,Anexo I,false,27.5,1.0,0.0,0.0
51250533664228000135550020001559371153646278,2025-05-28 22:42:00.000000 UTC,Saída,MT,MARTINS & MARTINS LTDA,451654,ACUCAR CRISTAL 10X2 20KG Especificacao de Qualidade - Classe: CRISTAL BRANCO Tipo: CRISTAL,17011400,5401,144.0,7985.62,958.27,236.78,,0.0,,0.0,,Anexo I,false,27.5,1.0,0.0,0.0
51250633664228000135550020001563371896898595,2025-06-06 20:20:00.000000 UTC,Saída,RO,IRMAOS GONCALVES COM E IND LTDA,451654,ACUCAR CRISTAL 10X2 20KG Especificacao de Qualidade - Classe: CRISTAL BRANCO Tipo: CRISTAL,17011400,6101,2000.0,108240.0,12988.8,,,0.0,,0.0,,Anexo I,false,27.5,1.0,0.0,0.0
51251033664228000135550020001620531121605583,2025-10-29 16:59:00.000000 UTC,Saída,RO,IRMAOS GONCALVES COM E IND LTDA,451654,ACUCAR CRISTAL 10X2 20KG Especificacao de Qualidade - Classe: CRISTAL BRANCO Tipo: CRISTAL,17011400,6101,2475.0,127660.5,15319.26,,,0.0,,0.0,,Anexo I,false,27.5,1.0,0.0,0.0
51250433664228000135550020001541671870237232,2025-04-11 14:40:00.000000 UTC,Saída,MT,IRMAOS DALMOLIN GENEROS ALIMENTICIOS LTDA,451654,ACUCAR CRISTAL 10X2 20KG Especificacao de Qualidade - Classe: CRISTAL BRANCO Tipo: CRISTAL,17011400,5401,864.0,46806.1,5616.73,1387.81,,0.0,,0.0,,Anexo I,false,27.5,1.0,0.0,0.0
51250233664228000135550020001523581908096903,2025-02-14 20:55:00.000000 UTC,Saída,RO,MERCANTIL NOVA ERA LTDA,451654,ACUCAR CRISTAL 10X2 20KG Especificacao de Qualidade - Classe: CRISTAL BRANCO Tipo: CRISTAL,17011400,6101,1750.0,98805.0,11856.6,,,0.0,,0.0,,Anexo I,false,27.5,1.0,0.0,0.0
51250433664228000135550020001540211105345568,2025-04-08 13:44:00.000000 UTC,Saída,MT,SENDAS DISTRIBUIDORA S/A,451654,ACUCAR CRISTAL 10X2 20KG Especificacao de Qualidade - Classe: CRISTAL BRANCO Tipo: CRISTAL,17011400,5401,1296.0,75004.72,9000.57,2223.91,,0.0,,0.0,,Anexo I,false,27.5,1.0,0.0,0.0
51250333664228000135550020001533911535663843,2025-03-19 13:15:00.000000 UTC,Saída,MT,K.R. LOPES DE CASTRO & CIA LTDA EPP,451654,ACUCAR CRISTAL 10X2 20KG Especificacao de Qualidade - Classe: CRISTAL BRANCO Tipo: CRISTAL,17011400,5401,1152.0,64791.23,7774.95,1921.08,,0.0,,0.0,,Anexo I,false,27.5,1.0,0.0,0.0
51250333664228000135550020001530781334362210,2025-03-07 20:42:00.000000 UTC,Saída,MT,MARTINS & MARTINS NETO LTDA,451654,ACUCAR CRISTAL 10X2 20KG Especificacao de Qualidade - Classe: CRISTAL BRANCO Tipo: CRISTAL,17011400,5401,504.0,28899.28,3467.91,856.87,,0.0,,0.0,,Anexo I,false,27.5,1.0,0.0,0.0
51250333664228000135550020001531791308264853,2025-03-12 14:27:00.000000 UTC,Saída,MT,IVONE APARECIDA SANSAO PEREIRA,451654,ACUCAR CRISTAL 10X2 20KG Especificacao de Qualidade - Classe: CRISTAL BRANCO Tipo: CRISTAL,17011400,5401,3.0,163.66,19.64,4.85,,0.0,,0.0,,Anexo I,false,27.5,1.0,0.0,0.0
51250533664228000135550020001555971327454090,2025-05-21 14:46:00.000000 UTC,Saída,MT,SUPERMERCADO EXPRESSO BARRA LTDA,451654,ACUCAR CRISTAL 10X2 20KG Especificacao de Qualidade - Classe: CRISTAL BRANCO Tipo: CRISTAL,17011400,5401,144.0,7582.85,909.94,224.83,,0.0,,0.0,,Anexo I,false,27.5,1.0,0.0,0.0
51250233664228000135550020001526551979033402,2025-02-24 14:44:00.000000 UTC,Saída,RO,OLIVEIRA ATACAREJO LTDA EPP,451654,ACUCAR CRISTAL 10X2 20KG Especificacao de Qualidade - Classe: CRISTAL BRANCO Tipo: CRISTAL,17011400,6101,2450.0,146706.0,17604.72,,,0.0,,0.0,,Anexo I,false,27.5,1.0,0.0,0.0
51250133664228000135550020001511351788568389,2025-01-10 17:39:00.000000 UTC,Saída,MT,MERCADO BP BOM PRECO LTDA,451654,ACUCAR CRISTAL 10X2 20KG Especificacao de Qualidade - Classe: CRISTAL BRANCO Tipo: CRISTAL,17011400,5401,6.0,376.15,45.14,11.15,,0.0,,0.0,,Anexo I,false,27.5,1.0,0.0,0.0
51250133664228000135550020001511501631368520,2025-01-10 19:48:00.000000 UTC,Saída,MT,IVONE APARECIDA SANSAO PEREIRA,451654,ACUCAR CRISTAL 10X2 20KG Especificacao de Qualidade - Classe: CRISTAL BRANCO Tipo: CRISTAL,17011400,5401,3.0,181.81,21.82,5.39,,0.0,,0.0,,Anexo I,false,27.5,1.0,0.0,0.0
51250533664228000135550020001551751042812410,2025-05-12 13:59:00.000000 UTC,Saída,PA,V. C. A. LIRA LTDA,451654,ACUCAR CRISTAL 10X2 20KG Especificacao de Qualidade - Classe: CRISTAL BRANCO Tipo: CRISTAL,17011400,6101,1500.0,78480.0,9417.6,,,0.0,,0.0,,Anexo I,false,27.5,1.0,0.0,0.0
51250633664228000135550020001570091736533606,2025-06-25 18:07:00.000000 UTC,Saída,RO,IRMAOS GONCALVES COM E IND LTDA,451654,ACUCAR CRISTAL 10X2 20KG Especificacao de Qualidade - Classe: CRISTAL BRANCO Tipo: CRISTAL,17011400,6101,2475.0,138550.5,16626.06,,,0.0,,0.0,,Anexo I,false,27.5,1.0,0.0,0.0
51250533664228000135550020001553151862487163,2025-05-14 20:45:00.000000 UTC,Saída,RO,IRMAOS GONCALVES COM E IND LTDA,451654,ACUCAR CRISTAL 10X2 20KG Especificacao de Qualidade - Classe: CRISTAL BRANCO Tipo: CRISTAL,17011400,6101,2475.0,141347.25,16961.67,,,0.0,,0.0,,Anexo I,false,27.5,1.0,0.0,0.0
51250433664228000135550020001544111967516153,2025-04-22 17:00:00.000000 UTC,Saída,AC,L & G ALIMENTOS DO BRASIL LTDA,451654,ACUCAR CRISTAL 10X2 20KG Especificacao de Qualidade - Classe: CRISTAL BRANCO Tipo: CRISTAL,17011400,6101,100.0,6234.0,748.08,,,0.0,,0.0,,Anexo I,false,27.5,1.0,0.0,0.0
51250333664228000135550020001530201546697592,2025-03-06 15:28:00.000000 UTC,Saída,MT,COMERCIAL CARAPA DE SECOS E MOLHADOS LTDA,451654,ACUCAR CRISTAL 10X2 20KG Especificacao de Qualidade - Classe: CRISTAL BRANCO Tipo: CRISTAL,17011400,5401,2475.0,135017.44,16202.09,4003.31,,0.0,,0.0,,Anexo I,false,27.5,1.0,0.0,0.0
51250333664228000135550020001534351349753400,2025-03-20 14:01:00.000000 UTC,Saída,MT,DEL MORO & DEL MORO LTDA,451654,ACUCAR CRISTAL 10X2 20KG Especificacao de Qualidade - Classe: CRISTAL BRANCO Tipo: CRISTAL,17011400,5401,1536.0,83210.85,9985.3,2467.23,,0.0,,0.0,,Anexo I,false,27.5,1.0,0.0,0.0
51250333664228000135550020001538171565010104,2025-03-31 19:14:00.000000 UTC,Saída,MT,ROBERTO E CARVALHO LTDA,451654,ACUCAR CRISTAL 10X2 20KG Especificacao de Qualidade - Classe: CRISTAL BRANCO Tipo: CRISTAL,17011400,5401,7.0,388.53,46.62,11.52,,0.0,,0.0,,Anexo I,false,27.5,1.0,0.0,0.0
51250233664228000135550020001519461422917844,2025-02-04 20:32:00.000000 UTC,Saída,MT,SUPERMERCADO REAL LTDA,451654,ACUCAR CRISTAL 10X2 20KG Especificacao de Qualidade - Classe: CRISTAL BRANCO Tipo: CRISTAL,17011400,5401,1760.0,108046.0,12965.52,3203.6,,0.0,,0.0,,Anexo I,false,27.5,1.0,0.0,0.0
51250433664228000135550020001540761597851002,2025-04-09 14:28:00.000000 UTC,Saída,RO,C. T. DA LUZ COM & DISTRI DE ALIM LTDA,451654,ACUCAR CRISTAL 10X2 20KG Especificacao de Qualidade - Classe: CRISTAL BRANCO Tipo: CRISTAL,17011400,6101,2450.0,132790.0,15934.8,,,0.0,,0.0,,Anexo I,false,27.5,1.0,0.0,0.0
51250333664228000135550020001531101791521905,2025-03-10 17:05:00.000000 UTC,Saída,MT,MARTINS & MARTINS LTDA,451654,ACUCAR CRISTAL 10X2 20KG Especificacao de Qualidade - Classe: CRISTAL BRANCO Tipo: CRISTAL,17011400,5401,16.0,917.44,110.09,27.2,,0.0,,0.0,,Anexo I,false,27.5,1.0,0.0,0.0
51250533664228000135550020001547991099843780,2025-05-02 19:48:00.000000 UTC,Saída,MT,KDILAYNE JOISE RONDON BORTOLUZZI 04278157118,451654,ACUCAR CRISTAL 10X2 20KG Especificacao de Qualidade - Classe: CRISTAL BRANCO Tipo: CRISTAL,17011400,5401,1.0,55.69,6.68,1.65,,0.0,,0.0,,Anexo I,false,27.5,1.0,0.0,0.0
51250433664228000135550020001547341570950938,2025-04-30 19:30:00.000000 UTC,Saída,MT,MARQUES DE QUEIROZ & CIA LTDA - EPP,451654,ACUCAR CRISTAL 10X2 20KG Especificacao de Qualidade - Classe: CRISTAL BRANCO Tipo: CRISTAL,17011400,5401,70.0,3818.68,458.24,113.22,,0.0,,0.0,,Anexo I,false,27.5,1.0,0.0,0.0
51250133664228000135550020001517381669096348,2025-01-29 20:45:00.000000 UTC,Saída,MT,JUBA SUPERMERCADOS LTDA,451654,ACUCAR CRISTAL 10X2 20KG Especificacao de Qualidade - Classe: CRISTAL BRANCO Tipo: CRISTAL,17011400,5401,1800.0,106830.43,12819.65,3167.55,,0.0,,0.0,,Anexo I,false,27.5,1.0,0.0,0.0
51251133664228000135550020001635771940751893,2025-11-28 19:28:00.000000 UTC,Saída,AC,SENDAS DISTRIBUIDORA S/A,451654,ACUCAR CRISTAL 10X2 20KG Especificacao de Qualidade - Classe: CRISTAL BRANCO Tipo: CRISTAL,17011400,6101,2040.0,104264.4,12511.73,,,0.0,,0.0,,Anexo I,false,27.5,1.0,0.0,0.0
51250433664228000135550020001547091608649374,2025-04-30 14:15:00.000000 UTC,Saída,MT,COM. ZAMBI DE PRODUTOS ALIMENTICIOS LTDA,451654,ACUCAR CRISTAL 10X2 20KG Especificacao de Qualidade - Classe: CRISTAL BRANCO Tipo: CRISTAL,17011400,5401,216.0,11701.53,1404.18,346.95,,0.0,,0.0,,Anexo I,false,27.5,1.0,0.0,0.0
51250633664228000135550020001570551288254876,2025-06-26 19:31:00.000000 UTC,Saída,MT,KDILAYNE JOISE RONDON BORTOLUZZI 04278157118,451654,ACUCAR CRISTAL 10X2 20KG Especificacao de Qualidade - Classe: CRISTAL BRANCO Tipo: CRISTAL,17011400,5401,30.0,1546.54,185.58,45.86,,0.0,,0.0,,Anexo I,false,27.5,1.0,0.0,0.0
51250633664228000135550020001566301626495850,2025-06-16 13:03:00.000000 UTC,Saída,MT,MARLY ROSA ALVES - ME,451654,ACUCAR CRISTAL 10X2 20KG Especificacao de Qualidade - Classe: CRISTAL BRANCO Tipo: CRISTAL,17011400,5401,1000.0,52658.65,6319.04,1561.35,,0.0,,0.0,,Anexo I,false,27.5,1.0,0.0,0.0
51250533664228000135550020001560571119146061,2025-05-30 19:43:00.000000 UTC,Saída,MT,PAULO CESAR DE BARROS - EPP,451654,ACUCAR CRISTAL 10X2 20KG Especificacao de Qualidade - Classe: CRISTAL BRANCO Tipo: CRISTAL,17011400,5401,6.0,322.83,38.74,9.57,,0.0,,0.0,,Anexo I,false,27.5,1.0,0.0,0.0
51250133664228000135550020001513581275879298,2025-01-17 19:36:00.000000 UTC,Saída,MT,KDILAYNE JOISE RONDON BORTOLUZZI 04278157118,451654,ACUCAR CRISTAL 10X2 20KG Especificacao de Qualidade - Classe: CRISTAL BRANCO Tipo: CRISTAL,17011400,5401,20.0,1227.21,147.27,36.39,,0.0,,0.0,,Anexo I,false,27.5,1.0,0.0,0.0
51250933664228000135550020001608541525154321,2025-09-26 22:28:00.000000 UTC,Saída,RO,IRMAOS GONCALVES COM E IND LTDA,451654,ACUCAR CRISTAL 10X2 20KG Especificacao de Qualidade - Classe: CRISTAL BRANCO Tipo: CRISTAL,17011400,6910,60.0,3060.0,367.2,,,0.0,,0.0,,Anexo I,false,27.5,1.0,0.0,0.0
51250633664228000135550020001561881186141268,2025-06-04 12:27:00.000000 UTC,Saída,MT,MARTINS & MARTINS NETO LTDA,451654,ACUCAR CRISTAL 10X2 20KG Especificacao de Qualidade - Classe: CRISTAL BRANCO Tipo: CRISTAL,17011400,5401,504.0,25967.26,3116.07,769.94,,0.0,,0.0,,Anexo I,false,27.5,1.0,0.0,0.0
51250533664228000135550020001554181088191485,2025-05-16 19:56:00.000000 UTC,Saída,MT,MARQUES DE QUEIROZ & CIA LTDA - EPP,451654,ACUCAR CRISTAL 10X2 20KG Especificacao de Qualidade - Classe: CRISTAL BRANCO Tipo: CRISTAL,17011400,5401,72.0,3791.42,454.97,112.42,,0.0,,0.0,,Anexo I,false,27.5,1.0,0.0,0.0
51250233664228000135550020001525191638735154,2025-02-19 20:46:00.000000 UTC,Saída,RO,A. TOMASI & CIA LTDA,451654,ACUCAR CRISTAL 10X2 20KG Especificacao de Qualidade - Classe: CRISTAL BRANCO Tipo: CRISTAL,17011400,6101,1728.0,103472.64,12416.72,,,0.0,,0.0,,Anexo I,false,27.5,1.0,0.0,0.0
51250333664228000135550020001538131524513811,2025-03-31 18:39:00.000000 UTC,Saída,MT,SENDAS DISTRIBUIDORA S/A,451654,ACUCAR CRISTAL 10X2 20KG Especificacao de Qualidade - Classe: CRISTAL BRANCO Tipo: CRISTAL,17011400,5401,144.0,8171.63,980.6,242.29,,0.0,,0.0,,Anexo I,false,27.5,1.0,0.0,0.0
51251033664228000135550020001614601886368467,2025-10-14 15:25:00.000000 UTC,Saída,RO,IRMAOS GONCALVES COM E IND LTDA,451654,ACUCAR CRISTAL 10X2 20KG Especificacao de Qualidade - Classe: CRISTAL BRANCO Tipo: CRISTAL,17011400,6101,2475.0,128576.25,15429.15,,,0.0,,0.0,,Anexo I,false,27.5,1.0,0.0,0.0
51250133664228000135550020001511911373605277,2025-01-13 17:35:00.000000 UTC,Saída,MT,SENDAS DISTRIBUIDORA S/A,451654,ACUCAR CRISTAL 10X2 20KG Especificacao de Qualidade - Classe: CRISTAL BRANCO Tipo: CRISTAL,17011400,5401,1872.0,117557.87,14106.94,3485.63,,0.0,,0.0,,Anexo I,false,27.5,1.0,0.0,0.0
51250633664228000135550020001564991300554449,2025-06-11 18:01:00.000000 UTC,Saída,RO,SENDAS DISTRIBUIDORA S/A,451654,ACUCAR CRISTAL 10X2 20KG Especificacao de Qualidade - Classe: CRISTAL BRANCO Tipo: CRISTAL,17011400,6101,1000.0,57400.0,6888.0,,,0.0,,0.0,,Anexo I,false,27.5,1.0,0.0,0.0
51250133664228000135550020001509361034908258,2025-01-06 12:55:00.000000 UTC,Saída,MT,REGIONAL SUPERMERC CENTRO LTDA,451654,ACUCAR CRISTAL 10X2 20KG Especificacao de Qualidade - Classe: CRISTAL BRANCO Tipo: CRISTAL,17011400,5401,144.0,8726.84,1047.22,258.75,,0.0,,0.0,,Anexo I,false,27.5,1.0,0.0,0.0
51250233664228000135550020001526571262128415,2025-02-24 14:54:00.000000 UTC,Saída,RO,ADRIANA C BATISTA BETONI LTDA,451654,ACUCAR CRISTAL 10X2 20KG Especificacao de Qualidade - Classe: CRISTAL BRANCO Tipo: CRISTAL,17011400,6101,800.0,49408.0,5928.96,,,0.0,,0.0,,Anexo I,false,27.5,1.0,0.0,0.0
51250233664228000135550020001527891527840427,2025-02-27 13:54:00.000000 UTC,Saída,MT,WMS SUPERMERCADOS DO BRASIL LTDA.,451654,ACUCAR CRISTAL 10X2 20KG Especificacao de Qualidade - Classe: CRISTAL BRANCO Tipo: CRISTAL,17011400,5401,1728.0,98865.1,11863.81,2931.38,,0.0,,0.0,,Anexo I,false,27.5,1.0,0.0,0.0
51250433664228000135550020001541461314882250,2025-04-10 18:42:00.000000 UTC,Saída,RO,IRMAOS GONCALVES COM E IND LTDA,451654,ACUCAR CRISTAL 10X2 20KG Especificacao de Qualidade - Classe: CRISTAL BRANCO Tipo: CRISTAL,17011400,6101,2475.0,145059.75,17407.17,,,0.0,,0.0,,Anexo I,false,27.5,1.0,0.0,0.0
51250533664228000135550020001550461142976719,2025-05-08 15:09:00.000000 UTC,Saída,MT,I. I. CARNEIRO,451654,ACUCAR CRISTAL 10X2 20KG Especificacao de Qualidade - Classe: CRISTAL BRANCO Tipo: CRISTAL,17011400,5401,5.0,283.2,33.98,8.4,,0.0,,0.0,,Anexo I,false,27.5,1.0,0.0,0.0
51250433664228000135550020001540511762288039,2025-04-08 19:00:00.000000 UTC,Saída,RO,SUPERMAIS COMERCIO DE ALIMENTOS LTDA,451654,ACUCAR CRISTAL 10X2 20KG Especificacao de Qualidade - Classe: CRISTAL BRANCO Tipo: CRISTAL,17011400,6101,1664.0,99124.48,11894.94,,,0.0,,0.0,,Anexo I,false,27.5,1.0,0.0,0.0
51250633664228000135550020001561051828846874,2025-06-02 14:58:00.000000 UTC,Saída,RO,IRMAOS GONCALVES COM E IND LTDA,451654,ACUCAR CRISTAL 10X2 20KG Especificacao de Qualidade - Classe: CRISTAL BRANCO Tipo: CRISTAL,17011400,6101,2475.0,142535.25,17104.23,,,0.0,,0.0,,Anexo I,false,27.5,1.0,0.0,0.0
51250433664228000135550020001545381523540042,2025-04-25 13:12:00.000000 UTC,Saída,MT,IRES STULP,451654,ACUCAR CRISTAL 10X2 20KG Especificacao de Qualidade - Classe: CRISTAL BRANCO Tipo: CRISTAL,17011400,5401,1425.0,77737.31,9328.48,2304.93,,0.0,,0.0,,Anexo I,false,27.5,1.0,0.0,0.0
51250333664228000135550020001536351415021507,2025-03-26 18:59:00.000000 UTC,Saída,MT,MARTINS & MARTINS LTDA,451654,ACUCAR CRISTAL 10X2 20KG Especificacao de Qualidade - Classe: CRISTAL BRANCO Tipo: CRISTAL,17011400,5401,162.0,8776.14,1053.14,260.22,,0.0,,0.0,,Anexo I,false,27.5,1.0,0.0,0.0
51250333664228000135550020001529891412918096,2025-03-05 18:34:00.000000 UTC,Saída,MT,DEL MORO & DEL MORO LTDA,451654,ACUCAR CRISTAL 10X2 20KG Especificacao de Qualidade - Classe: CRISTAL BRANCO Tipo: CRISTAL,17011400,5401,1536.0,83792.64,10055.12,2484.48,,0.0,,0.0,,Anexo I,false,27.5,1.0,0.0,0.0
51250133664228000135550020001513461252685305,2025-01-17 14:28:00.000000 UTC,Saída,RO,ATACADAO S.A,451654,ACUCAR CRISTAL 10X2 20KG Especificacao de Qualidade - Classe: CRISTAL BRANCO Tipo: CRISTAL,17011400,6101,2376.0,163254.96,19590.6,,,0.0,,0.0,,Anexo I,false,27.5,1.0,0.0,0.0
51250133664228000135550020001509701839001184,2025-01-06 22:42:00.000000 UTC,Saída,RO,OLIVEIRA ATACAREJO LTDA EPP,451654,ACUCAR CRISTAL 10X2 20KG Especificacao de Qualidade - Classe: CRISTAL BRANCO Tipo: CRISTAL,17011400,6101,2475.0,159365.25,19123.83,,,0.0,,0.0,,Anexo I,false,27.5,1.0,0.0,0.0
51251033664228000135550020001618891773496079,2025-10-24 20:31:00.000000 UTC,Saída,RO,SENDAS DISTRIBUIDORA S/A,451654,ACUCAR CRISTAL 10X2 20KG Especificacao de Qualidade - Classe: CRISTAL BRANCO Tipo: CRISTAL,17011400,6101,1017.0,52884.0,6346.08,,,0.0,,0.0,,Anexo I,false,27.5,1.0,0.0,0.0
51251133664228000135550020001625741721288962,2025-11-08 15:10:00.000000 UTC,Saída,RO,SUDOESTE INDUSTRIA E COM. DE ALIMENTOS LTDA,451654,ACUCAR CRISTAL 10X2 20KG Especificacao de Qualidade - Classe: CRISTAL BRANCO Tipo: CRISTAL,17011400,6101,2475.0,120309.75,14437.17,,,0.0,,0.0,,Anexo I,false,27.5,1.0,0.0,0.0
51250533664228000135550020001558541754555183,2025-05-27 19:47:00.000000 UTC,Saída,RO,C. T. DA LUZ COM & DISTRI DE ALIM LTDA,451654,ACUCAR CRISTAL 10X2 20KG Especificacao de Qualidade - Classe: CRISTAL BRANCO Tipo: CRISTAL,17011400,6101,2450.0,128184.0,15382.08,,,0.0,,0.0,,Anexo I,false,27.5,1.0,0.0,0.0
51250433664228000135550020001542451506938589,2025-04-15 15:21:00.000000 UTC,Saída,RO,IRMAOS GONCALVES COM E IND LTDA,451654,ACUCAR CRISTAL 10X2 20KG Especificacao de Qualidade - Classe: CRISTAL BRANCO Tipo: CRISTAL,17011400,6101,2475.0,145059.75,17407.17,,,0.0,,0.0,,Anexo I,false,27.5,1.0,0.0,0.0
51250133664228000135550020001510561248699615,2025-01-09 13:13:00.000000 UTC,Saída,MT,WMS SUPERMERCADOS DO BRASIL LTDA.,451654,ACUCAR CRISTAL 10X2 20KG Especificacao de Qualidade - Classe: CRISTAL BRANCO Tipo: CRISTAL,17011400,5401,1792.0,114065.6,13687.87,3382.08,,0.0,,0.0,,Anexo I,false,27.5,1.0,0.0,0.0
51250433664228000135550020001546041391777242,2025-04-28 15:27:00.000000 UTC,Saída,RO,BRASIL DISTRIBUIDORA COM.DE PROD ALIMENT LTDA,451654,ACUCAR CRISTAL 10X2 20KG Especificacao de Qualidade - Classe: CRISTAL BRANCO Tipo: CRISTAL,17011400,6101,2025.0,122694.75,14723.37,,,0.0,,0.0,,Anexo I,false,27.5,1.0,0.0,0.0
51250533664228000135550020001559391864122167,2025-05-28 22:46:00.000000 UTC,Saída,MT,MARTINS & MARTINS LTDA,451654,ACUCAR CRISTAL 10X2 20KG Especificacao de Qualidade - Classe: CRISTAL BRANCO Tipo: CRISTAL,17011400,5401,72.0,3992.81,479.14,118.39,,0.0,,0.0,,Anexo I,false,27.5,1.0,0.0,0.0
51251133664228000135550020001630431527302735,2025-11-18 18:24:00.000000 UTC,Saída,RO,IRMAOS GONCALVES COM E IND LTDA,451654,ACUCAR CRISTAL 10X2 20KG Especificacao de Qualidade - Classe: CRISTAL BRANCO Tipo: CRISTAL,17011400,6101,2475.0,121275.0,14553.0,,,0.0,,0.0,,Anexo I,false,27.5,1.0,0.0,0.0
51250633664228000135550020001568631554299474,2025-06-21 14:31:00.000000 UTC,Saída,RO,SENDAS DISTRIBUIDORA S/A,451654,ACUCAR CRISTAL 10X2 20KG Especificacao de Qualidade - Classe: CRISTAL BRANCO Tipo: CRISTAL,17011400,6101,1017.0,57663.9,6919.67,,,0.0,,0.0,,Anexo I,false,27.5,1.0,0.0,0.0
51250133664228000135550020001516961128048739,2025-01-29 12:14:00.000000 UTC,Saída,MT,TOP QUEIROZ SUPERMERCADO LTDA,451654,ACUCAR CRISTAL 10X2 20KG Especificacao de Qualidade - Classe: CRISTAL BRANCO Tipo: CRISTAL,17011400,5401,200.0,11514.59,1381.75,341.41,,0.0,,0.0,,Anexo I,false,27.5,1.0,0.0,0.0
51251133664228000135550020001631481308856818,2025-11-19 19:35:00.000000 UTC,Saída,RO,IRMAOS GONCALVES COM E IND LTDA,451654,ACUCAR CRISTAL 10X2 20KG Especificacao de Qualidade - Classe: CRISTAL BRANCO Tipo: CRISTAL,17011400,6101,2475.0,125235.0,15028.2,,,0.0,,0.0,,Anexo I,false,27.5,1.0,0.0,0.0
51250233664228000135550020001524301585923174,2025-02-18 18:06:00.000000 UTC,Saída,MT,ALIMENTOS MASSON LTDA,451654,ACUCAR CRISTAL 10X2 20KG Especificacao de Qualidade - Classe: CRISTAL BRANCO Tipo: CRISTAL,17011400,5401,500.0,27655.02,3318.6,819.98,,0.0,,0.0,,Anexo I,false,27.5,1.0,0.0,0.0
51250333664228000135550020001533131597569437,2025-03-17 14:10:00.000000 UTC,Saída,RO,C. T. DA LUZ COM & DISTRI DE ALIM LTDA,451654,ACUCAR CRISTAL 10X2 20KG Especificacao de Qualidade - Classe: CRISTAL BRANCO Tipo: CRISTAL,17011400,6101,2450.0,132790.0,15934.8,,,0.0,,0.0,,Anexo I,false,27.5,1.0,0.0,0.0
51250133664228000135550020001514311806375769,2025-01-21 14:59:00.000000 UTC,Saída,MT,CASA DO BOLO E CAFETERIA LTDA,451654,ACUCAR CRISTAL 10X2 20KG Especificacao de Qualidade - Classe: CRISTAL BRANCO Tipo: CRISTAL,17011400,5401,10.0,596.71,71.61,17.69,,0.0,,0.0,,Anexo I,false,27.5,1.0,0.0,0.0
51250333664228000135550020001536461825047380,2025-03-26 19:27:00.000000 UTC,Saída,MT,IRMAOS DOMINGOS LTDA,451654,ACUCAR CRISTAL 10X2 20KG Especificacao de Qualidade - Classe: CRISTAL BRANCO Tipo: CRISTAL,17011400,5401,1600.0,87284.0,10474.08,2588.0,,0.0,,0.0,,Anexo I,false,27.5,1.0,0.0,0.0
51250433664228000135550020001545001843246881,2025-04-24 15:35:00.000000 UTC,Saída,MT,SANTOGO ALIMENTOS LTDA,451654,ACUCAR CRISTAL 10X2 20KG Especificacao de Qualidade - Classe: CRISTAL BRANCO Tipo: CRISTAL,17011400,5401,500.0,28995.28,3479.43,859.72,,0.0,,0.0,,Anexo I,false,27.5,1.0,0.0,0.0
51250433664228000135550020001543491099305730,2025-04-17 14:33:00.000000 UTC,Saída,MT,W. DO PRADO SILVA LTDA,451654,ACUCAR CRISTAL 10X2 20KG Especificacao de Qualidade - Classe: CRISTAL BRANCO Tipo: CRISTAL,17011400,5401,60.0,3398.43,407.81,100.76,,0.0,,0.0,,Anexo I,false,27.5,1.0,0.0,0.0
51250433664228000135550020001539991079985264,2025-04-07 19:19:00.000000 UTC,Saída,MT,REGIONAL SUPERMERC CENTRO LTDA,451654,ACUCAR CRISTAL 10X2 20KG Especificacao de Qualidade - Classe: CRISTAL BRANCO Tipo: CRISTAL,17011400,5401,144.0,7855.56,942.67,232.92,,0.0,,0.0,,Anexo I,false,27.5,1.0,0.0,0.0
51250533664228000135550020001555221369874029,2025-05-19 21:20:00.000000 UTC,Saída,RO,SUDOESTE INDUSTRIA E COM. DE ALIMENTOS LTDA,451654,ACUCAR CRISTAL 10X2 20KG Especificacao de Qualidade - Classe: CRISTAL BRANCO Tipo: CRISTAL,17011400,6101,875.0,51380.0,6165.6,,,0.0,,0.0,,Anexo I,false,27.5,1.0,0.0,0.0
51250533664228000135550020001548771965033438,2025-05-05 14:53:00.000000 UTC,Saída,MT,IRMAOS DOMINGOS LTDA,451654,ACUCAR CRISTAL 10X2 20KG Especificacao de Qualidade - Classe: CRISTAL BRANCO Tipo: CRISTAL,17011400,5401,1405.0,76646.26,9197.55,2272.59,,0.0,,0.0,,Anexo I,false,27.5,1.0,0.0,0.0
51250533664228000135550020001554211789256341,2025-05-16 20:32:00.000000 UTC,Saída,RO,SILVA & STRE LTDA,451654,ACUCAR CRISTAL 10X2 20KG Especificacao de Qualidade - Classe: CRISTAL BRANCO Tipo: CRISTAL,17011400,6101,700.0,36624.0,4394.88,,,0.0,,0.0,,Anexo I,false,27.5,1.0,0.0,0.0
51250233664228000135550020001519641400231239,2025-02-05 15:18:00.000000 UTC,Saída,RO,SENDAS DISTRIBUIDORA S/A,451654,ACUCAR CRISTAL 10X2 20KG Especificacao de Qualidade - Classe: CRISTAL BRANCO Tipo: CRISTAL,17011400,6101,525.0,33804.75,4056.57,,,0.0,,0.0,,Anexo I,false,27.5,1.0,0.0,0.0
51251233664228000135550020001637091231003539,2025-12-02 20:44:00.000000 UTC,Saída,RO,SENDAS DISTRIBUIDORA S/A,451654,ACUCAR CRISTAL 10X2 20KG Especificacao de Qualidade - Classe: CRISTAL BRANCO Tipo: CRISTAL,17011400,6101,2500.0,122950.0,14754.0,,,0.0,,0.0,,Anexo I,false,27.5,1.0,0.0,0.0
51251033664228000135550020001612241905876445,2025-10-07 20:38:00.000000 UTC,Saída,MT,RENE JUNQUEIRA BARBOUR E OUTROS,451654,ACUCAR CRISTAL 10X2 20KG Especificacao de Qualidade - Classe: CRISTAL BRANCO Tipo: CRISTAL,17011400,5101,25.0,1000.0,120.0,,,0.0,,0.0,,Anexo I,false,27.5,1.0,0.0,0.0
51250333664228000135550020001537021900257147,2025-03-27 20:54:00.000000 UTC,Saída,MT,MARQUES DE QUEIROZ & CIA LTDA - EPP,451654,ACUCAR CRISTAL 10X2 20KG Especificacao de Qualidade - Classe: CRISTAL BRANCO Tipo: CRISTAL,17011400,5401,72.0,3927.78,471.33,116.46,,0.0,,0.0,,Anexo I,false,27.5,1.0,0.0,0.0
51250233664228000135550020001523251860948742,2025-02-14 13:54:00.000000 UTC,Saída,MT,D R TAMBARUSSI & CIA LTDA,451654,ACUCAR CRISTAL 10X2 20KG Especificacao de Qualidade - Classe: CRISTAL BRANCO Tipo: CRISTAL,17011400,5401,750.0,42611.56,5113.39,1263.45,,0.0,,0.0,,Anexo I,false,27.5,1.0,0.0,0.0
51250633664228000135550020001568411301716703,2025-06-20 20:29:00.000000 UTC,Saída,RO,IRMAOS GONCALVES COM E IND LTDA,451654,ACUCAR CRISTAL 10X2 20KG Especificacao de Qualidade - Classe: CRISTAL BRANCO Tipo: CRISTAL,17011400,6101,2475.0,138550.5,16626.06,,,0.0,,0.0,,Anexo I,false,27.5,1.0,0.0,0.0
51250233664228000135550020001528231407527490,2025-02-28 12:27:00.000000 UTC,Saída,MT,MERCADO VARANDA COPOS LTDA,451654,ACUCAR CRISTAL 10X2 20KG Especificacao de Qualidade - Classe: CRISTAL BRANCO Tipo: CRISTAL,17011400,5401,12.0,668.27,80.19,19.81,,0.0,,0.0,,Anexo I,false,27.5,1.0,0.0,0.0
51250633664228000135550020001564501743690421,2025-06-10 15:14:00.000000 UTC,Saída,MT,CESTAS BASICAS CONQUISTA LTDA,451654,ACUCAR CRISTAL 10X2 20KG Especificacao de Qualidade - Classe: CRISTAL BRANCO Tipo: CRISTAL,17011400,5401,864.0,45312.47,5437.5,1343.53,,0.0,,0.0,,Anexo I,false,27.5,1.0,0.0,0.0
51250633664228000135550020001570191970548920,2025-06-25 19:33:00.000000 UTC,Saída,RO,SUDOESTE INDUSTRIA E COM. DE ALIMENTOS LTDA,451654,ACUCAR CRISTAL 10X2 20KG Especificacao de Qualidade - Classe: CRISTAL BRANCO Tipo: CRISTAL,17011400,6101,2475.0,132907.5,15948.9,,,0.0,,0.0,,Anexo I,false,27.5,1.0,0.0,0.0
51250133664228000135550020001514471330092551,2025-01-21 19:31:00.000000 UTC,Saída,MT,WMS SUPERMERCADOS DO BRASIL LTDA.,451654,ACUCAR CRISTAL 10X2 20KG Especificacao de Qualidade - Classe: CRISTAL BRANCO Tipo: CRISTAL,17011400,5401,144.0,9303.04,1116.36,275.84,,0.0,,0.0,,Anexo I,false,27.5,1.0,0.0,0.0
51251133664228000135550020001623911139056396,2025-11-05 13:45:00.000000 UTC,Saída,RO,C. T. DA LUZ COM & DISTRI DE ALIM LTDA,451654,ACUCAR CRISTAL 10X2 20KG Especificacao de Qualidade - Classe: CRISTAL BRANCO Tipo: CRISTAL,17011400,6101,2450.0,110691.0,13282.92,,,0.0,,0.0,,Anexo I,false,27.5,1.0,0.0,0.0
51250233664228000135550020001525211892050280,2025-02-19 21:02:00.000000 UTC,Saída,RO,SILVA & STRE LTDA,451654,ACUCAR CRISTAL 10X2 20KG Especificacao de Qualidade - Classe: CRISTAL BRANCO Tipo: CRISTAL,17011400,6101,2450.0,149474.5,17936.94,,,0.0,,0.0,,Anexo I,false,27.5,1.0,0.0,0.0
51250533664228000135550020001554981502742585,2025-05-19 18:32:00.000000 UTC,Saída,RO,SUDOESTE INDUSTRIA E COM. DE ALIMENTOS LTDA,451654,ACUCAR CRISTAL 10X2 20KG Especificacao de Qualidade - Classe: CRISTAL BRANCO Tipo: CRISTAL,17011400,6101,2475.0,140778.0,16893.36,,,0.0,,0.0,,Anexo I,false,27.5,1.0,0.0,0.0
51250333664228000135550020001533311552838453,2025-03-17 19:02:00.000000 UTC,Saída,RO,SUDOESTE INDUSTRIA E COM. DE ALIMENTOS LTDA,451654,ACUCAR CRISTAL 10X2 20KG Especificacao de Qualidade - Classe: CRISTAL BRANCO Tipo: CRISTAL,17011400,6101,2475.0,149044.5,17885.34,,,0.0,,0.0,,Anexo I,false,27.5,1.0,0.0,0.0
51250233664228000135550020001519801531738209,2025-02-05 19:48:00.000000 UTC,Saída,MT,DEL MORO & DEL MORO LTDA,451654,ACUCAR CRISTAL 10X2 20KG Especificacao de Qualidade - Classe: CRISTAL BRANCO Tipo: CRISTAL,17011400,5401,1536.0,87865.18,10543.82,2605.23,,0.0,,0.0,,Anexo I,false,27.5,1.0,0.0,0.0
51250533664228000135550020001556961019035639,2025-05-22 20:11:00.000000 UTC,Saída,MT,WMS SUPERMERCADOS DO BRASIL LTDA.,451654,ACUCAR CRISTAL 10X2 20KG Especificacao de Qualidade - Classe: CRISTAL BRANCO Tipo: CRISTAL,17011400,5401,1656.0,93024.82,11162.98,2758.21,,0.0,,0.0,,Anexo I,false,27.5,1.0,0.0,0.0
51250933664228000135550020001609541599839455,2025-09-30 18:02:00.000000 UTC,Saída,PA,J A DE SOUSA COMERCIO LTDA,451654,ACUCAR CRISTAL 10X2 20KG Especificacao de Qualidade - Classe: CRISTAL BRANCO Tipo: CRISTAL,17011400,6101,1250.0,58750.0,7050.0,,,0.0,,0.0,,Anexo I,false,27.5,1.0,0.0,0.0
51251133664228000135550020001626201905803503,2025-11-10 18:34:00.000000 UTC,Saída,RO,IRMAOS GONCALVES COM E IND LTDA,451654,ACUCAR CRISTAL 10X2 20KG Especificacao de Qualidade - Classe: CRISTAL BRANCO Tipo: CRISTAL,17011400,6101,2475.0,125235.0,15028.2,,,0.0,,0.0,,Anexo I,false,27.5,1.0,0.0,0.0
51251133664228000135550020001623041313056524,2025-11-03 21:35:00.000000 UTC,Saída,RO,BRASIL DISTRIBUIDORA COM.DE PROD ALIMENT LTDA,451654,ACUCAR CRISTAL 10X2 20KG Especificacao de Qualidade - Classe: CRISTAL BRANCO Tipo: CRISTAL,17011400,6101,1065.0,54932.7,6591.92,,,0.0,,0.0,,Anexo I,false,27.5,1.0,0.0,0.0
51250133664228000135550020001517611205622449,2025-01-30 15:25:00.000000 UTC,Saída,RO,SUDOESTE INDUSTRIA E COM. DE ALIMENTOS LTDA,451654,ACUCAR CRISTAL 10X2 20KG Especificacao de Qualidade - Classe: CRISTAL BRANCO Tipo: CRISTAL,17011400,6101,2475.0,151940.25,18232.83,,,0.0,,0.0,,Anexo I,false,27.5,1.0,0.0,0.0
51250633664228000135550020001570601446703315,2025-06-26 20:19:00.000000 UTC,Saída,MT,DEL MORO & DEL MORO LTDA,451654,ACUCAR CRISTAL 10X2 20KG Especificacao de Qualidade - Classe: CRISTAL BRANCO Tipo: CRISTAL,17011400,5401,1944.0,96137.95,11536.55,2850.52,,0.0,,0.0,,Anexo I,false,27.5,1.0,0.0,0.0
51251133664228000135550020001634511771340504,2025-11-26 20:10:00.000000 UTC,Saída,RO,SENDAS DISTRIBUIDORA S/A,451654,ACUCAR CRISTAL 10X2 20KG Especificacao de Qualidade - Classe: CRISTAL BRANCO Tipo: CRISTAL,17011400,6101,2500.0,122950.0,14754.0,,,0.0,,0.0,,Anexo I,false,27.5,1.0,0.0,0.0
51250333664228000135550020001531181509348617,2025-03-10 17:47:00.000000 UTC,Saída,MT,MARTINS & MARTINS LTDA,451654,ACUCAR CRISTAL 10X2 20KG Especificacao de Qualidade - Classe: CRISTAL BRANCO Tipo: CRISTAL,17011400,5401,72.0,4128.47,495.42,122.41,,0.0,,0.0,,Anexo I,false,27.5,1.0,0.0,0.0
51250533664228000135550020001554611991015673,2025-05-19 13:31:00.000000 UTC,Saída,MT,COMERCIAL CARAPA DE SECOS E MOLHADOS LTDA,451654,ACUCAR CRISTAL 10X2 20KG Especificacao de Qualidade - Classe: CRISTAL BRANCO Tipo: CRISTAL,17011400,5910,100.0,5265.87,631.9,156.13,,0.0,,0.0,,Anexo I,false,27.5,1.0,0.0,0.0
51251033664228000135550020001618181616036770,2025-10-23 18:03:00.000000 UTC,Saída,MT,JOSE SANSAO,451654,ACUCAR CRISTAL 10X2 20KG Especificacao de Qualidade - Classe: CRISTAL BRANCO Tipo: CRISTAL,17011400,5101,2.0,80.0,9.6,,,0.0,,0.0,,Anexo I,false,27.5,1.0,0.0,0.0
51251133664228000135550020001634961153341597,2025-11-27 17:45:00.000000 UTC,Saída,RO,IRMAOS GONCALVES COM E IND LTDA,451654,ACUCAR CRISTAL 10X2 20KG Especificacao de Qualidade - Classe: CRISTAL BRANCO Tipo: CRISTAL,17011400,6101,2475.0,125235.0,15028.2,,,0.0,,0.0,,Anexo I,false,27.5,1.0,0.0,0.0
51250233664228000135550020001527761625052344,2025-02-27 12:21:00.000000 UTC,Saída,MT,SORRINORTE SUPERMERCADOS LTDA - ME,451654,ACUCAR CRISTAL 10X2 20KG Especificacao de Qualidade - Classe: CRISTAL BRANCO Tipo: CRISTAL,17011400,5401,504.0,29383.88,3526.07,871.24,,0.0,,0.0,,Anexo I,false,27.5,1.0,0.0,0.0
51250433664228000135550020001538811777112509,2025-04-02 20:17:00.000000 UTC,Saída,MT,MASTER COMERCIO DE ALIMENTOS LTDA,451654,ACUCAR CRISTAL 10X2 20KG Especificacao de Qualidade - Classe: CRISTAL BRANCO Tipo: CRISTAL,17011400,5401,150.0,8182.88,981.95,242.63,,0.0,,0.0,,Anexo I,false,27.5,1.0,0.0,0.0
51250133664228000135550020001510521787204923,2025-01-09 12:55:00.000000 UTC,Saída,MT,K.R. LOPES DE CASTRO & CIA LTDA,451654,ACUCAR CRISTAL 10X2 20KG Especificacao de Qualidade - Classe: CRISTAL BRANCO Tipo: CRISTAL,17011400,5401,216.0,13373.47,1604.82,396.53,,0.0,,0.0,,Anexo I,false,27.5,1.0,0.0,0.0
51250133664228000135550020001508501754185363,2025-01-02 18:17:00.000000 UTC,Saída,MT,COM. ZAMBI DE PRODUTOS ALIMENTICIOS LTDA,451654,ACUCAR CRISTAL 10X2 20KG Especificacao de Qualidade - Classe: CRISTAL BRANCO Tipo: CRISTAL,17011400,5401,216.0,13090.27,1570.83,388.13,,0.0,,0.0,,Anexo I,false,27.5,1.0,0.0,0.0
51250233664228000135550020001521381775802469,2025-02-10 20:06:00.000000 UTC,Saída,MT,IRMAOS DOMINGOS LTDA,451654,ACUCAR CRISTAL 10X2 20KG Especificacao de Qualidade - Classe: CRISTAL BRANCO Tipo: CRISTAL,17011400,5401,1405.0,80889.98,9706.8,2398.41,,0.0,,0.0,,Anexo I,false,27.5,1.0,0.0,0.0
51251233664228000135550020001636441574662541,2025-12-01 19:59:00.000000 UTC,Saída,RO,IRMAOS GONCALVES COM E IND LTDA,451654,ACUCAR CRISTAL 10X2 20KG Especificacao de Qualidade - Classe: CRISTAL BRANCO Tipo: CRISTAL,17011400,6101,2475.0,121275.0,14553.0,,,0.0,,0.0,,Anexo I,false,27.5,1.0,0.0,0.0
51250433664228000135550020001539521709416348,2025-04-04 15:24:00.000000 UTC,Saída,MT,MARTINS & MARTINS NETO LTDA,451654,ACUCAR CRISTAL 10X2 20KG Especificacao de Qualidade - Classe: CRISTAL BRANCO Tipo: CRISTAL,17011400,5401,216.0,11701.53,1404.18,346.95,,0.0,,0.0,,Anexo I,false,27.5,1.0,0.0,0.0
51250133664228000135550020001516271834328409,2025-01-27 15:20:00.000000 UTC,Saída,MT,SANTOGO ALIMENTOS LTDA,451654,ACUCAR CRISTAL 10X2 20KG Especificacao de Qualidade - Classe: CRISTAL BRANCO Tipo: CRISTAL,17011400,5401,595.0,36526.91,4383.23,1083.03,,0.0,,0.0,,Anexo I,false,27.5,1.0,0.0,0.0
51250333664228000135550020001532341485216707,2025-03-13 19:11:00.000000 UTC,Saída,MT,MASTER COMERCIO DE ALIMENTOS LTDA,451654,ACUCAR CRISTAL 10X2 20KG Especificacao de Qualidade - Classe: CRISTAL BRANCO Tipo: CRISTAL,17011400,5401,150.0,8182.88,981.95,242.63,,0.0,,0.0,,Anexo I,false,27.5,1.0,0.0,0.0
51250533664228000135550020001554231877481686,2025-05-16 20:43:00.000000 UTC,Saída,RO,ATACAREJO BOM PRECO ATAC VAR. PROD. ALIM LTDA,451654,ACUCAR CRISTAL 10X2 20KG Especificacao de Qualidade - Classe: CRISTAL BRANCO Tipo: CRISTAL,17011400,6101,1775.0,92868.0,11144.16,,,0.0,,0.0,,Anexo I,false,27.5,1.0,0.0,0.0
51250233664228000135550020001521531478422943,2025-02-11 12:34:00.000000 UTC,Saída,MT,MARQUES DE QUEIROZ & CIA LTDA - EPP,451654,ACUCAR CRISTAL 10X2 20KG Especificacao de Qualidade - Classe: CRISTAL BRANCO Tipo: CRISTAL,17011400,5401,88.0,5066.42,607.97,150.22,,0.0,,0.0,,Anexo I,false,27.5,1.0,0.0,0.0
51250333664228000135550020001536631765733322,2025-03-27 14:12:00.000000 UTC,Saída,MT,ALIMENTOS MASSON LTDA,451654,ACUCAR CRISTAL 10X2 20KG Especificacao de Qualidade - Classe: CRISTAL BRANCO Tipo: CRISTAL,17011400,5401,700.0,37921.61,4550.59,1124.39,,0.0,,0.0,,Anexo I,false,27.5,1.0,0.0,0.0
51250433664228000135550020001540201146117015,2025-04-08 13:32:00.000000 UTC,Saída,MT,M. J. SERTAO DA COSTA LTDA,451654,ACUCAR CRISTAL 10X2 20KG Especificacao de Qualidade - Classe: CRISTAL BRANCO Tipo: CRISTAL,17011400,5401,25.0,1387.61,166.51,41.14,,0.0,,0.0,,Anexo I,false,27.5,1.0,0.0,0.0
51250133664228000135550020001512351316414995,2025-01-14 20:19:00.000000 UTC,Saída,MT,VITOR SANSAO,451654,ACUCAR CRISTAL 10X2 20KG Especificacao de Qualidade - Classe: CRISTAL BRANCO Tipo: CRISTAL,17011400,5101,8.0,320.0,38.4,,,0.0,,0.0,,Anexo I,false,27.5,1.0,0.0,0.0
51250533664228000135550020001553091707311840,2025-05-14 18:48:00.000000 UTC,Saída,RO,IRMAOS GONCALVES COM E IND LTDA,451654,ACUCAR CRISTAL 10X2 20KG Especificacao de Qualidade - Classe: CRISTAL BRANCO Tipo: CRISTAL,17011400,6101,2475.0,145332.0,17439.84,,,0.0,,0.0,,Anexo I,false,27.5,1.0,0.0,0.0
51250233664228000135550020001524851467708964,2025-02-19 14:38:00.000000 UTC,Saída,MT,MARTINS & MARTINS NETO LTDA,451654,ACUCAR CRISTAL 10X2 20KG Especificacao de Qualidade - Classe: CRISTAL BRANCO Tipo: CRISTAL,17011400,5401,144.0,8019.19,962.3,237.77,,0.0,,0.0,,Anexo I,false,27.5,1.0,0.0,0.0
51250333664228000135550020001533811844781739,2025-03-18 20:40:00.000000 UTC,Saída,MT,SOUZA CARMO & SOUZA CARMO LTDA EPP,451654,ACUCAR CRISTAL 10X2 20KG Especificacao de Qualidade - Classe: CRISTAL BRANCO Tipo: CRISTAL,17011400,5401,1368.0,74627.82,8955.34,2212.74,,0.0,,0.0,,Anexo I,false,27.5,1.0,0.0,0.0
51251133664228000135550020001633041978337361,2025-11-24 19:01:00.000000 UTC,Saída,RO,SUDOESTE INDUSTRIA E COM. DE ALIMENTOS LTDA,451654,ACUCAR CRISTAL 10X2 20KG Especificacao de Qualidade - Classe: CRISTAL BRANCO Tipo: CRISTAL,17011400,6101,2475.0,123750.0,14850.0,,,0.0,,0.0,,Anexo I,false,27.5,1.0,0.0,0.0
51250233664228000135550020001525821999251369,2025-02-21 14:34:00.000000 UTC,Saída,MT,SANTOGO ALIMENTOS LTDA,451654,ACUCAR CRISTAL 10X2 20KG Especificacao de Qualidade - Classe: CRISTAL BRANCO Tipo: CRISTAL,17011400,5401,350.0,20823.57,2498.83,617.43,,0.0,,0.0,,Anexo I,false,27.5,1.0,0.0,0.0
51250433664228000135550020001539971273114546,2025-04-07 18:58:00.000000 UTC,Saída,PA,SOARES DISTRIBUIDORA LTDA,451654,ACUCAR CRISTAL 10X2 20KG Especificacao de Qualidade - Classe: CRISTAL BRANCO Tipo: CRISTAL,17011400,6101,900.0,48780.0,5853.6,,,0.0,,0.0,,Anexo I,false,27.5,1.0,0.0,0.0
51250433664228000135550020001539881956075540,2025-04-07 17:05:00.000000 UTC,Saída,MT,SAO JOSE SUPERMERCADO LTDA,451654,ACUCAR CRISTAL 10X2 20KG Especificacao de Qualidade - Classe: CRISTAL BRANCO Tipo: CRISTAL,17011400,5401,200.0,10910.5,1309.26,323.5,,0.0,,0.0,,Anexo I,false,27.5,1.0,0.0,0.0
51250133664228000135550020001517641338092043,2025-01-30 16:30:00.000000 UTC,Saída,RO,IRMAOS GONCALVES COM E IND LTDA,451654,ACUCAR CRISTAL 10X2 20KG Especificacao de Qualidade - Classe: CRISTAL BRANCO Tipo: CRISTAL,17011400,6101,2475.0,153425.25,18411.03,,,0.0,,0.0,,Anexo I,false,27.5,1.0,0.0,0.0
51250133664228000135550020001509981527716863,2025-01-07 19:37:00.000000 UTC,Saída,MT,SENDAS DISTRIBUIDORA S/A,451654,ACUCAR CRISTAL 10X2 20KG Especificacao de Qualidade - Classe: CRISTAL BRANCO Tipo: CRISTAL,17011400,5401,1872.0,117557.87,14106.94,3485.63,,0.0,,0.0,,Anexo I,false,27.5,1.0,0.0,0.0
51250133664228000135550020001509681355944848,2025-01-06 19:51:00.000000 UTC,Saída,RO,BRASIL DISTRIBUIDORA COM.DE PROD ALIMENT LTDA,451654,ACUCAR CRISTAL 10X2 20KG Especificacao de Qualidade - Classe: CRISTAL BRANCO Tipo: CRISTAL,17011400,6101,1980.0,131135.4,15736.25,,,0.0,,0.0,,Anexo I,false,27.5,1.0,0.0,0.0
51250433664228000135550020001540421681962369,2025-04-08 17:32:00.000000 UTC,Saída,MT,IDEMAR LACERDA DE MELO,451654,ACUCAR CRISTAL 10X2 20KG Especificacao de Qualidade - Classe: CRISTAL BRANCO Tipo: CRISTAL,17011400,5401,100.0,5531.0,663.72,164.0,,0.0,,0.0,,Anexo I,false,27.5,1.0,0.0,0.0
51250533664228000135550020001560661173167950,2025-05-30 20:39:00.000000 UTC,Saída,MT,IRMAOS DOMINGOS LTDA,451654,ACUCAR CRISTAL 10X2 20KG Especificacao de Qualidade - Classe: CRISTAL BRANCO Tipo: CRISTAL,17011400,5401,1285.0,67666.37,8119.96,2006.33,,0.0,,0.0,,Anexo I,false,27.5,1.0,0.0,0.0
51250533664228000135550020001559021386606702,2025-05-28 15:27:00.000000 UTC,Saída,MT,DEL MORO & DEL MORO LTDA,451654,ACUCAR CRISTAL 10X2 20KG Especificacao de Qualidade - Classe: CRISTAL BRANCO Tipo: CRISTAL,17011400,5401,2016.0,106159.84,12739.18,3147.67,,0.0,,0.0,,Anexo I,false,27.5,1.0,0.0,0.0
51250133664228000135550020001511321945605730,2025-01-10 15:33:00.000000 UTC,Saída,RO,MERCANTIL NOVA ERA LTDA,451654,ACUCAR CRISTAL 10X2 20KG Especificacao de Qualidade - Classe: CRISTAL BRANCO Tipo: CRISTAL,17011400,6101,500.0,33695.0,4043.4,,,0.0,,0.0,,Anexo I,false,27.5,1.0,0.0,0.0
51250233664228000135550020001522761576045796,2025-02-13 12:59:00.000000 UTC,Saída,MT,REGIONAL SUPERMERCADO LTDA,451654,ACUCAR CRISTAL 10X2 20KG Especificacao de Qualidade - Classe: CRISTAL BRANCO Tipo: CRISTAL,17011400,5401,144.0,8290.5,994.86,245.82,,0.0,,0.0,,Anexo I,false,27.5,1.0,0.0,0.0
51250633664228000135550020001561351924773385,2025-06-02 22:35:00.000000 UTC,Saída,MT,AGROPECUARIA BOM PASTOR LTDA,451654,ACUCAR CRISTAL 10X2 20KG Especificacao de Qualidade - Classe: CRISTAL BRANCO Tipo: CRISTAL,17011400,5101,30.0,1200.0,144.0,,,0.0,,0.0,,Anexo I,false,27.5,1.0,0.0,0.0
51250133664228000135550020001515831435031058,2025-01-24 20:10:00.000000 UTC,Saída,MT,MARTINS & MARTINS LTDA,451654,ACUCAR CRISTAL 10X2 20KG Especificacao de Qualidade - Classe: CRISTAL BRANCO Tipo: CRISTAL,17011400,5401,142.0,8572.54,1028.7,254.18,,0.0,,0.0,,Anexo I,false,27.5,1.0,0.0,0.0
51250333664228000135550020001531811381648125,2025-03-12 14:34:00.000000 UTC,Saída,MT,JUBA SUPERMERCADOS LTDA,451654,ACUCAR CRISTAL 10X2 20KG Especificacao de Qualidade - Classe: CRISTAL BRANCO Tipo: CRISTAL,17011400,5401,1728.0,97321.12,11678.53,2885.6,,0.0,,0.0,,Anexo I,false,27.5,1.0,0.0,0.0
51251133664228000135550020001626291618202228,2025-11-10 20:41:00.000000 UTC,Saída,RO,IRMAOS GONCALVES COM E IND LTDA,451654,ACUCAR CRISTAL 10X2 20KG Especificacao de Qualidade - Classe: CRISTAL BRANCO Tipo: CRISTAL,17011400,6101,2475.0,122760.0,14731.2,,,0.0,,0.0,,Anexo I,false,27.5,1.0,0.0,0.0
51250533664228000135550020001548181517819135,2025-05-02 21:06:00.000000 UTC,Saída,RO,SENDAS DISTRIBUIDORA S/A,451654,ACUCAR CRISTAL 10X2 20KG Especificacao de Qualidade - Classe: CRISTAL BRANCO Tipo: CRISTAL,17011400,6101,480.0,29644.8,3557.38,,,0.0,,0.0,,Anexo I,false,27.5,1.0,0.0,0.0
51250133664228000135550020001511071348400043,2025-01-10 13:07:00.000000 UTC,Saída,MT,WMS SUPERMERCADOS DO BRASIL LTDA.,451654,ACUCAR CRISTAL 10X2 20KG Especificacao de Qualidade - Classe: CRISTAL BRANCO Tipo: CRISTAL,17011400,5401,1792.0,114065.6,13687.87,3382.08,,0.0,,0.0,,Anexo I,false,27.5,1.0,0.0,0.0
51250433664228000135550020001539941875544709,2025-04-07 18:27:00.000000 UTC,Saída,MT,CASA DO BOLO E CAFETERIA LTDA,451654,ACUCAR CRISTAL 10X2 20KG Especificacao de Qualidade - Classe: CRISTAL BRANCO Tipo: CRISTAL,17011400,5401,15.0,849.61,101.95,25.19,,0.0,,0.0,,Anexo I,false,27.5,1.0,0.0,0.0
51250333664228000135550020001538191701268311,2025-03-31 19:25:00.000000 UTC,Saída,MT,IVONE APARECIDA SANSAO PEREIRA,451654,ACUCAR CRISTAL 10X2 20KG Especificacao de Qualidade - Classe: CRISTAL BRANCO Tipo: CRISTAL,17011400,5401,3.0,163.66,19.64,4.85,,0.0,,0.0,,Anexo I,false,27.5,1.0,0.0,0.0
51250333664228000135550020001529261183901492,2025-03-03 19:53:00.000000 UTC,Saída,MT,ROBERTO E CARVALHO LTDA,451654,ACUCAR CRISTAL 10X2 20KG Especificacao de Qualidade - Classe: CRISTAL BRANCO Tipo: CRISTAL,17011400,5401,7.0,396.48,47.58,11.76,,0.0,,0.0,,Anexo I,false,27.5,1.0,0.0,0.0
51251233664228000135550020001645071324502550,2025-12-19 18:53:00.000000 UTC,Saída,RO,J K COMERCIO DE PRODUTOS ALIMENTICIOS LTDA,451654,ACUCAR CRISTAL 10X2 20KG Especificacao de Qualidade - Classe: CRISTAL BRANCO Tipo: CRISTAL,17011400,6101,1238.0,58086.96,6970.44,,,0.0,,0.0,,Anexo I,false,27.5,1.0,0.0,0.0
51250233664228000135550020001521501043694530,2025-02-11 12:17:00.000000 UTC,Saída,MT,REAL BARRA SUPERMERCADO LTDA,451654,ACUCAR CRISTAL 10X2 20KG Especificacao de Qualidade - Classe: CRISTAL BRANCO Tipo: CRISTAL,17011400,5401,144.0,8237.36,988.48,244.24,,0.0,,0.0,,Anexo I,false,27.5,1.0,0.0,0.0
51251233664228000135550020001642481445944500,2025-12-15 18:07:00.000000 UTC,Saída,RO,BRASIL DISTRIBUIDORA COM.DE PROD ALIMENT LTDA,451654,ACUCAR CRISTAL 10X2 20KG Especificacao de Qualidade - Classe: CRISTAL BRANCO Tipo: CRISTAL,17011400,6101,1965.0,95813.4,11497.61,,,0.0,,0.0,,Anexo I,false,27.5,1.0,0.0,0.0
51250333664228000135550020001534141708179049,2025-03-19 19:51:00.000000 UTC,Saída,MT,SENDAS DISTRIBUIDORA S/A,451654,ACUCAR CRISTAL 10X2 20KG Especificacao de Qualidade - Classe: CRISTAL BRANCO Tipo: CRISTAL,17011400,5401,1368.0,77630.47,9315.66,2301.77,,0.0,,0.0,,Anexo I,false,27.5,1.0,0.0,0.0
51250533664228000135550020001550251209256763,2025-05-08 11:34:00.000000 UTC,Saída,MT,EQUILIBRIO ENGENHARIA E SEGURANCA DO TRABALHO,451654,ACUCAR CRISTAL 10X2 20KG Especificacao de Qualidade - Classe: CRISTAL BRANCO Tipo: CRISTAL,17011400,5101,3.0,168.51,20.22,,,0.0,,0.0,,Anexo I,false,27.5,1.0,0.0,0.0
51250333664228000135550020001529791732060355,2025-03-05 14:27:00.000000 UTC,Saída,MT,WMS SUPERMERCADOS DO BRASIL LTDA.,451654,ACUCAR CRISTAL 10X2 20KG Especificacao de Qualidade - Classe: CRISTAL BRANCO Tipo: CRISTAL,17011400,5401,1728.0,98059.54,11767.14,2907.5,,0.0,,0.0,,Anexo I,false,27.5,1.0,0.0,0.0
51251133664228000135550020001623961443987929,2025-11-05 15:34:00.000000 UTC,Saída,RO,SUPERMAIS COMERCIO DE ALIMENTOS LTDA,451654,ACUCAR CRISTAL 10X2 20KG Especificacao de Qualidade - Classe: CRISTAL BRANCO Tipo: CRISTAL,17011400,6101,1225.0,58934.75,7072.17,,,0.0,,0.0,,Anexo I,false,27.5,1.0,0.0,0.0
51250633664228000135550020001565911267290864,2025-06-13 15:49:00.000000 UTC,Saída,RO,MERCANTIL NOVA ERA LTDA,451654,ACUCAR CRISTAL 10X2 20KG Especificacao de Qualidade - Classe: CRISTAL BRANCO Tipo: CRISTAL,17011400,6101,985.0,50432.0,6051.84,,,0.0,,0.0,,Anexo I,false,27.5,1.0,0.0,0.0
51251133664228000135550020001635201126251628,2025-11-27 20:26:00.000000 UTC,Saída,RO,SENDAS DISTRIBUIDORA S/A,451654,ACUCAR CRISTAL 10X2 20KG Especificacao de Qualidade - Classe: CRISTAL BRANCO Tipo: CRISTAL,17011400,6101,2475.0,121720.5,14606.46,,,0.0,,0.0,,Anexo I,false,27.5,1.0,0.0,0.0
51250233664228000135550020001520561083659572,2025-02-07 15:48:00.000000 UTC,Saída,RO,JIBRAM COMERCIO E TRANSP. LTDA,451654,ACUCAR CRISTAL 10X2 20KG Especificacao de Qualidade - Classe: CRISTAL BRANCO Tipo: CRISTAL,17011400,6101,1900.0,108699.0,13043.88,,,0.0,,0.0,,Anexo I,false,27.5,1.0,0.0,0.0
51250233664228000135550020001527661782937045,2025-02-26 19:30:00.000000 UTC,Saída,MT,CEREALISTA RIO VERDE LTDA,451654,ACUCAR CRISTAL 10X2 20KG Especificacao de Qualidade - Classe: CRISTAL BRANCO Tipo: CRISTAL,17011400,5401,2000.0,111377.6,13365.31,3302.38,,0.0,,0.0,,Anexo I,false,27.5,1.0,0.0,0.0
51250633664228000135550020001569801739887735,2025-06-25 13:28:00.000000 UTC,Saída,MT,MARTINS & MARTINS LTDA,451654,ACUCAR CRISTAL 10X2 20KG Especificacao de Qualidade - Classe: CRISTAL BRANCO Tipo: CRISTAL,17011400,5401,17.0,840.71,100.89,24.93,,0.0,,0.0,,Anexo I,false,27.5,1.0,0.0,0.0
51250533664228000135550020001555741135244335,2025-05-20 21:06:00.000000 UTC,Saída,MT,WMS SUPERMERCADOS DO BRASIL LTDA.,451654,ACUCAR CRISTAL 10X2 20KG Especificacao de Qualidade - Classe: CRISTAL BRANCO Tipo: CRISTAL,17011400,5401,1512.0,83511.3,10021.36,2476.14,,0.0,,0.0,,Anexo I,false,27.5,1.0,0.0,0.0
51250333664228000135550020001530091892999995,2025-03-06 13:06:00.000000 UTC,Saída,MT,TOP QUEIROZ SUPERMERCADO LTDA,451654,ACUCAR CRISTAL 10X2 20KG Especificacao de Qualidade - Classe: CRISTAL BRANCO Tipo: CRISTAL,17011400,5401,200.0,11137.76,1336.53,330.24,,0.0,,0.0,,Anexo I,false,27.5,1.0,0.0,0.0
51250433664228000135550020001538371813594964,2025-04-01 13:44:00.000000 UTC,Saída,RO,A. TOMASI & CIA LTDA,451654,ACUCAR CRISTAL 10X2 20KG Especificacao de Qualidade - Classe: CRISTAL BRANCO Tipo: CRISTAL,17011400,6101,2450.0,143962.0,17275.44,,,0.0,,0.0,,Anexo I,false,27.5,1.0,0.0,0.0
51250433664228000135550020001547441787139359,2025-04-30 20:03:00.000000 UTC,Saída,MT,TOP QUEIROZ SUPERMERCADO LTDA,451654,ACUCAR CRISTAL 10X2 20KG Especificacao de Qualidade - Classe: CRISTAL BRANCO Tipo: CRISTAL,17011400,5401,230.0,12547.08,1505.65,372.02,,0.0,,0.0,,Anexo I,false,27.5,1.0,0.0,0.0
51250333664228000135550020001531511175537748,2025-03-11 17:14:00.000000 UTC,Saída,MT,JOSE RIBEIRO DOS SANTOS 69170355134,451654,ACUCAR CRISTAL 10X2 20KG Especificacao de Qualidade - Classe: CRISTAL BRANCO Tipo: CRISTAL,17011400,5401,30.0,1699.22,203.91,50.38,,0.0,,0.0,,Anexo I,false,27.5,1.0,0.0,0.0
51250533664228000135550020001555711062247494,2025-05-20 20:21:00.000000 UTC,Saída,MT,WMS SUPERMERCADOS DO BRASIL LTDA.,451654,ACUCAR CRISTAL 10X2 20KG Especificacao de Qualidade - Classe: CRISTAL BRANCO Tipo: CRISTAL,17011400,5910,144.0,7953.46,954.42,235.82,,0.0,,0.0,,Anexo I,false,27.5,1.0,0.0,0.0
51250533664228000135550020001559311921871765,2025-05-28 20:42:00.000000 UTC,Saída,MT,MARTINS & MARTINS LTDA,451654,ACUCAR CRISTAL 10X2 20KG Especificacao de Qualidade - Classe: CRISTAL BRANCO Tipo: CRISTAL,17011400,5401,72.0,3791.42,454.97,112.42,,0.0,,0.0,,Anexo I,false,27.5,1.0,0.0,0.0
51250333664228000135550020001530191017667559,2025-03-06 15:23:00.000000 UTC,Saída,MT,D R TAMBARUSSI & CIA LTDA,451654,ACUCAR CRISTAL 10X2 20KG Especificacao de Qualidade - Classe: CRISTAL BRANCO Tipo: CRISTAL,17011400,5401,750.0,40914.38,4909.73,1213.12,,0.0,,0.0,,Anexo I,false,27.5,1.0,0.0,0.0
51251033664228000135550020001615521931468040,2025-10-16 20:47:00.000000 UTC,Saída,RO,ATACADAO S.A,451654,ACUCAR CRISTAL 10X2 20KG Especificacao de Qualidade - Classe: CRISTAL BRANCO Tipo: CRISTAL,17011400,6101,2448.0,133244.64,15989.36,,,0.0,,0.0,,Anexo I,false,27.5,1.0,0.0,0.0
51250333664228000135550020001538061229399367,2025-03-31 15:38:00.000000 UTC,Saída,RO,SUDOESTE INDUSTRIA E COM. DE ALIMENTOS LTDA,451654,ACUCAR CRISTAL 10X2 20KG Especificacao de Qualidade - Classe: CRISTAL BRANCO Tipo: CRISTAL,17011400,6910,43.0,2510.34,301.24,,,0.0,,0.0,,Anexo I,false,27.5,1.0,0.0,0.0
51250433664228000135550020001546201872778460,2025-04-28 19:39:00.000000 UTC,Saída,MT,REAL BARRA SUPERMERCADO LTDA,451654,ACUCAR CRISTAL 10X2 20KG Especificacao de Qualidade - Classe: CRISTAL BRANCO Tipo: CRISTAL,17011400,5401,288.0,15602.03,1872.24,462.6,,0.0,,0.0,,Anexo I,false,27.5,1.0,0.0,0.0
51250533664228000135550020001554071245020964,2025-05-16 19:02:00.000000 UTC,Saída,RO,BRASIL DISTRIBUIDORA COM.DE PROD ALIMENT LTDA,451654,ACUCAR CRISTAL 10X2 20KG Especificacao de Qualidade - Classe: CRISTAL BRANCO Tipo: CRISTAL,17011400,6101,1875.0,110100.0,13212.0,,,0.0,,0.0,,Anexo I,false,27.5,1.0,0.0,0.0
51250333664228000135550020001535891978145925,2025-03-25 18:12:00.000000 UTC,Saída,MT,ALEX S. A. BARRETO - ME,451654,ACUCAR CRISTAL 10X2 20KG Especificacao de Qualidade - Classe: CRISTAL BRANCO Tipo: CRISTAL,17011400,5401,500.0,27276.25,3273.15,808.75,,0.0,,0.0,,Anexo I,false,27.5,1.0,0.0,0.0
51250633664228000135550020001564241047213404,2025-06-10 11:23:00.000000 UTC,Saída,MT,WMS SUPERMERCADOS DO BRASIL LTDA.,451654,ACUCAR CRISTAL 10X2 20KG Especificacao de Qualidade - Classe: CRISTAL BRANCO Tipo: CRISTAL,17011400,5401,1664.0,91906.61,11028.79,2725.06,,0.0,,0.0,,Anexo I,false,27.5,1.0,0.0,0.0
51250533664228000135550020001555141822608150,2025-05-19 20:24:00.000000 UTC,Saída,RO,A. TOMASI & CIA LTDA,451654,ACUCAR CRISTAL 10X2 20KG Especificacao de Qualidade - Classe: CRISTAL BRANCO Tipo: CRISTAL,17011400,6101,2450.0,139356.0,16722.72,,,0.0,,0.0,,Anexo I,false,27.5,1.0,0.0,0.0
51250433664228000135550020001542201160815841,2025-04-14 19:11:00.000000 UTC,Saída,MT,SANTOGO ALIMENTOS LTDA,451654,ACUCAR CRISTAL 10X2 20KG Especificacao de Qualidade - Classe: CRISTAL BRANCO Tipo: CRISTAL,17011400,5910,1.0,57.99,6.96,1.72,,0.0,,0.0,,Anexo I,false,27.5,1.0,0.0,0.0
51250133664228000135550020001509071899909448,2025-01-03 19:51:00.000000 UTC,Saída,MT,WMS SUPERMERCADOS DO BRASIL LTDA.,451654,ACUCAR CRISTAL 10X2 20KG Especificacao de Qualidade - Classe: CRISTAL BRANCO Tipo: CRISTAL,17011400,5401,1664.0,105918.06,12710.17,3140.5,,0.0,,0.0,,Anexo I,false,27.5,1.0,0.0,0.0
51251233664228000135550020001637101651139337,2025-12-02 20:52:00.000000 UTC,Saída,RO,ATACADAO S.A,451654,ACUCAR CRISTAL 10X2 20KG Especificacao de Qualidade - Classe: CRISTAL BRANCO Tipo: CRISTAL,17011400,6101,1944.0,102895.92,12347.51,,,0.0,,0.0,,Anexo I,false,27.5,1.0,0.0,0.0
51251233664228000135550020001636531704500090,2025-12-01 21:03:00.000000 UTC,Saída,RO,ATACADAO S.A,451654,ACUCAR CRISTAL 10X2 20KG Especificacao de Qualidade - Classe: CRISTAL BRANCO Tipo: CRISTAL,17011400,6101,2448.0,129572.64,15548.72,,,0.0,,0.0,,Anexo I,false,27.5,1.0,0.0,0.0
51251233664228000135550020001643711055407945,2025-12-17 14:25:00.000000 UTC,Saída,RO,C. T. DA LUZ COM & DISTRI DE ALIM LTDA,451654,ACUCAR CRISTAL 10X2 20KG Especificacao de Qualidade - Classe: CRISTAL BRANCO Tipo: CRISTAL,17011400,6101,2450.0,105644.0,12677.28,,,0.0,,0.0,,Anexo I,false,27.5,1.0,0.0,0.0
51250433664228000135550020001538581204275478,2025-04-01 20:59:00.000000 UTC,Saída,RO,SENDAS DISTRIBUIDORA S/A,451654,ACUCAR CRISTAL 10X2 20KG Especificacao de Qualidade - Classe: CRISTAL BRANCO Tipo: CRISTAL,17011400,6101,1275.0,78744.0,9449.28,,,0.0,,0.0,,Anexo I,false,27.5,1.0,0.0,0.0
51250533664228000135550020001548781072400140,2025-05-05 15:06:00.000000 UTC,Saída,MT,COMPACTA COMERCIAL LTDA,451654,ACUCAR CRISTAL 10X2 20KG Especificacao de Qualidade - Classe: CRISTAL BRANCO Tipo: CRISTAL,17011400,5401,1872.0,104849.41,12581.93,3108.82,,0.0,,0.0,,Anexo I,false,27.5,1.0,0.0,0.0
51250233664228000135550020001524611920591146,2025-02-18 20:35:00.000000 UTC,Saída,MT,MARTINS & MARTINS NETO LTDA,451654,ACUCAR CRISTAL 10X2 20KG Especificacao de Qualidade - Classe: CRISTAL BRANCO Tipo: CRISTAL,17011400,5401,100.0,5568.88,668.27,165.12,,0.0,,0.0,,Anexo I,false,27.5,1.0,0.0,0.0
51250933664228000135550020001608001191093833,2025-09-26 12:49:00.000000 UTC,Saída,MT,K.R. LOPES DE CASTRO & CIA LTDA,451654,ACUCAR CRISTAL 10X2 20KG Especificacao de Qualidade - Classe: CRISTAL BRANCO Tipo: CRISTAL,17011400,5910,10.0,498.13,59.78,14.77,,0.0,,0.0,,Anexo I,false,27.5,1.0,0.0,0.0
51250233664228000135550020001526061866975980,2025-02-21 19:16:00.000000 UTC,Saída,MT,WMS SUPERMERCADOS DO BRASIL LTDA.,451654,ACUCAR CRISTAL 10X2 20KG Especificacao de Qualidade - Classe: CRISTAL BRANCO Tipo: CRISTAL,17011400,5401,1872.0,110158.25,13218.99,3266.23,,0.0,,0.0,,Anexo I,false,27.5,1.0,0.0,0.0
51250933664228000135550020001609261352428310,2025-09-30 15:27:00.000000 UTC,Saída,RO,SENDAS DISTRIBUIDORA S/A,451654,ACUCAR CRISTAL 10X2 20KG Especificacao de Qualidade - Classe: CRISTAL BRANCO Tipo: CRISTAL,17011400,6101,870.0,46545.0,5585.4,,,0.0,,0.0,,Anexo I,false,27.5,1.0,0.0,0.0
51250233664228000135550020001525111189530366,2025-02-19 19:25:00.000000 UTC,Saída,MT,M. J. SERTAO DA COSTA LTDA,451654,ACUCAR CRISTAL 10X2 20KG Especificacao de Qualidade - Classe: CRISTAL BRANCO Tipo: CRISTAL,17011400,5401,15.0,835.33,100.24,24.77,,0.0,,0.0,,Anexo I,false,27.5,1.0,0.0,0.0
51250633664228000135550020001561171227659884,2025-06-02 18:16:00.000000 UTC,Saída,RO,BRASIL AUTO SERV DE PROD. ALIMENTICIOS S.A,451654,ACUCAR CRISTAL 10X2 20KG Especificacao de Qualidade - Classe: CRISTAL BRANCO Tipo: CRISTAL,17011400,6101,2450.0,140924.0,16910.88,,,0.0,,0.0,,Anexo I,false,27.5,1.0,0.0,0.0
51250633664228000135550020001569151391726750,2025-06-23 21:16:00.000000 UTC,Saída,MT,DEL MORO & DEL MORO LTDA,451654,ACUCAR CRISTAL 10X2 20KG Especificacao de Qualidade - Classe: CRISTAL BRANCO Tipo: CRISTAL,17011400,5401,2016.0,99698.62,11963.83,2956.09,,0.0,,0.0,,Anexo I,false,27.5,1.0,0.0,0.0
51250533664228000135550020001551231150486874,2025-05-09 19:14:00.000000 UTC,Saída,MT,DEL MORO & DEL MORO LTDA,451654,ACUCAR CRISTAL 10X2 20KG Especificacao de Qualidade - Classe: CRISTAL BRANCO Tipo: CRISTAL,17011400,5401,1536.0,80883.69,9706.04,2398.23,,0.0,,0.0,,Anexo I,false,27.5,1.0,0.0,0.0
51250633664228000135550020001563411365913251,2025-06-06 20:40:00.000000 UTC,Saída,RO,SUDOESTE INDUSTRIA E COM. DE ALIMENTOS LTDA,451654,ACUCAR CRISTAL 10X2 20KG Especificacao de Qualidade - Classe: CRISTAL BRANCO Tipo: CRISTAL,17011400,6101,2369.0,134748.72,16169.85,,,0.0,,0.0,,Anexo I,false,27.5,1.0,0.0,0.0
51250133664228000135550020001510951736020180,2025-01-09 20:41:00.000000 UTC,Saída,RO,SENDAS DISTRIBUIDORA S/A,451654,ACUCAR CRISTAL 10X2 20KG Especificacao de Qualidade - Classe: CRISTAL BRANCO Tipo: CRISTAL,17011400,6101,1875.0,127087.5,15250.5,,,0.0,,0.0,,Anexo I,false,27.5,1.0,0.0,0.0
51250433664228000135550020001542281993419336,2025-04-14 19:40:00.000000 UTC,Saída,MT,UNICO SUPERMERCADO LTDA,451654,ACUCAR CRISTAL 10X2 20KG Especificacao de Qualidade - Classe: CRISTAL BRANCO Tipo: CRISTAL,17011400,5401,500.0,29179.81,3501.58,865.19,,0.0,,0.0,,Anexo I,false,27.5,1.0,0.0,0.0
51250333664228000135550020001530571916736481,2025-03-07 14:53:00.000000 UTC,Saída,MT,INDUSTRIAL E COMERCIAL ALMEIDA LTDA,451654,ACUCAR CRISTAL 10X2 20KG Especificacao de Qualidade - Classe: CRISTAL BRANCO Tipo: CRISTAL,17011400,5401,1600.0,87284.0,10474.08,2588.0,,0.0,,0.0,,Anexo I,false,27.5,1.0,0.0,0.0
51250433664228000135550020001544511124583062,2025-04-23 12:47:00.000000 UTC,Saída,MT,MARTINS & MARTINS NETO LTDA,451654,ACUCAR CRISTAL 10X2 20KG Especificacao de Qualidade - Classe: CRISTAL BRANCO Tipo: CRISTAL,17011400,5401,504.0,27303.56,3276.43,809.56,,0.0,,0.0,,Anexo I,false,27.5,1.0,0.0,0.0
51250333664228000135550020001537311802820663,2025-03-28 14:48:00.000000 UTC,Saída,RO,C. T. DA LUZ COM & DISTRI DE ALIM LTDA,451654,ACUCAR CRISTAL 10X2 20KG Especificacao de Qualidade - Classe: CRISTAL BRANCO Tipo: CRISTAL,17011400,6101,2450.0,132790.0,15934.8,,,0.0,,0.0,,Anexo I,false,27.5,1.0,0.0,0.0
51251133664228000135550020001626121300459224,2025-11-10 15:24:00.000000 UTC,Saída,RO,IRMAOS GONCALVES COM E IND LTDA,451654,ACUCAR CRISTAL 10X2 20KG Especificacao de Qualidade - Classe: CRISTAL BRANCO Tipo: CRISTAL,17011400,6101,2475.0,121275.0,14553.0,,,0.0,,0.0,,Anexo I,false,27.5,1.0,0.0,0.0
51251033664228000135550020001611131629857772,2025-10-03 18:10:00.000000 UTC,Saída,RO,FRIRON COM. DISTR. E REPR. DE FRIOS RO LTDA,451654,ACUCAR CRISTAL 10X2 20KG Especificacao de Qualidade - Classe: CRISTAL BRANCO Tipo: CRISTAL,17011400,6101,1300.0,61178.0,7341.36,,,0.0,,0.0,,Anexo I,false,27.5,1.0,0.0,0.0
51250333664228000135550020001529591074476694,2025-03-04 19:32:00.000000 UTC,Saída,MT,SERVE BEM LTDA,451654,ACUCAR CRISTAL 10X2 20KG Especificacao de Qualidade - Classe: CRISTAL BRANCO Tipo: CRISTAL,17011400,5401,320.0,19520.41,2342.45,578.79,,0.0,,0.0,,Anexo I,false,27.5,1.0,0.0,0.0
51250333664228000135550020001529601324007123,2025-03-04 19:35:00.000000 UTC,Saída,MT,IVONE APARECIDA SANSAO PEREIRA,451654,ACUCAR CRISTAL 10X2 20KG Especificacao de Qualidade - Classe: CRISTAL BRANCO Tipo: CRISTAL,17011400,5401,3.0,167.07,20.05,4.95,,0.0,,0.0,,Anexo I,false,27.5,1.0,0.0,0.0
51251233664228000135550020001639821545061281,2025-12-09 14:33:00.000000 UTC,Saída,AC,L & G ALIMENTOS DO BRASIL LTDA,451654,ACUCAR CRISTAL 10X2 20KG Especificacao de Qualidade - Classe: CRISTAL BRANCO Tipo: CRISTAL,17011400,6101,100.0,5125.0,615.0,,,0.0,,0.0,,Anexo I,false,27.5,1.0,0.0,0.0